[0m00:53:17.667195 [debug] [MainThread]: Sending event: {'category': 'dbt', 'action': 'invocation', 'label': 'start', 'context': [<snowplow_tracker.self_describing_json.SelfDescribingJson object at 0x000001C7C8903980>, <snowplow_tracker.self_describing_json.SelfDescribingJson object at 0x000001C7CBFBED80>, <snowplow_tracker.self_describing_json.SelfDescribingJson object at 0x000001C7CBFBEC30>]}


============================== 00:53:17.672245 | 7a7dedc8-a67a-4487-b461-54b94ead9a99 ==============================
[0m00:53:17.672245 [info ] [MainThread]: Running with dbt=1.11.11
[0m00:53:17.672245 [debug] [MainThread]: running dbt with arguments {'version_check': 'True', 'no_print': 'None', 'static_parser': 'True', 'warn_error_options': 'WarnErrorOptionsV2(error=[], warn=[], silence=[])', 'target_path': 'None', 'printer_width': '80', 'write_json': 'True', 'introspect': 'True', 'log_cache_events': 'False', 'empty': 'None', 'cache_selected_only': 'False', 'fail_fast': 'False', 'debug': 'False', 'log_format': 'default', 'profiles_dir': 'C:\\Users\\61452\\.dbt', 'send_anonymous_usage_stats': 'True', 'quiet': 'False', 'warn_error': 'None', 'partial_parse': 'True', 'use_colors': 'True', 'indirect_selection': 'eager', 'invocation_command': 'dbt ', 'use_experimental_parser': 'False', 'log_path': 'f:\\Projects\\Data Engg Project\\Data Engg Project on Emails - OC\\new attempt\\email_project\\logs'}
[0m00:53:17.799132 [debug] [MainThread]: Sending event: {'category': 'dbt', 'action': 'project_id', 'label': '7a7dedc8-a67a-4487-b461-54b94ead9a99', 'context': [<snowplow_tracker.self_describing_json.SelfDescribingJson object at 0x000001C7CC075DC0>]}
[0m00:53:17.822513 [info ] [MainThread]: Warning: No packages were found in packages.yml
[0m00:53:17.823510 [info ] [MainThread]: Warning: No packages were found in packages.yml
[0m00:53:17.824499 [debug] [MainThread]: Command `cli deps` succeeded at 00:53:17.824499 after 0.30 seconds
[0m00:53:17.824499 [debug] [MainThread]: Sending event: {'category': 'dbt', 'action': 'invocation', 'label': 'end', 'context': [<snowplow_tracker.self_describing_json.SelfDescribingJson object at 0x000001C7CB2B48F0>, <snowplow_tracker.self_describing_json.SelfDescribingJson object at 0x000001C7C94E6FC0>, <snowplow_tracker.self_describing_json.SelfDescribingJson object at 0x000001C7CD78FCE0>]}
[0m00:53:17.825510 [debug] [MainThread]: Flushing usage events
[0m00:53:19.051238 [debug] [MainThread]: An error was encountered while trying to flush usage events
[0m18:27:46.130682 [debug] [MainThread]: Sending event: {'category': 'dbt', 'action': 'invocation', 'label': 'start', 'context': [<snowplow_tracker.self_describing_json.SelfDescribingJson object at 0x000001B11A414320>, <snowplow_tracker.self_describing_json.SelfDescribingJson object at 0x000001B11A414770>, <snowplow_tracker.self_describing_json.SelfDescribingJson object at 0x000001B11A414590>]}


============================== 18:27:46.135006 | 057d1468-5570-4894-a12b-feb96baef27f ==============================
[0m18:27:46.135006 [info ] [MainThread]: Running with dbt=1.11.11
[0m18:27:46.136007 [debug] [MainThread]: running dbt with arguments {'version_check': 'True', 'no_print': 'None', 'static_parser': 'True', 'warn_error_options': 'WarnErrorOptionsV2(error=[], warn=[], silence=[])', 'target_path': 'None', 'printer_width': '80', 'write_json': 'True', 'introspect': 'True', 'log_cache_events': 'False', 'empty': 'None', 'cache_selected_only': 'False', 'log_format': 'default', 'debug': 'False', 'fail_fast': 'False', 'profiles_dir': 'C:\\Users\\61452\\.dbt', 'send_anonymous_usage_stats': 'True', 'quiet': 'False', 'warn_error': 'None', 'partial_parse': 'True', 'indirect_selection': 'eager', 'invocation_command': 'dbt ', 'use_colors': 'True', 'use_experimental_parser': 'False', 'log_path': 'f:\\Projects\\Data Engg Project\\Data Engg Project on Emails - OC\\new attempt\\email_project\\logs'}
[0m18:27:46.302469 [debug] [MainThread]: Sending event: {'category': 'dbt', 'action': 'project_id', 'label': '057d1468-5570-4894-a12b-feb96baef27f', 'context': [<snowplow_tracker.self_describing_json.SelfDescribingJson object at 0x000001B11A43EDE0>]}
[0m18:27:46.329038 [info ] [MainThread]: Warning: No packages were found in packages.yml
[0m18:27:46.331021 [info ] [MainThread]: Warning: No packages were found in packages.yml
[0m18:27:46.332022 [debug] [MainThread]: Command `cli deps` succeeded at 18:27:46.332022 after 0.36 seconds
[0m18:27:46.333045 [debug] [MainThread]: Sending event: {'category': 'dbt', 'action': 'invocation', 'label': 'end', 'context': [<snowplow_tracker.self_describing_json.SelfDescribingJson object at 0x000001B11B5E6090>, <snowplow_tracker.self_describing_json.SelfDescribingJson object at 0x000001B1139BAE40>, <snowplow_tracker.self_describing_json.SelfDescribingJson object at 0x000001B1139BAF00>]}
[0m18:27:46.333045 [debug] [MainThread]: Flushing usage events
[0m18:27:47.508602 [debug] [MainThread]: An error was encountered while trying to flush usage events
[0m18:28:29.031282 [debug] [MainThread]: Sending event: {'category': 'dbt', 'action': 'invocation', 'label': 'start', 'context': [<snowplow_tracker.self_describing_json.SelfDescribingJson object at 0x00000151BCF34AD0>, <snowplow_tracker.self_describing_json.SelfDescribingJson object at 0x00000151B9246FF0>, <snowplow_tracker.self_describing_json.SelfDescribingJson object at 0x00000151BCDE0E30>]}


============================== 18:28:29.035288 | 4ec2a41e-8175-486b-ab54-80ed0223696d ==============================
[0m18:28:29.035288 [info ] [MainThread]: Running with dbt=1.11.11
[0m18:28:29.036286 [debug] [MainThread]: running dbt with arguments {'version_check': 'True', 'no_print': 'None', 'static_parser': 'True', 'target_path': 'None', 'warn_error_options': 'WarnErrorOptionsV2(error=[], warn=[], silence=[])', 'printer_width': '80', 'write_json': 'True', 'empty': 'None', 'log_cache_events': 'False', 'introspect': 'True', 'cache_selected_only': 'False', 'log_format': 'default', 'debug': 'False', 'fail_fast': 'False', 'partial_parse': 'True', 'send_anonymous_usage_stats': 'True', 'quiet': 'False', 'warn_error': 'None', 'profiles_dir': 'C:\\Users\\61452\\.dbt', 'indirect_selection': 'eager', 'invocation_command': 'dbt debug', 'use_colors': 'True', 'use_experimental_parser': 'False', 'log_path': 'F:\\Projects\\Data Engg Project\\Data Engg Project on Emails - OC\\new attempt\\email_project\\logs'}
[0m18:28:29.049282 [info ] [MainThread]: dbt version: 1.11.11
[0m18:28:29.050286 [info ] [MainThread]: python version: 3.12.0b4
[0m18:28:29.051285 [info ] [MainThread]: python path: F:\Projects\Data Engg Project\Data Engg Project on Emails - OC\new attempt\.venv\Scripts\python.exe
[0m18:28:29.052285 [info ] [MainThread]: os info: Windows-11-10.0.26200-SP0
[0m18:28:29.431233 [debug] [MainThread]: Snowflake adapter: Setting snowflake.connector to ERROR (file logging only)
[0m18:28:29.432233 [debug] [MainThread]: Snowflake adapter: Setting botocore to ERROR (file logging only)
[0m18:28:29.432233 [debug] [MainThread]: Snowflake adapter: Setting boto3 to ERROR (file logging only)
[0m18:28:29.491890 [info ] [MainThread]: Using profiles dir at C:\Users\61452\.dbt
[0m18:28:29.491890 [info ] [MainThread]: Using profiles.yml file at C:\Users\61452\.dbt\profiles.yml
[0m18:28:29.492908 [info ] [MainThread]: Using dbt_project.yml file at F:\Projects\Data Engg Project\Data Engg Project on Emails - OC\new attempt\email_project\dbt_project.yml
[0m18:28:29.493929 [info ] [MainThread]: adapter type: snowflake
[0m18:28:29.493929 [info ] [MainThread]: adapter version: 1.11.6
[0m18:28:29.593324 [info ] [MainThread]: Configuration:
[0m18:28:29.594314 [info ] [MainThread]:   profiles.yml file [[32mOK found and valid[0m]
[0m18:28:29.594314 [info ] [MainThread]:   dbt_project.yml file [[32mOK found and valid[0m]
[0m18:28:29.595557 [info ] [MainThread]: Required dependencies:
[0m18:28:29.596546 [debug] [MainThread]: Executing "git --help"
[0m18:28:29.647009 [debug] [MainThread]: STDOUT: "b"usage: git [-v | --version] [-h | --help] [-C <path>] [-c <name>=<value>]\n           [--exec-path[=<path>]] [--html-path] [--man-path] [--info-path]\n           [-p | --paginate | -P | --no-pager] [--no-replace-objects] [--no-lazy-fetch]\n           [--no-optional-locks] [--no-advice] [--bare] [--git-dir=<path>]\n           [--work-tree=<path>] [--namespace=<name>] [--config-env=<name>=<envvar>]\n           <command> [<args>]\n\nThese are common Git commands used in various situations:\n\nstart a working area (see also: git help tutorial)\n   clone      Clone a repository into a new directory\n   init       Create an empty Git repository or reinitialize an existing one\n\nwork on the current change (see also: git help everyday)\n   add        Add file contents to the index\n   mv         Move or rename a file, a directory, or a symlink\n   restore    Restore working tree files\n   rm         Remove files from the working tree and from the index\n\nexamine the history and state (see also: git help revisions)\n   bisect     Use binary search to find the commit that introduced a bug\n   diff       Show changes between commits, commit and working tree, etc\n   grep       Print lines matching a pattern\n   log        Show commit logs\n   show       Show various types of objects\n   status     Show the working tree status\n\ngrow, mark and tweak your common history\n   backfill   Download missing objects in a partial clone\n   branch     List, create, or delete branches\n   commit     Record changes to the repository\n   merge      Join two or more development histories together\n   rebase     Reapply commits on top of another base tip\n   reset      Reset current HEAD to the specified state\n   switch     Switch branches\n   tag        Create, list, delete or verify a tag object signed with GPG\n\ncollaborate (see also: git help workflows)\n   fetch      Download objects and refs from another repository\n   pull       Fetch from and integrate with another repository or a local branch\n   push       Update remote refs along with associated objects\n\n'git help -a' and 'git help -g' list available subcommands and some\nconcept guides. See 'git help <command>' or 'git help <concept>'\nto read about a specific subcommand or concept.\nSee 'git help git' for an overview of the system.\n""
[0m18:28:29.648016 [debug] [MainThread]: STDERR: "b''"
[0m18:28:29.648016 [info ] [MainThread]:  - git [[32mOK found[0m]

[0m18:28:29.649027 [info ] [MainThread]: Connection:
[0m18:28:29.650027 [info ] [MainThread]:   account: EPGINPV-TJ00092
[0m18:28:29.650027 [info ] [MainThread]:   user: TAHMISLAM
[0m18:28:29.651017 [info ] [MainThread]:   database: RAW
[0m18:28:29.651017 [info ] [MainThread]:   warehouse: TRANSFORMING
[0m18:28:29.652007 [info ] [MainThread]:   role: ACCOUNTADMIN
[0m18:28:29.652007 [info ] [MainThread]:   schema: PUBLIC
[0m18:28:29.653012 [info ] [MainThread]:   authenticator: None
[0m18:28:29.653012 [info ] [MainThread]:   oauth_client_id: None
[0m18:28:29.654023 [info ] [MainThread]:   query_tag: None
[0m18:28:29.655020 [info ] [MainThread]:   client_session_keep_alive: False
[0m18:28:29.655020 [info ] [MainThread]:   host: None
[0m18:28:29.656016 [info ] [MainThread]:   port: None
[0m18:28:29.657016 [info ] [MainThread]:   proxy_host: None
[0m18:28:29.657016 [info ] [MainThread]:   proxy_port: None
[0m18:28:29.658009 [info ] [MainThread]:   protocol: None
[0m18:28:29.658009 [info ] [MainThread]:   connect_retries: 1
[0m18:28:29.659015 [info ] [MainThread]:   connect_timeout: None
[0m18:28:29.659015 [info ] [MainThread]:   retry_on_database_errors: False
[0m18:28:29.660017 [info ] [MainThread]:   retry_all: False
[0m18:28:29.661016 [info ] [MainThread]:   insecure_mode: False
[0m18:28:29.661016 [info ] [MainThread]:   reuse_connections: True
[0m18:28:29.662027 [info ] [MainThread]:   s3_stage_vpce_dns_name: None
[0m18:28:29.662027 [info ] [MainThread]:   platform_detection_timeout_seconds: 0.0
[0m18:28:29.663016 [info ] [MainThread]: Registered adapter: snowflake=1.11.6
[0m18:28:29.926215 [debug] [MainThread]: Acquiring new snowflake connection 'debug'
[0m18:28:29.978418 [debug] [MainThread]: Using snowflake connection "debug"
[0m18:28:29.978418 [debug] [MainThread]: On debug: select 1 as id
[0m18:28:29.979425 [debug] [MainThread]: Opening a new connection, currently in state init
[0m18:28:31.507265 [debug] [MainThread]: SQL status: SUCCESS 1 in 1.528 seconds
[0m18:28:31.508380 [info ] [MainThread]:   Connection test: [[32mOK connection ok[0m]

[0m18:28:31.509266 [info ] [MainThread]: [32mAll checks passed![0m
[0m18:28:31.510275 [debug] [MainThread]: Command `dbt debug` succeeded at 18:28:31.510275 after 2.61 seconds
[0m18:28:31.510275 [debug] [MainThread]: Connection 'debug' was left open.
[0m18:28:31.511284 [debug] [MainThread]: On debug: Close
[0m18:28:31.685343 [debug] [MainThread]: Sending event: {'category': 'dbt', 'action': 'invocation', 'label': 'end', 'context': [<snowplow_tracker.self_describing_json.SelfDescribingJson object at 0x00000151BCB8E240>, <snowplow_tracker.self_describing_json.SelfDescribingJson object at 0x00000151BFA1C920>, <snowplow_tracker.self_describing_json.SelfDescribingJson object at 0x00000151BFA1C5F0>]}
[0m18:28:31.686364 [debug] [MainThread]: Flushing usage events
[0m18:28:32.850772 [debug] [MainThread]: An error was encountered while trying to flush usage events
[0m18:28:37.396587 [debug] [MainThread]: Sending event: {'category': 'dbt', 'action': 'invocation', 'label': 'start', 'context': [<snowplow_tracker.self_describing_json.SelfDescribingJson object at 0x0000020808FFF050>, <snowplow_tracker.self_describing_json.SelfDescribingJson object at 0x00000208064C7200>, <snowplow_tracker.self_describing_json.SelfDescribingJson object at 0x0000020809599EB0>]}


============================== 18:28:37.400598 | 10a579d1-1bae-4a11-84ad-87d17a81142b ==============================
[0m18:28:37.400598 [info ] [MainThread]: Running with dbt=1.11.11
[0m18:28:37.401592 [debug] [MainThread]: running dbt with arguments {'version_check': 'True', 'no_print': 'None', 'static_parser': 'True', 'target_path': 'None', 'warn_error_options': 'WarnErrorOptionsV2(error=[], warn=[], silence=[])', 'printer_width': '80', 'write_json': 'True', 'introspect': 'True', 'log_cache_events': 'False', 'empty': 'False', 'cache_selected_only': 'False', 'log_format': 'default', 'debug': 'False', 'fail_fast': 'False', 'partial_parse': 'True', 'send_anonymous_usage_stats': 'True', 'quiet': 'False', 'warn_error': 'None', 'profiles_dir': 'C:\\Users\\61452\\.dbt', 'indirect_selection': 'eager', 'use_colors': 'True', 'invocation_command': 'dbt run', 'use_experimental_parser': 'False', 'log_path': 'F:\\Projects\\Data Engg Project\\Data Engg Project on Emails - OC\\new attempt\\email_project\\logs'}
[0m18:28:37.777791 [debug] [MainThread]: Snowflake adapter: Setting snowflake.connector to ERROR (file logging only)
[0m18:28:37.777791 [debug] [MainThread]: Snowflake adapter: Setting botocore to ERROR (file logging only)
[0m18:28:37.777791 [debug] [MainThread]: Snowflake adapter: Setting boto3 to ERROR (file logging only)
[0m18:28:37.954659 [debug] [MainThread]: Sending event: {'category': 'dbt', 'action': 'project_id', 'label': '10a579d1-1bae-4a11-84ad-87d17a81142b', 'context': [<snowplow_tracker.self_describing_json.SelfDescribingJson object at 0x00000208094CAB70>]}
[0m18:28:38.012840 [debug] [MainThread]: Sending event: {'category': 'dbt', 'action': 'adapter_info', 'label': '10a579d1-1bae-4a11-84ad-87d17a81142b', 'context': [<snowplow_tracker.self_describing_json.SelfDescribingJson object at 0x000002080C6C91C0>]}
[0m18:28:38.013845 [info ] [MainThread]: Registered adapter: snowflake=1.11.6
[0m18:28:38.292173 [debug] [MainThread]: checksum: 30a8cc8fdcbf66701b0944d4ccce3fa46dd04b61e5df68b9f16d57b2e0e3f0be, vars: {}, profile: , target: , version: 1.11.11
[0m18:28:38.412946 [debug] [MainThread]: Partial parsing enabled: 0 files deleted, 0 files added, 0 files changed.
[0m18:28:38.412946 [debug] [MainThread]: Nothing changed, skipping partial parsing.
[0m18:28:38.412946 [debug] [MainThread]: Partial parsing enabled, no changes found, skipping parsing
[0m18:28:38.448481 [debug] [MainThread]: Sending event: {'category': 'dbt', 'action': 'load_project', 'label': '10a579d1-1bae-4a11-84ad-87d17a81142b', 'context': [<snowplow_tracker.self_describing_json.SelfDescribingJson object at 0x000002080C8E94C0>]}
[0m18:28:38.528524 [debug] [MainThread]: Wrote artifact WritableManifest to F:\Projects\Data Engg Project\Data Engg Project on Emails - OC\new attempt\email_project\target\manifest.json
[0m18:28:38.531535 [debug] [MainThread]: Wrote artifact SemanticManifest to F:\Projects\Data Engg Project\Data Engg Project on Emails - OC\new attempt\email_project\target\semantic_manifest.json
[0m18:28:38.542522 [debug] [MainThread]: Sending event: {'category': 'dbt', 'action': 'resource_counts', 'label': '10a579d1-1bae-4a11-84ad-87d17a81142b', 'context': [<snowplow_tracker.self_describing_json.SelfDescribingJson object at 0x000002080CAEAEA0>]}
[0m18:28:38.542522 [info ] [MainThread]: Found 3 models, 4 data tests, 537 macros
[0m18:28:38.543533 [debug] [MainThread]: Sending event: {'category': 'dbt', 'action': 'runnable_timing', 'label': '10a579d1-1bae-4a11-84ad-87d17a81142b', 'context': [<snowplow_tracker.self_describing_json.SelfDescribingJson object at 0x000002080CCFE810>]}
[0m18:28:38.545733 [info ] [MainThread]: 
[0m18:28:38.546721 [info ] [MainThread]: Concurrency: 1 threads (target='dev')
[0m18:28:38.547727 [info ] [MainThread]: 
[0m18:28:38.547727 [debug] [MainThread]: Acquiring new snowflake connection 'master'
[0m18:28:38.560391 [debug] [ThreadPool]: Acquiring new snowflake connection 'list_RAW'
[0m18:28:38.629602 [debug] [ThreadPool]: Using snowflake connection "list_RAW"
[0m18:28:38.629602 [debug] [ThreadPool]: On list_RAW: show terse schemas in database RAW
    limit 10000
/* {"app": "dbt", "dbt_version": "1.11.11", "profile_name": "email_project", "target_name": "dev", "connection_name": "list_RAW"} */
[0m18:28:38.630590 [debug] [ThreadPool]: Opening a new connection, currently in state init
[0m18:28:40.919076 [debug] [ThreadPool]: SQL status: SUCCESS 5 in 2.288 seconds
[0m18:28:40.922264 [debug] [ThreadPool]: Acquiring new snowflake connection 'list_RAW_PUBLIC'
[0m18:28:40.934294 [debug] [ThreadPool]: Using snowflake connection "list_RAW_PUBLIC"
[0m18:28:40.935496 [debug] [ThreadPool]: On list_RAW_PUBLIC: show objects in RAW.PUBLIC
    limit 10000
    

/* {"app": "dbt", "dbt_version": "1.11.11", "profile_name": "email_project", "target_name": "dev", "connection_name": "list_RAW_PUBLIC"} */;
[0m18:28:40.935496 [debug] [ThreadPool]: Opening a new connection, currently in state init
[0m18:28:42.991343 [debug] [ThreadPool]: SQL status: SUCCESS 0 in 2.056 seconds
[0m18:28:42.993348 [debug] [MainThread]: Sending event: {'category': 'dbt', 'action': 'runnable_timing', 'label': '10a579d1-1bae-4a11-84ad-87d17a81142b', 'context': [<snowplow_tracker.self_describing_json.SelfDescribingJson object at 0x0000020806E8F680>]}
[0m18:28:43.007692 [debug] [Thread-2 (]: Began running node model.email_project.my_first_dbt_model
[0m18:28:43.008692 [info ] [Thread-2 (]: 1 of 3 START sql table model PUBLIC.my_first_dbt_model ......................... [RUN]
[0m18:28:43.008692 [debug] [Thread-2 (]: Acquiring new snowflake connection 'model.email_project.my_first_dbt_model'
[0m18:28:43.009960 [debug] [Thread-2 (]: Began compiling node model.email_project.my_first_dbt_model
[0m18:28:43.016959 [debug] [Thread-2 (]: Writing injected SQL for node "model.email_project.my_first_dbt_model"
[0m18:28:43.018964 [debug] [Thread-2 (]: Began executing node model.email_project.my_first_dbt_model
[0m18:28:43.051462 [debug] [Thread-2 (]: Writing runtime sql for node "model.email_project.my_first_dbt_model"
[0m18:28:43.054447 [debug] [Thread-2 (]: Using snowflake connection "model.email_project.my_first_dbt_model"
[0m18:28:43.054447 [debug] [Thread-2 (]: On model.email_project.my_first_dbt_model: create or replace transient table RAW.PUBLIC.my_first_dbt_model
    
    
    
    as (/*
    Welcome to your first dbt model!
    Did you know that you can also configure models directly within SQL files?
    This will override configurations stated in dbt_project.yml

    Try changing "table" to "view" below
*/



with source_data as (

    select 1 as id
    union all
    select null as id

)

select *
from source_data

/*
    Uncomment the line below to remove records with null `id` values
*/

-- where id is not null
    )

/* {"app": "dbt", "dbt_version": "1.11.11", "profile_name": "email_project", "target_name": "dev", "node_id": "model.email_project.my_first_dbt_model"} */;
[0m18:28:43.055446 [debug] [Thread-2 (]: Opening a new connection, currently in state init
[0m18:28:45.943651 [debug] [Thread-2 (]: SQL status: SUCCESS 2 in 2.888 seconds
[0m18:28:45.966800 [debug] [Thread-2 (]: Sending event: {'category': 'dbt', 'action': 'run_model', 'label': '10a579d1-1bae-4a11-84ad-87d17a81142b', 'context': [<snowplow_tracker.self_describing_json.SelfDescribingJson object at 0x000002080A3DE030>]}
[0m18:28:45.966800 [info ] [Thread-2 (]: 1 of 3 OK created sql table model PUBLIC.my_first_dbt_model .................... [[32mSUCCESS 2[0m in 2.96s]
[0m18:28:45.968315 [debug] [Thread-2 (]: Finished running node model.email_project.my_first_dbt_model
[0m18:28:45.969324 [debug] [Thread-2 (]: Began running node model.email_project.test_model
[0m18:28:45.970516 [info ] [Thread-2 (]: 2 of 3 START sql view model PUBLIC.test_model .................................. [RUN]
[0m18:28:45.971509 [debug] [Thread-2 (]: Re-using an available connection from the pool (formerly model.email_project.my_first_dbt_model, now model.email_project.test_model)
[0m18:28:45.971509 [debug] [Thread-2 (]: Began compiling node model.email_project.test_model
[0m18:28:46.032033 [debug] [Thread-2 (]: Compilation Error in model test_model (models\example\test_model.sql)
  'raw' is undefined. This can happen when calling a macro that does not exist. Check for typos and/or install package dependencies with "dbt deps".
[0m18:28:46.032033 [debug] [Thread-2 (]: Sending event: {'category': 'dbt', 'action': 'run_model', 'label': '10a579d1-1bae-4a11-84ad-87d17a81142b', 'context': [<snowplow_tracker.self_describing_json.SelfDescribingJson object at 0x000002080D367590>]}
[0m18:28:46.033033 [error] [Thread-2 (]: 2 of 3 ERROR creating sql view model PUBLIC.test_model ......................... [[31mERROR[0m in 0.06s]
[0m18:28:46.034034 [debug] [Thread-2 (]: Finished running node model.email_project.test_model
[0m18:28:46.035030 [debug] [Thread-2 (]: Began running node model.email_project.my_second_dbt_model
[0m18:28:46.035030 [debug] [Thread-5 (]: Marking all children of 'model.email_project.test_model' to be skipped because of status 'error'.  Reason: Compilation Error in model test_model (models\example\test_model.sql)
  'raw' is undefined. This can happen when calling a macro that does not exist. Check for typos and/or install package dependencies with "dbt deps"..
[0m18:28:46.036185 [info ] [Thread-2 (]: 3 of 3 START sql view model PUBLIC.my_second_dbt_model ......................... [RUN]
[0m18:28:46.038183 [debug] [Thread-2 (]: Re-using an available connection from the pool (formerly model.email_project.test_model, now model.email_project.my_second_dbt_model)
[0m18:28:46.039184 [debug] [Thread-2 (]: Began compiling node model.email_project.my_second_dbt_model
[0m18:28:46.042186 [debug] [Thread-2 (]: Writing injected SQL for node "model.email_project.my_second_dbt_model"
[0m18:28:46.043187 [debug] [Thread-2 (]: Began executing node model.email_project.my_second_dbt_model
[0m18:28:46.068329 [debug] [Thread-2 (]: Writing runtime sql for node "model.email_project.my_second_dbt_model"
[0m18:28:46.069538 [debug] [Thread-2 (]: Using snowflake connection "model.email_project.my_second_dbt_model"
[0m18:28:46.070541 [debug] [Thread-2 (]: On model.email_project.my_second_dbt_model: create or replace   view RAW.PUBLIC.my_second_dbt_model
  
  
  
  
  as (
    -- Use the `ref` function to select from other models

select *
from RAW.PUBLIC.my_first_dbt_model
where id = 1
  )
/* {"app": "dbt", "dbt_version": "1.11.11", "profile_name": "email_project", "target_name": "dev", "node_id": "model.email_project.my_second_dbt_model"} */;
[0m18:28:46.465354 [debug] [Thread-2 (]: SQL status: SUCCESS 1 in 0.394 seconds
[0m18:28:46.467352 [debug] [Thread-2 (]: Sending event: {'category': 'dbt', 'action': 'run_model', 'label': '10a579d1-1bae-4a11-84ad-87d17a81142b', 'context': [<snowplow_tracker.self_describing_json.SelfDescribingJson object at 0x000002080D368710>]}
[0m18:28:46.469169 [info ] [Thread-2 (]: 3 of 3 OK created sql view model PUBLIC.my_second_dbt_model .................... [[32mSUCCESS 1[0m in 0.43s]
[0m18:28:46.470268 [debug] [Thread-2 (]: Finished running node model.email_project.my_second_dbt_model
[0m18:28:46.472268 [debug] [MainThread]: Connection 'master' was properly closed.
[0m18:28:46.472268 [debug] [MainThread]: Connection 'list_RAW' was left open.
[0m18:28:46.473273 [debug] [MainThread]: On list_RAW: Close
[0m18:28:46.907459 [debug] [MainThread]: Connection 'list_RAW_PUBLIC' was left open.
[0m18:28:46.908448 [debug] [MainThread]: On list_RAW_PUBLIC: Close
[0m18:28:47.075192 [debug] [MainThread]: Connection 'model.email_project.my_second_dbt_model' was left open.
[0m18:28:47.075192 [debug] [MainThread]: On model.email_project.my_second_dbt_model: Close
[0m18:28:47.227874 [info ] [MainThread]: 
[0m18:28:47.228889 [info ] [MainThread]: Finished running 1 table model, 2 view models in 0 hours 0 minutes and 8.68 seconds (8.68s).
[0m18:28:47.229881 [debug] [MainThread]: Command end result
[0m18:28:47.260628 [debug] [MainThread]: Wrote artifact WritableManifest to F:\Projects\Data Engg Project\Data Engg Project on Emails - OC\new attempt\email_project\target\manifest.json
[0m18:28:47.264625 [debug] [MainThread]: Wrote artifact SemanticManifest to F:\Projects\Data Engg Project\Data Engg Project on Emails - OC\new attempt\email_project\target\semantic_manifest.json
[0m18:28:47.271169 [debug] [MainThread]: Wrote artifact RunExecutionResult to F:\Projects\Data Engg Project\Data Engg Project on Emails - OC\new attempt\email_project\target\run_results.json
[0m18:28:47.272164 [info ] [MainThread]: 
[0m18:28:47.273170 [info ] [MainThread]: [31mCompleted with 1 error, 0 partial successes, and 0 warnings:[0m
[0m18:28:47.274167 [info ] [MainThread]: 
[0m18:28:47.275163 [error] [MainThread]: [31mFailure in model test_model (models\example\test_model.sql)[0m
[0m18:28:47.276196 [error] [MainThread]:   Compilation Error in model test_model (models\example\test_model.sql)
  'raw' is undefined. This can happen when calling a macro that does not exist. Check for typos and/or install package dependencies with "dbt deps".
[0m18:28:47.277175 [info ] [MainThread]: 
[0m18:28:47.278164 [info ] [MainThread]: Done. PASS=2 WARN=0 ERROR=1 SKIP=0 NO-OP=0 TOTAL=3
[0m18:28:47.279167 [debug] [MainThread]: Command `dbt run` failed at 18:28:47.279167 after 10.02 seconds
[0m18:28:47.280325 [debug] [MainThread]: Sending event: {'category': 'dbt', 'action': 'invocation', 'label': 'end', 'context': [<snowplow_tracker.self_describing_json.SelfDescribingJson object at 0x0000020809599EB0>, <snowplow_tracker.self_describing_json.SelfDescribingJson object at 0x0000020809B4B890>, <snowplow_tracker.self_describing_json.SelfDescribingJson object at 0x0000020809B4B9B0>]}
[0m18:28:47.281161 [debug] [MainThread]: Flushing usage events
[0m18:28:48.520762 [debug] [MainThread]: An error was encountered while trying to flush usage events
[0m18:30:27.365351 [debug] [MainThread]: Sending event: {'category': 'dbt', 'action': 'invocation', 'label': 'start', 'context': [<snowplow_tracker.self_describing_json.SelfDescribingJson object at 0x0000024B7F83F530>, <snowplow_tracker.self_describing_json.SelfDescribingJson object at 0x0000024B7F37C7D0>, <snowplow_tracker.self_describing_json.SelfDescribingJson object at 0x0000024B7FD0EED0>]}


============================== 18:30:27.369683 | ee1983d1-3f33-4bc4-bb5a-2f9e0eb184d3 ==============================
[0m18:30:27.369683 [info ] [MainThread]: Running with dbt=1.11.11
[0m18:30:27.370672 [debug] [MainThread]: running dbt with arguments {'version_check': 'True', 'no_print': 'None', 'static_parser': 'True', 'target_path': 'None', 'warn_error_options': 'WarnErrorOptionsV2(error=[], warn=[], silence=[])', 'printer_width': '80', 'write_json': 'True', 'introspect': 'True', 'log_cache_events': 'False', 'empty': 'False', 'cache_selected_only': 'False', 'log_format': 'default', 'debug': 'False', 'fail_fast': 'False', 'partial_parse': 'True', 'send_anonymous_usage_stats': 'True', 'quiet': 'False', 'warn_error': 'None', 'profiles_dir': 'C:\\Users\\61452\\.dbt', 'invocation_command': 'dbt run', 'indirect_selection': 'eager', 'use_colors': 'True', 'use_experimental_parser': 'False', 'log_path': 'F:\\Projects\\Data Engg Project\\Data Engg Project on Emails - OC\\new attempt\\email_project\\logs'}
[0m18:30:27.739258 [debug] [MainThread]: Snowflake adapter: Setting snowflake.connector to ERROR (file logging only)
[0m18:30:27.740255 [debug] [MainThread]: Snowflake adapter: Setting botocore to ERROR (file logging only)
[0m18:30:27.740255 [debug] [MainThread]: Snowflake adapter: Setting boto3 to ERROR (file logging only)
[0m18:30:27.918148 [debug] [MainThread]: Sending event: {'category': 'dbt', 'action': 'project_id', 'label': 'ee1983d1-3f33-4bc4-bb5a-2f9e0eb184d3', 'context': [<snowplow_tracker.self_describing_json.SelfDescribingJson object at 0x0000024B02C890D0>]}
[0m18:30:27.977540 [debug] [MainThread]: Sending event: {'category': 'dbt', 'action': 'adapter_info', 'label': 'ee1983d1-3f33-4bc4-bb5a-2f9e0eb184d3', 'context': [<snowplow_tracker.self_describing_json.SelfDescribingJson object at 0x0000024B02B91010>]}
[0m18:30:27.978540 [info ] [MainThread]: Registered adapter: snowflake=1.11.6
[0m18:30:28.264623 [debug] [MainThread]: checksum: 30a8cc8fdcbf66701b0944d4ccce3fa46dd04b61e5df68b9f16d57b2e0e3f0be, vars: {}, profile: , target: , version: 1.11.11
[0m18:30:28.387185 [debug] [MainThread]: Partial parsing enabled: 0 files deleted, 0 files added, 0 files changed.
[0m18:30:28.388173 [debug] [MainThread]: Nothing changed, skipping partial parsing.
[0m18:30:28.388173 [debug] [MainThread]: Partial parsing enabled, no changes found, skipping parsing
[0m18:30:28.423634 [debug] [MainThread]: Sending event: {'category': 'dbt', 'action': 'load_project', 'label': 'ee1983d1-3f33-4bc4-bb5a-2f9e0eb184d3', 'context': [<snowplow_tracker.self_describing_json.SelfDescribingJson object at 0x0000024B02D3F170>]}
[0m18:30:28.500626 [debug] [MainThread]: Wrote artifact WritableManifest to F:\Projects\Data Engg Project\Data Engg Project on Emails - OC\new attempt\email_project\target\manifest.json
[0m18:30:28.502628 [debug] [MainThread]: Wrote artifact SemanticManifest to F:\Projects\Data Engg Project\Data Engg Project on Emails - OC\new attempt\email_project\target\semantic_manifest.json
[0m18:30:28.513853 [debug] [MainThread]: Sending event: {'category': 'dbt', 'action': 'resource_counts', 'label': 'ee1983d1-3f33-4bc4-bb5a-2f9e0eb184d3', 'context': [<snowplow_tracker.self_describing_json.SelfDescribingJson object at 0x0000024B02FBACF0>]}
[0m18:30:28.513853 [info ] [MainThread]: Found 3 models, 4 data tests, 537 macros
[0m18:30:28.514882 [debug] [MainThread]: Sending event: {'category': 'dbt', 'action': 'runnable_timing', 'label': 'ee1983d1-3f33-4bc4-bb5a-2f9e0eb184d3', 'context': [<snowplow_tracker.self_describing_json.SelfDescribingJson object at 0x0000024B031CC1D0>]}
[0m18:30:28.516872 [info ] [MainThread]: 
[0m18:30:28.517861 [info ] [MainThread]: Concurrency: 1 threads (target='dev')
[0m18:30:28.518869 [info ] [MainThread]: 
[0m18:30:28.518869 [debug] [MainThread]: Acquiring new snowflake connection 'master'
[0m18:30:28.523096 [debug] [ThreadPool]: Acquiring new snowflake connection 'list_RAW'
[0m18:30:28.592349 [debug] [ThreadPool]: Using snowflake connection "list_RAW"
[0m18:30:28.593349 [debug] [ThreadPool]: On list_RAW: show terse schemas in database RAW
    limit 10000
/* {"app": "dbt", "dbt_version": "1.11.11", "profile_name": "email_project", "target_name": "dev", "connection_name": "list_RAW"} */
[0m18:30:28.593349 [debug] [ThreadPool]: Opening a new connection, currently in state init
[0m18:30:30.075784 [debug] [ThreadPool]: SQL status: SUCCESS 5 in 1.482 seconds
[0m18:30:30.078792 [debug] [ThreadPool]: Acquiring new snowflake connection 'list_RAW_PUBLIC'
[0m18:30:30.092012 [debug] [ThreadPool]: Using snowflake connection "list_RAW_PUBLIC"
[0m18:30:30.092012 [debug] [ThreadPool]: On list_RAW_PUBLIC: show objects in RAW.PUBLIC
    limit 10000
    

/* {"app": "dbt", "dbt_version": "1.11.11", "profile_name": "email_project", "target_name": "dev", "connection_name": "list_RAW_PUBLIC"} */;
[0m18:30:30.092012 [debug] [ThreadPool]: Opening a new connection, currently in state init
[0m18:30:30.885762 [debug] [ThreadPool]: SQL status: SUCCESS 2 in 0.793 seconds
[0m18:30:30.892926 [debug] [MainThread]: Sending event: {'category': 'dbt', 'action': 'runnable_timing', 'label': 'ee1983d1-3f33-4bc4-bb5a-2f9e0eb184d3', 'context': [<snowplow_tracker.self_describing_json.SelfDescribingJson object at 0x0000024B02BB8290>]}
[0m18:30:30.898113 [debug] [Thread-2 (]: Began running node model.email_project.my_first_dbt_model
[0m18:30:30.899112 [info ] [Thread-2 (]: 1 of 3 START sql table model PUBLIC.my_first_dbt_model ......................... [RUN]
[0m18:30:30.900105 [debug] [Thread-2 (]: Acquiring new snowflake connection 'model.email_project.my_first_dbt_model'
[0m18:30:30.901133 [debug] [Thread-2 (]: Began compiling node model.email_project.my_first_dbt_model
[0m18:30:30.908133 [debug] [Thread-2 (]: Writing injected SQL for node "model.email_project.my_first_dbt_model"
[0m18:30:30.908133 [debug] [Thread-2 (]: Began executing node model.email_project.my_first_dbt_model
[0m18:30:30.941751 [debug] [Thread-2 (]: Writing runtime sql for node "model.email_project.my_first_dbt_model"
[0m18:30:30.943727 [debug] [Thread-2 (]: Using snowflake connection "model.email_project.my_first_dbt_model"
[0m18:30:30.943727 [debug] [Thread-2 (]: On model.email_project.my_first_dbt_model: create or replace transient table RAW.PUBLIC.my_first_dbt_model
    
    
    
    as (/*
    Welcome to your first dbt model!
    Did you know that you can also configure models directly within SQL files?
    This will override configurations stated in dbt_project.yml

    Try changing "table" to "view" below
*/



with source_data as (

    select 1 as id
    union all
    select null as id

)

select *
from source_data

/*
    Uncomment the line below to remove records with null `id` values
*/

-- where id is not null
    )

/* {"app": "dbt", "dbt_version": "1.11.11", "profile_name": "email_project", "target_name": "dev", "node_id": "model.email_project.my_first_dbt_model"} */;
[0m18:30:30.944905 [debug] [Thread-2 (]: Opening a new connection, currently in state init
[0m18:30:32.991099 [debug] [Thread-2 (]: SQL status: SUCCESS 2 in 2.046 seconds
[0m18:30:33.014499 [debug] [Thread-2 (]: Sending event: {'category': 'dbt', 'action': 'run_model', 'label': 'ee1983d1-3f33-4bc4-bb5a-2f9e0eb184d3', 'context': [<snowplow_tracker.self_describing_json.SelfDescribingJson object at 0x0000024B008BE0F0>]}
[0m18:30:33.015862 [info ] [Thread-2 (]: 1 of 3 OK created sql table model PUBLIC.my_first_dbt_model .................... [[32mSUCCESS 2[0m in 2.11s]
[0m18:30:33.017490 [debug] [Thread-2 (]: Finished running node model.email_project.my_first_dbt_model
[0m18:30:33.018489 [debug] [Thread-2 (]: Began running node model.email_project.test_model
[0m18:30:33.018489 [info ] [Thread-2 (]: 2 of 3 START sql view model PUBLIC.test_model .................................. [RUN]
[0m18:30:33.019773 [debug] [Thread-2 (]: Re-using an available connection from the pool (formerly model.email_project.my_first_dbt_model, now model.email_project.test_model)
[0m18:30:33.020789 [debug] [Thread-2 (]: Began compiling node model.email_project.test_model
[0m18:30:33.022809 [debug] [Thread-2 (]: Writing injected SQL for node "model.email_project.test_model"
[0m18:30:33.024784 [debug] [Thread-2 (]: Began executing node model.email_project.test_model
[0m18:30:33.048860 [debug] [Thread-2 (]: Writing runtime sql for node "model.email_project.test_model"
[0m18:30:33.049865 [debug] [Thread-2 (]: Using snowflake connection "model.email_project.test_model"
[0m18:30:33.050845 [debug] [Thread-2 (]: On model.email_project.test_model: create or replace   view RAW.PUBLIC.test_model
  
  
  
  
  as (
    select * from raw.jaffle_shop.customers
where id > 20
/* {"app": "dbt", "dbt_version": "1.11.11", "profile_name": "email_project", "target_name": "dev", "node_id": "model.email_project.test_model"} */;
[0m18:30:33.213845 [debug] [Thread-2 (]: Snowflake adapter: Snowflake query id: 01c54e36-0003-3d8b-0003-1fe20003c64a
[0m18:30:33.214841 [debug] [Thread-2 (]: Snowflake adapter: Snowflake error: 001003 (42000): SQL compilation error:
syntax error line 9 at position 146 unexpected ';'.
[0m18:30:33.217840 [debug] [Thread-2 (]: Database Error in model test_model (models\example\test_model.sql)
  001003 (42000): SQL compilation error:
  syntax error line 9 at position 146 unexpected ';'.
  compiled code at target\run\email_project\models\example\test_model.sql
[0m18:30:33.217840 [debug] [Thread-2 (]: Sending event: {'category': 'dbt', 'action': 'run_model', 'label': 'ee1983d1-3f33-4bc4-bb5a-2f9e0eb184d3', 'context': [<snowplow_tracker.self_describing_json.SelfDescribingJson object at 0x0000024B0386B1A0>]}
[0m18:30:33.218846 [error] [Thread-2 (]: 2 of 3 ERROR creating sql view model PUBLIC.test_model ......................... [[31mERROR[0m in 0.20s]
[0m18:30:33.220039 [debug] [Thread-2 (]: Finished running node model.email_project.test_model
[0m18:30:33.221049 [debug] [Thread-2 (]: Began running node model.email_project.my_second_dbt_model
[0m18:30:33.222079 [debug] [Thread-5 (]: Marking all children of 'model.email_project.test_model' to be skipped because of status 'error'.  Reason: Database Error in model test_model (models\example\test_model.sql)
  001003 (42000): SQL compilation error:
  syntax error line 9 at position 146 unexpected ';'.
  compiled code at target\run\email_project\models\example\test_model.sql.
[0m18:30:33.223160 [info ] [Thread-2 (]: 3 of 3 START sql view model PUBLIC.my_second_dbt_model ......................... [RUN]
[0m18:30:33.226179 [debug] [Thread-2 (]: Re-using an available connection from the pool (formerly model.email_project.test_model, now model.email_project.my_second_dbt_model)
[0m18:30:33.226179 [debug] [Thread-2 (]: Began compiling node model.email_project.my_second_dbt_model
[0m18:30:33.229198 [debug] [Thread-2 (]: Writing injected SQL for node "model.email_project.my_second_dbt_model"
[0m18:30:33.230198 [debug] [Thread-2 (]: Began executing node model.email_project.my_second_dbt_model
[0m18:30:33.234177 [debug] [Thread-2 (]: Writing runtime sql for node "model.email_project.my_second_dbt_model"
[0m18:30:33.235882 [debug] [Thread-2 (]: Using snowflake connection "model.email_project.my_second_dbt_model"
[0m18:30:33.235882 [debug] [Thread-2 (]: On model.email_project.my_second_dbt_model: create or replace   view RAW.PUBLIC.my_second_dbt_model
  
  
  
  
  as (
    -- Use the `ref` function to select from other models

select *
from RAW.PUBLIC.my_first_dbt_model
where id = 1
  )
/* {"app": "dbt", "dbt_version": "1.11.11", "profile_name": "email_project", "target_name": "dev", "node_id": "model.email_project.my_second_dbt_model"} */;
[0m18:30:33.680881 [debug] [Thread-2 (]: SQL status: SUCCESS 1 in 0.444 seconds
[0m18:30:33.683874 [debug] [Thread-2 (]: Sending event: {'category': 'dbt', 'action': 'run_model', 'label': 'ee1983d1-3f33-4bc4-bb5a-2f9e0eb184d3', 'context': [<snowplow_tracker.self_describing_json.SelfDescribingJson object at 0x0000024B03744470>]}
[0m18:30:33.685183 [info ] [Thread-2 (]: 3 of 3 OK created sql view model PUBLIC.my_second_dbt_model .................... [[32mSUCCESS 1[0m in 0.46s]
[0m18:30:33.686171 [debug] [Thread-2 (]: Finished running node model.email_project.my_second_dbt_model
[0m18:30:33.688177 [debug] [MainThread]: Connection 'master' was properly closed.
[0m18:30:33.688177 [debug] [MainThread]: Connection 'list_RAW' was left open.
[0m18:30:33.689176 [debug] [MainThread]: On list_RAW: Close
[0m18:30:33.841372 [debug] [MainThread]: Connection 'list_RAW_PUBLIC' was left open.
[0m18:30:33.842372 [debug] [MainThread]: On list_RAW_PUBLIC: Close
[0m18:30:33.997891 [debug] [MainThread]: Connection 'model.email_project.my_second_dbt_model' was left open.
[0m18:30:33.998891 [debug] [MainThread]: On model.email_project.my_second_dbt_model: Close
[0m18:30:34.150919 [info ] [MainThread]: 
[0m18:30:34.151915 [info ] [MainThread]: Finished running 1 table model, 2 view models in 0 hours 0 minutes and 5.63 seconds (5.63s).
[0m18:30:34.153923 [debug] [MainThread]: Command end result
[0m18:30:34.184510 [debug] [MainThread]: Wrote artifact WritableManifest to F:\Projects\Data Engg Project\Data Engg Project on Emails - OC\new attempt\email_project\target\manifest.json
[0m18:30:34.187497 [debug] [MainThread]: Wrote artifact SemanticManifest to F:\Projects\Data Engg Project\Data Engg Project on Emails - OC\new attempt\email_project\target\semantic_manifest.json
[0m18:30:34.194495 [debug] [MainThread]: Wrote artifact RunExecutionResult to F:\Projects\Data Engg Project\Data Engg Project on Emails - OC\new attempt\email_project\target\run_results.json
[0m18:30:34.195722 [info ] [MainThread]: 
[0m18:30:34.196720 [info ] [MainThread]: [31mCompleted with 1 error, 0 partial successes, and 0 warnings:[0m
[0m18:30:34.196720 [info ] [MainThread]: 
[0m18:30:34.197731 [error] [MainThread]: [31mFailure in model test_model (models\example\test_model.sql)[0m
[0m18:30:34.198730 [error] [MainThread]:   Database Error in model test_model (models\example\test_model.sql)
  001003 (42000): SQL compilation error:
  syntax error line 9 at position 146 unexpected ';'.
  compiled code at target\run\email_project\models\example\test_model.sql
[0m18:30:34.198730 [info ] [MainThread]: 
[0m18:30:34.199731 [info ] [MainThread]:   compiled code at target\compiled\email_project\models\example\test_model.sql
[0m18:30:34.199731 [info ] [MainThread]: 
[0m18:30:34.200730 [info ] [MainThread]: Done. PASS=2 WARN=0 ERROR=1 SKIP=0 NO-OP=0 TOTAL=3
[0m18:30:34.201735 [debug] [MainThread]: Command `dbt run` failed at 18:30:34.201735 after 6.97 seconds
[0m18:30:34.201735 [debug] [MainThread]: Sending event: {'category': 'dbt', 'action': 'invocation', 'label': 'end', 'context': [<snowplow_tracker.self_describing_json.SelfDescribingJson object at 0x0000024B023F1670>, <snowplow_tracker.self_describing_json.SelfDescribingJson object at 0x0000024B0336FB30>, <snowplow_tracker.self_describing_json.SelfDescribingJson object at 0x0000024B7F419400>]}
[0m18:30:34.202754 [debug] [MainThread]: Flushing usage events
[0m18:30:35.347563 [debug] [MainThread]: An error was encountered while trying to flush usage events
[0m18:30:50.397128 [debug] [MainThread]: Sending event: {'category': 'dbt', 'action': 'invocation', 'label': 'start', 'context': [<snowplow_tracker.self_describing_json.SelfDescribingJson object at 0x000002803CA19640>, <snowplow_tracker.self_describing_json.SelfDescribingJson object at 0x000002803CA18710>, <snowplow_tracker.self_describing_json.SelfDescribingJson object at 0x000002803CA1B9E0>]}


============================== 18:30:50.401157 | 198612ed-eac8-4fc4-aa80-81a790638923 ==============================
[0m18:30:50.401157 [info ] [MainThread]: Running with dbt=1.11.11
[0m18:30:50.402123 [debug] [MainThread]: running dbt with arguments {'static_parser': 'True', 'no_print': 'None', 'version_check': 'True', 'target_path': 'None', 'warn_error_options': 'WarnErrorOptionsV2(error=[], warn=[], silence=[])', 'printer_width': '80', 'write_json': 'True', 'empty': 'False', 'log_cache_events': 'False', 'introspect': 'True', 'cache_selected_only': 'False', 'log_format': 'default', 'debug': 'False', 'fail_fast': 'False', 'profiles_dir': 'C:\\Users\\61452\\.dbt', 'send_anonymous_usage_stats': 'True', 'quiet': 'False', 'warn_error': 'None', 'partial_parse': 'True', 'indirect_selection': 'eager', 'use_colors': 'True', 'invocation_command': 'dbt run', 'use_experimental_parser': 'False', 'log_path': 'F:\\Projects\\Data Engg Project\\Data Engg Project on Emails - OC\\new attempt\\email_project\\logs'}
[0m18:30:50.774804 [debug] [MainThread]: Snowflake adapter: Setting snowflake.connector to ERROR (file logging only)
[0m18:30:50.775806 [debug] [MainThread]: Snowflake adapter: Setting botocore to ERROR (file logging only)
[0m18:30:50.775806 [debug] [MainThread]: Snowflake adapter: Setting boto3 to ERROR (file logging only)
[0m18:30:50.956100 [debug] [MainThread]: Sending event: {'category': 'dbt', 'action': 'project_id', 'label': '198612ed-eac8-4fc4-aa80-81a790638923', 'context': [<snowplow_tracker.self_describing_json.SelfDescribingJson object at 0x000002803F5FCC50>]}
[0m18:30:51.015708 [debug] [MainThread]: Sending event: {'category': 'dbt', 'action': 'adapter_info', 'label': '198612ed-eac8-4fc4-aa80-81a790638923', 'context': [<snowplow_tracker.self_describing_json.SelfDescribingJson object at 0x000002803F74F290>]}
[0m18:30:51.016711 [info ] [MainThread]: Registered adapter: snowflake=1.11.6
[0m18:30:51.289078 [debug] [MainThread]: checksum: 30a8cc8fdcbf66701b0944d4ccce3fa46dd04b61e5df68b9f16d57b2e0e3f0be, vars: {}, profile: , target: , version: 1.11.11
[0m18:30:51.412583 [debug] [MainThread]: Partial parsing enabled: 0 files deleted, 0 files added, 0 files changed.
[0m18:30:51.412583 [debug] [MainThread]: Nothing changed, skipping partial parsing.
[0m18:30:51.412583 [debug] [MainThread]: Partial parsing enabled, no changes found, skipping parsing
[0m18:30:51.449784 [debug] [MainThread]: Sending event: {'category': 'dbt', 'action': 'load_project', 'label': '198612ed-eac8-4fc4-aa80-81a790638923', 'context': [<snowplow_tracker.self_describing_json.SelfDescribingJson object at 0x000002803F697F20>]}
[0m18:30:51.546403 [debug] [MainThread]: Wrote artifact WritableManifest to F:\Projects\Data Engg Project\Data Engg Project on Emails - OC\new attempt\email_project\target\manifest.json
[0m18:30:51.549399 [debug] [MainThread]: Wrote artifact SemanticManifest to F:\Projects\Data Engg Project\Data Engg Project on Emails - OC\new attempt\email_project\target\semantic_manifest.json
[0m18:30:51.559466 [debug] [MainThread]: Sending event: {'category': 'dbt', 'action': 'resource_counts', 'label': '198612ed-eac8-4fc4-aa80-81a790638923', 'context': [<snowplow_tracker.self_describing_json.SelfDescribingJson object at 0x000002803FA5AD80>]}
[0m18:30:51.560688 [info ] [MainThread]: Found 3 models, 4 data tests, 537 macros
[0m18:30:51.560688 [debug] [MainThread]: Sending event: {'category': 'dbt', 'action': 'runnable_timing', 'label': '198612ed-eac8-4fc4-aa80-81a790638923', 'context': [<snowplow_tracker.self_describing_json.SelfDescribingJson object at 0x000002803FC6E120>]}
[0m18:30:51.562699 [info ] [MainThread]: 
[0m18:30:51.563706 [info ] [MainThread]: Concurrency: 1 threads (target='dev')
[0m18:30:51.564696 [info ] [MainThread]: 
[0m18:30:51.565696 [debug] [MainThread]: Acquiring new snowflake connection 'master'
[0m18:30:51.570043 [debug] [ThreadPool]: Acquiring new snowflake connection 'list_RAW'
[0m18:30:51.638113 [debug] [ThreadPool]: Using snowflake connection "list_RAW"
[0m18:30:51.639119 [debug] [ThreadPool]: On list_RAW: show terse schemas in database RAW
    limit 10000
/* {"app": "dbt", "dbt_version": "1.11.11", "profile_name": "email_project", "target_name": "dev", "connection_name": "list_RAW"} */
[0m18:30:51.639119 [debug] [ThreadPool]: Opening a new connection, currently in state init
[0m18:30:52.656567 [debug] [ThreadPool]: SQL status: SUCCESS 5 in 1.017 seconds
[0m18:30:52.659560 [debug] [ThreadPool]: Acquiring new snowflake connection 'list_RAW_PUBLIC'
[0m18:30:52.672993 [debug] [ThreadPool]: Using snowflake connection "list_RAW_PUBLIC"
[0m18:30:52.673992 [debug] [ThreadPool]: On list_RAW_PUBLIC: show objects in RAW.PUBLIC
    limit 10000
    

/* {"app": "dbt", "dbt_version": "1.11.11", "profile_name": "email_project", "target_name": "dev", "connection_name": "list_RAW_PUBLIC"} */;
[0m18:30:52.673992 [debug] [ThreadPool]: Opening a new connection, currently in state init
[0m18:30:53.517907 [debug] [ThreadPool]: SQL status: SUCCESS 2 in 0.843 seconds
[0m18:30:53.520907 [debug] [MainThread]: Sending event: {'category': 'dbt', 'action': 'runnable_timing', 'label': '198612ed-eac8-4fc4-aa80-81a790638923', 'context': [<snowplow_tracker.self_describing_json.SelfDescribingJson object at 0x0000028039D67470>]}
[0m18:30:53.525908 [debug] [Thread-2 (]: Began running node model.email_project.my_first_dbt_model
[0m18:30:53.526910 [info ] [Thread-2 (]: 1 of 3 START sql table model PUBLIC.my_first_dbt_model ......................... [RUN]
[0m18:30:53.527911 [debug] [Thread-2 (]: Acquiring new snowflake connection 'model.email_project.my_first_dbt_model'
[0m18:30:53.528918 [debug] [Thread-2 (]: Began compiling node model.email_project.my_first_dbt_model
[0m18:30:53.535929 [debug] [Thread-2 (]: Writing injected SQL for node "model.email_project.my_first_dbt_model"
[0m18:30:53.536910 [debug] [Thread-2 (]: Began executing node model.email_project.my_first_dbt_model
[0m18:30:53.572609 [debug] [Thread-2 (]: Writing runtime sql for node "model.email_project.my_first_dbt_model"
[0m18:30:53.573629 [debug] [Thread-2 (]: Using snowflake connection "model.email_project.my_first_dbt_model"
[0m18:30:53.574630 [debug] [Thread-2 (]: On model.email_project.my_first_dbt_model: create or replace transient table RAW.PUBLIC.my_first_dbt_model
    
    
    
    as (/*
    Welcome to your first dbt model!
    Did you know that you can also configure models directly within SQL files?
    This will override configurations stated in dbt_project.yml

    Try changing "table" to "view" below
*/



with source_data as (

    select 1 as id
    union all
    select null as id

)

select *
from source_data

/*
    Uncomment the line below to remove records with null `id` values
*/

-- where id is not null
    )

/* {"app": "dbt", "dbt_version": "1.11.11", "profile_name": "email_project", "target_name": "dev", "node_id": "model.email_project.my_first_dbt_model"} */;
[0m18:30:53.574630 [debug] [Thread-2 (]: Opening a new connection, currently in state init
[0m18:30:55.329685 [debug] [Thread-2 (]: SQL status: SUCCESS 2 in 1.755 seconds
[0m18:30:55.353169 [debug] [Thread-2 (]: Sending event: {'category': 'dbt', 'action': 'run_model', 'label': '198612ed-eac8-4fc4-aa80-81a790638923', 'context': [<snowplow_tracker.self_describing_json.SelfDescribingJson object at 0x000002803D2AE090>]}
[0m18:30:55.354351 [info ] [Thread-2 (]: 1 of 3 OK created sql table model PUBLIC.my_first_dbt_model .................... [[32mSUCCESS 2[0m in 1.82s]
[0m18:30:55.356179 [debug] [Thread-2 (]: Finished running node model.email_project.my_first_dbt_model
[0m18:30:55.356179 [debug] [Thread-2 (]: Began running node model.email_project.test_model
[0m18:30:55.358179 [info ] [Thread-2 (]: 2 of 3 START sql view model PUBLIC.test_model .................................. [RUN]
[0m18:30:55.358179 [debug] [Thread-2 (]: Re-using an available connection from the pool (formerly model.email_project.my_first_dbt_model, now model.email_project.test_model)
[0m18:30:55.359151 [debug] [Thread-2 (]: Began compiling node model.email_project.test_model
[0m18:30:55.361500 [debug] [Thread-2 (]: Writing injected SQL for node "model.email_project.test_model"
[0m18:30:55.361500 [debug] [Thread-2 (]: Began executing node model.email_project.test_model
[0m18:30:55.385511 [debug] [Thread-2 (]: Writing runtime sql for node "model.email_project.test_model"
[0m18:30:55.387497 [debug] [Thread-2 (]: Using snowflake connection "model.email_project.test_model"
[0m18:30:55.387497 [debug] [Thread-2 (]: On model.email_project.test_model: create or replace   view RAW.PUBLIC.test_model
  
  
  
  
  as (
    select * from raw.jaffle_shop.customers
where id > 20
  )
/* {"app": "dbt", "dbt_version": "1.11.11", "profile_name": "email_project", "target_name": "dev", "node_id": "model.email_project.test_model"} */;
[0m18:30:55.660684 [debug] [Thread-2 (]: SQL status: SUCCESS 1 in 0.273 seconds
[0m18:30:55.663686 [debug] [Thread-2 (]: Sending event: {'category': 'dbt', 'action': 'run_model', 'label': '198612ed-eac8-4fc4-aa80-81a790638923', 'context': [<snowplow_tracker.self_describing_json.SelfDescribingJson object at 0x000002804025DF40>]}
[0m18:30:55.663686 [info ] [Thread-2 (]: 2 of 3 OK created sql view model PUBLIC.test_model ............................. [[32mSUCCESS 1[0m in 0.30s]
[0m18:30:55.665704 [debug] [Thread-2 (]: Finished running node model.email_project.test_model
[0m18:30:55.666779 [debug] [Thread-2 (]: Began running node model.email_project.my_second_dbt_model
[0m18:30:55.666779 [info ] [Thread-2 (]: 3 of 3 START sql view model PUBLIC.my_second_dbt_model ......................... [RUN]
[0m18:30:55.667705 [debug] [Thread-2 (]: Re-using an available connection from the pool (formerly model.email_project.test_model, now model.email_project.my_second_dbt_model)
[0m18:30:55.668680 [debug] [Thread-2 (]: Began compiling node model.email_project.my_second_dbt_model
[0m18:30:55.671883 [debug] [Thread-2 (]: Writing injected SQL for node "model.email_project.my_second_dbt_model"
[0m18:30:55.671883 [debug] [Thread-2 (]: Began executing node model.email_project.my_second_dbt_model
[0m18:30:55.675904 [debug] [Thread-2 (]: Writing runtime sql for node "model.email_project.my_second_dbt_model"
[0m18:30:55.676884 [debug] [Thread-2 (]: Using snowflake connection "model.email_project.my_second_dbt_model"
[0m18:30:55.676884 [debug] [Thread-2 (]: On model.email_project.my_second_dbt_model: create or replace   view RAW.PUBLIC.my_second_dbt_model
  
  
  
  
  as (
    -- Use the `ref` function to select from other models

select *
from RAW.PUBLIC.my_first_dbt_model
where id = 1
  )
/* {"app": "dbt", "dbt_version": "1.11.11", "profile_name": "email_project", "target_name": "dev", "node_id": "model.email_project.my_second_dbt_model"} */;
[0m18:30:55.921988 [debug] [Thread-2 (]: SQL status: SUCCESS 1 in 0.244 seconds
[0m18:30:55.924997 [debug] [Thread-2 (]: Sending event: {'category': 'dbt', 'action': 'run_model', 'label': '198612ed-eac8-4fc4-aa80-81a790638923', 'context': [<snowplow_tracker.self_describing_json.SelfDescribingJson object at 0x00000280401B4320>]}
[0m18:30:55.924997 [info ] [Thread-2 (]: 3 of 3 OK created sql view model PUBLIC.my_second_dbt_model .................... [[32mSUCCESS 1[0m in 0.26s]
[0m18:30:55.927018 [debug] [Thread-2 (]: Finished running node model.email_project.my_second_dbt_model
[0m18:30:55.929018 [debug] [MainThread]: Connection 'master' was properly closed.
[0m18:30:55.929990 [debug] [MainThread]: Connection 'list_RAW' was left open.
[0m18:30:55.929990 [debug] [MainThread]: On list_RAW: Close
[0m18:30:56.084148 [debug] [MainThread]: Connection 'list_RAW_PUBLIC' was left open.
[0m18:30:56.085480 [debug] [MainThread]: On list_RAW_PUBLIC: Close
[0m18:30:56.255952 [debug] [MainThread]: Connection 'model.email_project.my_second_dbt_model' was left open.
[0m18:30:56.256968 [debug] [MainThread]: On model.email_project.my_second_dbt_model: Close
[0m18:30:56.432991 [info ] [MainThread]: 
[0m18:30:56.433996 [info ] [MainThread]: Finished running 1 table model, 2 view models in 0 hours 0 minutes and 4.87 seconds (4.87s).
[0m18:30:56.435204 [debug] [MainThread]: Command end result
[0m18:30:56.465418 [debug] [MainThread]: Wrote artifact WritableManifest to F:\Projects\Data Engg Project\Data Engg Project on Emails - OC\new attempt\email_project\target\manifest.json
[0m18:30:56.468427 [debug] [MainThread]: Wrote artifact SemanticManifest to F:\Projects\Data Engg Project\Data Engg Project on Emails - OC\new attempt\email_project\target\semantic_manifest.json
[0m18:30:56.473596 [debug] [MainThread]: Wrote artifact RunExecutionResult to F:\Projects\Data Engg Project\Data Engg Project on Emails - OC\new attempt\email_project\target\run_results.json
[0m18:30:56.474580 [info ] [MainThread]: 
[0m18:30:56.475584 [info ] [MainThread]: [32mCompleted successfully[0m
[0m18:30:56.476591 [info ] [MainThread]: 
[0m18:30:56.477580 [info ] [MainThread]: Done. PASS=3 WARN=0 ERROR=0 SKIP=0 NO-OP=0 TOTAL=3
[0m18:30:56.478576 [debug] [MainThread]: Command `dbt run` succeeded at 18:30:56.478576 after 6.22 seconds
[0m18:30:56.478576 [debug] [MainThread]: Sending event: {'category': 'dbt', 'action': 'invocation', 'label': 'end', 'context': [<snowplow_tracker.self_describing_json.SelfDescribingJson object at 0x000002803C500680>, <snowplow_tracker.self_describing_json.SelfDescribingJson object at 0x000002803C500F80>, <snowplow_tracker.self_describing_json.SelfDescribingJson object at 0x000002803D2046E0>]}
[0m18:30:56.479577 [debug] [MainThread]: Flushing usage events
[0m18:30:57.560286 [debug] [MainThread]: An error was encountered while trying to flush usage events
[0m18:44:35.182293 [debug] [MainThread]: Sending event: {'category': 'dbt', 'action': 'invocation', 'label': 'start', 'context': [<snowplow_tracker.self_describing_json.SelfDescribingJson object at 0x000002217A7F7080>, <snowplow_tracker.self_describing_json.SelfDescribingJson object at 0x000002217CB4B4D0>, <snowplow_tracker.self_describing_json.SelfDescribingJson object at 0x000002217CB4B740>]}


============================== 18:44:35.182293 | 7f7fbeab-889b-446e-a660-74d70501311c ==============================
[0m18:44:35.182293 [info ] [MainThread]: Running with dbt=1.11.11
[0m18:44:35.182293 [debug] [MainThread]: running dbt with arguments {'static_parser': 'True', 'no_print': 'None', 'version_check': 'True', 'target_path': 'None', 'warn_error_options': 'WarnErrorOptionsV2(error=[], warn=[], silence=[])', 'printer_width': '80', 'write_json': 'True', 'introspect': 'True', 'log_cache_events': 'False', 'empty': 'False', 'cache_selected_only': 'False', 'log_format': 'default', 'debug': 'False', 'fail_fast': 'False', 'partial_parse': 'True', 'send_anonymous_usage_stats': 'True', 'quiet': 'False', 'warn_error': 'None', 'profiles_dir': 'C:\\Users\\61452\\.dbt', 'use_colors': 'True', 'indirect_selection': 'eager', 'invocation_command': 'dbt run', 'use_experimental_parser': 'False', 'log_path': 'F:\\Projects\\Data Engg Project\\Data Engg Project on Emails - OC\\new attempt\\email_project\\logs'}
[0m18:44:35.628368 [debug] [MainThread]: Snowflake adapter: Setting snowflake.connector to ERROR (file logging only)
[0m18:44:35.629368 [debug] [MainThread]: Snowflake adapter: Setting botocore to ERROR (file logging only)
[0m18:44:35.629368 [debug] [MainThread]: Snowflake adapter: Setting boto3 to ERROR (file logging only)
[0m18:44:35.804279 [debug] [MainThread]: Sending event: {'category': 'dbt', 'action': 'project_id', 'label': '7f7fbeab-889b-446e-a660-74d70501311c', 'context': [<snowplow_tracker.self_describing_json.SelfDescribingJson object at 0x000002217E6CDEB0>]}
[0m18:44:35.862444 [debug] [MainThread]: Sending event: {'category': 'dbt', 'action': 'adapter_info', 'label': '7f7fbeab-889b-446e-a660-74d70501311c', 'context': [<snowplow_tracker.self_describing_json.SelfDescribingJson object at 0x000002217F745190>]}
[0m18:44:35.862444 [info ] [MainThread]: Registered adapter: snowflake=1.11.6
[0m18:44:36.138917 [debug] [MainThread]: checksum: 30a8cc8fdcbf66701b0944d4ccce3fa46dd04b61e5df68b9f16d57b2e0e3f0be, vars: {}, profile: , target: , version: 1.11.11
[0m18:44:36.249253 [debug] [MainThread]: Partial parsing enabled: 0 files deleted, 0 files added, 0 files changed.
[0m18:44:36.265253 [debug] [MainThread]: Nothing changed, skipping partial parsing.
[0m18:44:36.265253 [debug] [MainThread]: Partial parsing enabled, no changes found, skipping parsing
[0m18:44:36.297091 [debug] [MainThread]: Sending event: {'category': 'dbt', 'action': 'load_project', 'label': '7f7fbeab-889b-446e-a660-74d70501311c', 'context': [<snowplow_tracker.self_describing_json.SelfDescribingJson object at 0x0000022100C5C050>]}
[0m18:44:36.376541 [debug] [MainThread]: Wrote artifact WritableManifest to F:\Projects\Data Engg Project\Data Engg Project on Emails - OC\new attempt\email_project\target\manifest.json
[0m18:44:36.378559 [debug] [MainThread]: Wrote artifact SemanticManifest to F:\Projects\Data Engg Project\Data Engg Project on Emails - OC\new attempt\email_project\target\semantic_manifest.json
[0m18:44:36.378559 [debug] [MainThread]: Sending event: {'category': 'dbt', 'action': 'resource_counts', 'label': '7f7fbeab-889b-446e-a660-74d70501311c', 'context': [<snowplow_tracker.self_describing_json.SelfDescribingJson object at 0x0000022100E5AC90>]}
[0m18:44:36.378559 [info ] [MainThread]: Found 3 models, 4 data tests, 537 macros
[0m18:44:36.378559 [debug] [MainThread]: Sending event: {'category': 'dbt', 'action': 'runnable_timing', 'label': '7f7fbeab-889b-446e-a660-74d70501311c', 'context': [<snowplow_tracker.self_describing_json.SelfDescribingJson object at 0x000002210106FA40>]}
[0m18:44:36.392318 [info ] [MainThread]: 
[0m18:44:36.392318 [info ] [MainThread]: Concurrency: 1 threads (target='dev')
[0m18:44:36.392318 [info ] [MainThread]: 
[0m18:44:36.392318 [debug] [MainThread]: Acquiring new snowflake connection 'master'
[0m18:44:36.392318 [debug] [ThreadPool]: Acquiring new snowflake connection 'list_RAW'
[0m18:44:36.466883 [debug] [ThreadPool]: Using snowflake connection "list_RAW"
[0m18:44:36.467874 [debug] [ThreadPool]: On list_RAW: show terse schemas in database RAW
    limit 10000
/* {"app": "dbt", "dbt_version": "1.11.11", "profile_name": "email_project", "target_name": "dev", "connection_name": "list_RAW"} */
[0m18:44:36.467874 [debug] [ThreadPool]: Opening a new connection, currently in state init
[0m18:44:37.366765 [debug] [ThreadPool]: SQL status: SUCCESS 5 in 0.904 seconds
[0m18:44:37.366765 [debug] [ThreadPool]: Acquiring new snowflake connection 'list_RAW_PUBLIC'
[0m18:44:37.382710 [debug] [ThreadPool]: Using snowflake connection "list_RAW_PUBLIC"
[0m18:44:37.382710 [debug] [ThreadPool]: On list_RAW_PUBLIC: show objects in RAW.PUBLIC
    limit 10000
    

/* {"app": "dbt", "dbt_version": "1.11.11", "profile_name": "email_project", "target_name": "dev", "connection_name": "list_RAW_PUBLIC"} */;
[0m18:44:37.382710 [debug] [ThreadPool]: Opening a new connection, currently in state init
[0m18:44:37.884376 [debug] [ThreadPool]: SQL status: SUCCESS 3 in 0.509 seconds
[0m18:44:37.884376 [debug] [MainThread]: Sending event: {'category': 'dbt', 'action': 'runnable_timing', 'label': '7f7fbeab-889b-446e-a660-74d70501311c', 'context': [<snowplow_tracker.self_describing_json.SelfDescribingJson object at 0x000002217B1D73B0>]}
[0m18:44:37.900471 [debug] [Thread-2 (]: Began running node model.email_project.my_first_dbt_model
[0m18:44:37.900471 [info ] [Thread-2 (]: 1 of 3 START sql table model PUBLIC.my_first_dbt_model ......................... [RUN]
[0m18:44:37.900471 [debug] [Thread-2 (]: Acquiring new snowflake connection 'model.email_project.my_first_dbt_model'
[0m18:44:37.900471 [debug] [Thread-2 (]: Began compiling node model.email_project.my_first_dbt_model
[0m18:44:37.900471 [debug] [Thread-2 (]: Writing injected SQL for node "model.email_project.my_first_dbt_model"
[0m18:44:37.900471 [debug] [Thread-2 (]: Began executing node model.email_project.my_first_dbt_model
[0m18:44:37.939635 [debug] [Thread-2 (]: Writing runtime sql for node "model.email_project.my_first_dbt_model"
[0m18:44:37.939635 [debug] [Thread-2 (]: Using snowflake connection "model.email_project.my_first_dbt_model"
[0m18:44:37.939635 [debug] [Thread-2 (]: On model.email_project.my_first_dbt_model: create or replace transient table RAW.PUBLIC.my_first_dbt_model
    
    
    
    as (/*
    Welcome to your first dbt model!
    Did you know that you can also configure models directly within SQL files?
    This will override configurations stated in dbt_project.yml

    Try changing "table" to "view" below
*/



with source_data as (

    select 1 as id
    union all
    select null as id

)

select *
from source_data

/*
    Uncomment the line below to remove records with null `id` values
*/

-- where id is not null
    )

/* {"app": "dbt", "dbt_version": "1.11.11", "profile_name": "email_project", "target_name": "dev", "node_id": "model.email_project.my_first_dbt_model"} */;
[0m18:44:37.939635 [debug] [Thread-2 (]: Opening a new connection, currently in state init
[0m18:44:39.256712 [debug] [Thread-2 (]: SQL status: SUCCESS 2 in 1.316 seconds
[0m18:44:39.290069 [debug] [Thread-2 (]: Sending event: {'category': 'dbt', 'action': 'run_model', 'label': '7f7fbeab-889b-446e-a660-74d70501311c', 'context': [<snowplow_tracker.self_describing_json.SelfDescribingJson object at 0x000002217E71DD60>]}
[0m18:44:39.290069 [info ] [Thread-2 (]: 1 of 3 OK created sql table model PUBLIC.my_first_dbt_model .................... [[32mSUCCESS 2[0m in 1.39s]
[0m18:44:39.290069 [debug] [Thread-2 (]: Finished running node model.email_project.my_first_dbt_model
[0m18:44:39.290069 [debug] [Thread-2 (]: Began running node model.email_project.test_model
[0m18:44:39.290069 [info ] [Thread-2 (]: 2 of 3 START sql table model PUBLIC.test_model ................................. [RUN]
[0m18:44:39.290069 [debug] [Thread-2 (]: Re-using an available connection from the pool (formerly model.email_project.my_first_dbt_model, now model.email_project.test_model)
[0m18:44:39.290069 [debug] [Thread-2 (]: Began compiling node model.email_project.test_model
[0m18:44:39.290069 [debug] [Thread-2 (]: Writing injected SQL for node "model.email_project.test_model"
[0m18:44:39.290069 [debug] [Thread-2 (]: Began executing node model.email_project.test_model
[0m18:44:39.290069 [debug] [Thread-2 (]:  adapter: Dropping relation "RAW"."PUBLIC"."TEST_MODEL" because it is a view and target relation RAW.PUBLIC.test_model is of type table.
[0m18:44:39.312132 [debug] [Thread-2 (]: Applying DROP to: "RAW"."PUBLIC"."TEST_MODEL"
[0m18:44:39.319610 [debug] [Thread-2 (]: Using snowflake connection "model.email_project.test_model"
[0m18:44:39.319610 [debug] [Thread-2 (]: On model.email_project.test_model: drop view if exists "RAW"."PUBLIC"."TEST_MODEL" cascade
/* {"app": "dbt", "dbt_version": "1.11.11", "profile_name": "email_project", "target_name": "dev", "node_id": "model.email_project.test_model"} */
[0m18:44:39.454544 [debug] [Thread-2 (]: SQL status: SUCCESS 1 in 0.149 seconds
[0m18:44:39.470615 [debug] [Thread-2 (]: Writing runtime sql for node "model.email_project.test_model"
[0m18:44:39.470615 [debug] [Thread-2 (]: Using snowflake connection "model.email_project.test_model"
[0m18:44:39.470615 [debug] [Thread-2 (]: On model.email_project.test_model: create or replace transient table RAW.PUBLIC.test_model
    
    
    
    as (

select * from raw.jaffle_shop.customers
where id > 20
    )

/* {"app": "dbt", "dbt_version": "1.11.11", "profile_name": "email_project", "target_name": "dev", "node_id": "model.email_project.test_model"} */;
[0m18:44:39.968420 [debug] [Thread-2 (]: SQL status: SUCCESS 30 in 0.505 seconds
[0m18:44:39.984199 [debug] [Thread-2 (]: Sending event: {'category': 'dbt', 'action': 'run_model', 'label': '7f7fbeab-889b-446e-a660-74d70501311c', 'context': [<snowplow_tracker.self_describing_json.SelfDescribingJson object at 0x00000221016C8740>]}
[0m18:44:39.985598 [info ] [Thread-2 (]: 2 of 3 OK created sql table model PUBLIC.test_model ............................ [[32mSUCCESS 30[0m in 0.69s]
[0m18:44:39.986616 [debug] [Thread-2 (]: Finished running node model.email_project.test_model
[0m18:44:39.986616 [debug] [Thread-2 (]: Began running node model.email_project.my_second_dbt_model
[0m18:44:39.987684 [info ] [Thread-2 (]: 3 of 3 START sql view model PUBLIC.my_second_dbt_model ......................... [RUN]
[0m18:44:39.988822 [debug] [Thread-2 (]: Re-using an available connection from the pool (formerly model.email_project.test_model, now model.email_project.my_second_dbt_model)
[0m18:44:39.989891 [debug] [Thread-2 (]: Began compiling node model.email_project.my_second_dbt_model
[0m18:44:39.991902 [debug] [Thread-2 (]: Writing injected SQL for node "model.email_project.my_second_dbt_model"
[0m18:44:39.993916 [debug] [Thread-2 (]: Began executing node model.email_project.my_second_dbt_model
[0m18:44:40.007706 [debug] [Thread-2 (]: Writing runtime sql for node "model.email_project.my_second_dbt_model"
[0m18:44:40.007706 [debug] [Thread-2 (]: Using snowflake connection "model.email_project.my_second_dbt_model"
[0m18:44:40.007706 [debug] [Thread-2 (]: On model.email_project.my_second_dbt_model: create or replace   view RAW.PUBLIC.my_second_dbt_model
  
  
  
  
  as (
    -- Use the `ref` function to select from other models

select *
from RAW.PUBLIC.my_first_dbt_model
where id = 1
  )
/* {"app": "dbt", "dbt_version": "1.11.11", "profile_name": "email_project", "target_name": "dev", "node_id": "model.email_project.my_second_dbt_model"} */;
[0m18:44:40.240835 [debug] [Thread-2 (]: SQL status: SUCCESS 1 in 0.223 seconds
[0m18:44:40.240835 [debug] [Thread-2 (]: Sending event: {'category': 'dbt', 'action': 'run_model', 'label': '7f7fbeab-889b-446e-a660-74d70501311c', 'context': [<snowplow_tracker.self_describing_json.SelfDescribingJson object at 0x00000221014B3E60>]}
[0m18:44:40.240835 [info ] [Thread-2 (]: 3 of 3 OK created sql view model PUBLIC.my_second_dbt_model .................... [[32mSUCCESS 1[0m in 0.25s]
[0m18:44:40.240835 [debug] [Thread-2 (]: Finished running node model.email_project.my_second_dbt_model
[0m18:44:40.240835 [debug] [MainThread]: Connection 'master' was properly closed.
[0m18:44:40.240835 [debug] [MainThread]: Connection 'list_RAW' was left open.
[0m18:44:40.240835 [debug] [MainThread]: On list_RAW: Close
[0m18:44:40.437555 [debug] [MainThread]: Connection 'list_RAW_PUBLIC' was left open.
[0m18:44:40.437555 [debug] [MainThread]: On list_RAW_PUBLIC: Close
[0m18:44:40.598554 [debug] [MainThread]: Connection 'model.email_project.my_second_dbt_model' was left open.
[0m18:44:40.598554 [debug] [MainThread]: On model.email_project.my_second_dbt_model: Close
[0m18:44:40.744078 [info ] [MainThread]: 
[0m18:44:40.744078 [info ] [MainThread]: Finished running 2 table models, 1 view model in 0 hours 0 minutes and 4.35 seconds (4.35s).
[0m18:44:40.759860 [debug] [MainThread]: Command end result
[0m18:44:40.790632 [debug] [MainThread]: Wrote artifact WritableManifest to F:\Projects\Data Engg Project\Data Engg Project on Emails - OC\new attempt\email_project\target\manifest.json
[0m18:44:40.793632 [debug] [MainThread]: Wrote artifact SemanticManifest to F:\Projects\Data Engg Project\Data Engg Project on Emails - OC\new attempt\email_project\target\semantic_manifest.json
[0m18:44:40.796158 [debug] [MainThread]: Wrote artifact RunExecutionResult to F:\Projects\Data Engg Project\Data Engg Project on Emails - OC\new attempt\email_project\target\run_results.json
[0m18:44:40.796158 [info ] [MainThread]: 
[0m18:44:40.796158 [info ] [MainThread]: [32mCompleted successfully[0m
[0m18:44:40.796158 [info ] [MainThread]: 
[0m18:44:40.796158 [info ] [MainThread]: Done. PASS=3 WARN=0 ERROR=0 SKIP=0 NO-OP=0 TOTAL=3
[0m18:44:40.796158 [debug] [MainThread]: Command `dbt run` succeeded at 18:44:40.796158 after 5.79 seconds
[0m18:44:40.796158 [debug] [MainThread]: Sending event: {'category': 'dbt', 'action': 'invocation', 'label': 'end', 'context': [<snowplow_tracker.self_describing_json.SelfDescribingJson object at 0x000002217E468620>, <snowplow_tracker.self_describing_json.SelfDescribingJson object at 0x000002217E13ECC0>, <snowplow_tracker.self_describing_json.SelfDescribingJson object at 0x000002217D706A80>]}
[0m18:44:40.796158 [debug] [MainThread]: Flushing usage events
[0m18:44:41.989394 [debug] [MainThread]: An error was encountered while trying to flush usage events
[0m14:45:57.598446 [debug] [MainThread]: Sending event: {'category': 'dbt', 'action': 'invocation', 'label': 'start', 'context': [<snowplow_tracker.self_describing_json.SelfDescribingJson object at 0x00000205BDAAB530>, <snowplow_tracker.self_describing_json.SelfDescribingJson object at 0x00000205BDBBB770>, <snowplow_tracker.self_describing_json.SelfDescribingJson object at 0x00000205BB0239E0>]}


============================== 14:45:57.602446 | bb21788b-a6dd-4e21-b5a4-bf7cd5c622cb ==============================
[0m14:45:57.602446 [info ] [MainThread]: Running with dbt=1.11.11
[0m14:45:57.603447 [debug] [MainThread]: running dbt with arguments {'static_parser': 'True', 'no_print': 'None', 'version_check': 'True', 'target_path': 'None', 'warn_error_options': 'WarnErrorOptionsV2(error=[], warn=[], silence=[])', 'printer_width': '80', 'write_json': 'True', 'introspect': 'True', 'log_cache_events': 'False', 'empty': 'None', 'cache_selected_only': 'False', 'fail_fast': 'False', 'debug': 'False', 'log_format': 'default', 'partial_parse': 'True', 'send_anonymous_usage_stats': 'True', 'quiet': 'False', 'warn_error': 'None', 'profiles_dir': 'C:\\Users\\61452\\.dbt', 'invocation_command': 'dbt ', 'indirect_selection': 'eager', 'use_colors': 'True', 'use_experimental_parser': 'False', 'log_path': 'f:\\Projects\\Data Engg Project\\Data Engg Project on Emails - OC\\new attempt\\email_project\\logs'}
[0m14:45:57.756962 [debug] [MainThread]: Sending event: {'category': 'dbt', 'action': 'project_id', 'label': 'bb21788b-a6dd-4e21-b5a4-bf7cd5c622cb', 'context': [<snowplow_tracker.self_describing_json.SelfDescribingJson object at 0x00000205BEF18170>]}
[0m14:45:57.786802 [info ] [MainThread]: Warning: No packages were found in packages.yml
[0m14:45:57.788777 [info ] [MainThread]: Warning: No packages were found in packages.yml
[0m14:45:57.790775 [debug] [MainThread]: Command `cli deps` succeeded at 14:45:57.790775 after 0.41 seconds
[0m14:45:57.791775 [debug] [MainThread]: Sending event: {'category': 'dbt', 'action': 'invocation', 'label': 'end', 'context': [<snowplow_tracker.self_describing_json.SelfDescribingJson object at 0x00000205BE4AA840>, <snowplow_tracker.self_describing_json.SelfDescribingJson object at 0x00000205BE4A9700>, <snowplow_tracker.self_describing_json.SelfDescribingJson object at 0x00000205BEDEE090>]}
[0m14:45:57.792775 [debug] [MainThread]: Flushing usage events
[0m14:45:58.930276 [debug] [MainThread]: An error was encountered while trying to flush usage events
[0m15:34:52.793800 [debug] [MainThread]: Sending event: {'category': 'dbt', 'action': 'invocation', 'label': 'start', 'context': [<snowplow_tracker.self_describing_json.SelfDescribingJson object at 0x000001A3C876F020>, <snowplow_tracker.self_describing_json.SelfDescribingJson object at 0x000001A3C5C2B320>, <snowplow_tracker.self_describing_json.SelfDescribingJson object at 0x000001A3C671EE10>]}


============================== 15:34:52.793800 | 8615f3d1-37a7-41da-9709-6146d7224587 ==============================
[0m15:34:52.793800 [info ] [MainThread]: Running with dbt=1.11.11
[0m15:34:52.793800 [debug] [MainThread]: running dbt with arguments {'static_parser': 'True', 'no_print': 'None', 'version_check': 'True', 'warn_error_options': 'WarnErrorOptionsV2(error=[], warn=[], silence=[])', 'target_path': 'None', 'printer_width': '80', 'write_json': 'True', 'introspect': 'True', 'log_cache_events': 'False', 'empty': 'False', 'cache_selected_only': 'False', 'log_format': 'default', 'debug': 'False', 'fail_fast': 'False', 'partial_parse': 'True', 'send_anonymous_usage_stats': 'True', 'quiet': 'False', 'warn_error': 'None', 'profiles_dir': 'C:\\Users\\61452\\.dbt', 'indirect_selection': 'eager', 'use_colors': 'True', 'invocation_command': 'dbt run', 'use_experimental_parser': 'False', 'log_path': 'F:\\Projects\\Data Engg Project\\Data Engg Project on Emails - OC\\new attempt\\email_project\\logs'}
[0m15:34:53.191563 [debug] [MainThread]: Snowflake adapter: Setting snowflake.connector to ERROR (file logging only)
[0m15:34:53.191563 [debug] [MainThread]: Snowflake adapter: Setting botocore to ERROR (file logging only)
[0m15:34:53.191563 [debug] [MainThread]: Snowflake adapter: Setting boto3 to ERROR (file logging only)
[0m15:34:53.388951 [debug] [MainThread]: Sending event: {'category': 'dbt', 'action': 'project_id', 'label': '8615f3d1-37a7-41da-9709-6146d7224587', 'context': [<snowplow_tracker.self_describing_json.SelfDescribingJson object at 0x000001A3CBF68F50>]}
[0m15:34:53.436717 [debug] [MainThread]: Sending event: {'category': 'dbt', 'action': 'adapter_info', 'label': '8615f3d1-37a7-41da-9709-6146d7224587', 'context': [<snowplow_tracker.self_describing_json.SelfDescribingJson object at 0x000001A3CBDAFAA0>]}
[0m15:34:53.436717 [info ] [MainThread]: Registered adapter: snowflake=1.11.6
[0m15:34:53.760097 [debug] [MainThread]: checksum: 30a8cc8fdcbf66701b0944d4ccce3fa46dd04b61e5df68b9f16d57b2e0e3f0be, vars: {}, profile: , target: , version: 1.11.11
[0m15:34:53.809418 [info ] [MainThread]: Unable to do partial parsing because profile has changed
[0m15:34:53.809418 [info ] [MainThread]: Unable to do partial parsing because a project config has changed
[0m15:34:53.809418 [debug] [MainThread]: Sending event: {'category': 'dbt', 'action': 'partial_parser', 'label': '8615f3d1-37a7-41da-9709-6146d7224587', 'context': [<snowplow_tracker.self_describing_json.SelfDescribingJson object at 0x000001A3CC398E60>]}
[0m15:34:53.809418 [error] [MainThread]: Encountered an error:
'str' object has no attribute 'get'
[0m15:34:53.826899 [error] [MainThread]: Traceback (most recent call last):
  File "F:\Projects\Data Engg Project\Data Engg Project on Emails - OC\new attempt\.venv\Lib\site-packages\dbt\cli\requires.py", line 182, in wrapper
    result, success = func(*args, **kwargs)
                      ^^^^^^^^^^^^^^^^^^^^^
  File "F:\Projects\Data Engg Project\Data Engg Project on Emails - OC\new attempt\.venv\Lib\site-packages\dbt\cli\requires.py", line 128, in wrapper
    return func(*args, **kwargs)
           ^^^^^^^^^^^^^^^^^^^^^
  File "F:\Projects\Data Engg Project\Data Engg Project on Emails - OC\new attempt\.venv\Lib\site-packages\dbt\cli\requires.py", line 276, in wrapper
    return func(*args, **kwargs)
           ^^^^^^^^^^^^^^^^^^^^^
  File "F:\Projects\Data Engg Project\Data Engg Project on Emails - OC\new attempt\.venv\Lib\site-packages\dbt\cli\requires.py", line 321, in wrapper
    return func(*args, **kwargs)
           ^^^^^^^^^^^^^^^^^^^^^
  File "F:\Projects\Data Engg Project\Data Engg Project on Emails - OC\new attempt\.venv\Lib\site-packages\dbt\cli\requires.py", line 391, in wrapper
    return func(*args, **kwargs)
           ^^^^^^^^^^^^^^^^^^^^^
  File "F:\Projects\Data Engg Project\Data Engg Project on Emails - OC\new attempt\.venv\Lib\site-packages\dbt\cli\requires.py", line 368, in wrapper
    return func(*args, **kwargs)
           ^^^^^^^^^^^^^^^^^^^^^
  File "F:\Projects\Data Engg Project\Data Engg Project on Emails - OC\new attempt\.venv\Lib\site-packages\dbt\cli\requires.py", line 407, in wrapper
    setup_manifest(ctx, write=write, write_perf_info=write_perf_info)
  File "F:\Projects\Data Engg Project\Data Engg Project on Emails - OC\new attempt\.venv\Lib\site-packages\dbt\cli\requires.py", line 434, in setup_manifest
    ctx.obj["manifest"] = parse_manifest(
                          ^^^^^^^^^^^^^^^
  File "F:\Projects\Data Engg Project\Data Engg Project on Emails - OC\new attempt\.venv\Lib\site-packages\dbt\parser\manifest.py", line 2257, in parse_manifest
    manifest = ManifestLoader.get_full_manifest(
               ^^^^^^^^^^^^^^^^^^^^^^^^^^^^^^^^^
  File "F:\Projects\Data Engg Project\Data Engg Project on Emails - OC\new attempt\.venv\Lib\site-packages\dbt\parser\manifest.py", line 323, in get_full_manifest
    manifest = loader.load()
               ^^^^^^^^^^^^^
  File "F:\Projects\Data Engg Project\Data Engg Project on Emails - OC\new attempt\.venv\Lib\site-packages\dbt\parser\manifest.py", line 370, in load
    file_reader.read_files()
  File "F:\Projects\Data Engg Project\Data Engg Project on Emails - OC\new attempt\.venv\Lib\site-packages\dbt\parser\read_files.py", line 212, in read_files
    self.read_files_for_project(project, file_types)
  File "F:\Projects\Data Engg Project\Data Engg Project on Emails - OC\new attempt\.venv\Lib\site-packages\dbt\parser\read_files.py", line 219, in read_files_for_project
    project_files[file_type_info["parser"]] = read_files_for_parser(
                                              ^^^^^^^^^^^^^^^^^^^^^^
  File "F:\Projects\Data Engg Project\Data Engg Project on Emails - OC\new attempt\.venv\Lib\site-packages\dbt\parser\read_files.py", line 167, in read_files_for_parser
    source_files = get_source_files(
                   ^^^^^^^^^^^^^^^^^
  File "F:\Projects\Data Engg Project\Data Engg Project on Emails - OC\new attempt\.venv\Lib\site-packages\dbt\parser\read_files.py", line 156, in get_source_files
    file = load_source_file(fp, parse_file_type, project.project_name, saved_files)
           ^^^^^^^^^^^^^^^^^^^^^^^^^^^^^^^^^^^^^^^^^^^^^^^^^^^^^^^^^^^^^^^^^^^^^^^^
  File "F:\Projects\Data Engg Project\Data Engg Project on Emails - OC\new attempt\.venv\Lib\site-packages\dbt\parser\read_files.py", line 89, in load_source_file
    dfy = yaml_from_file(source_file=source_file, validate=True)
          ^^^^^^^^^^^^^^^^^^^^^^^^^^^^^^^^^^^^^^^^^^^^^^^^^^^^^^
  File "F:\Projects\Data Engg Project\Data Engg Project on Emails - OC\new attempt\.venv\Lib\site-packages\dbt\parser\schemas.py", line 169, in yaml_from_file
    for table in source.get("tables", []):
                 ^^^^^^^^^^
AttributeError: 'str' object has no attribute 'get'

[0m15:34:53.829130 [debug] [MainThread]: Command `dbt run` failed at 15:34:53.829130 after 1.19 seconds
[0m15:34:53.830051 [debug] [MainThread]: Sending event: {'category': 'dbt', 'action': 'invocation', 'label': 'end', 'context': [<snowplow_tracker.self_describing_json.SelfDescribingJson object at 0x000001A3C90D8800>, <snowplow_tracker.self_describing_json.SelfDescribingJson object at 0x000001A3CBFB70B0>, <snowplow_tracker.self_describing_json.SelfDescribingJson object at 0x000001A3CBE0E930>]}
[0m15:34:53.830051 [debug] [MainThread]: Flushing usage events
[0m15:34:54.952668 [debug] [MainThread]: An error was encountered while trying to flush usage events
[0m15:36:26.639370 [debug] [MainThread]: Sending event: {'category': 'dbt', 'action': 'invocation', 'label': 'start', 'context': [<snowplow_tracker.self_describing_json.SelfDescribingJson object at 0x0000019E262CE990>, <snowplow_tracker.self_describing_json.SelfDescribingJson object at 0x0000019E28435EB0>, <snowplow_tracker.self_describing_json.SelfDescribingJson object at 0x0000019E283C6E70>]}


============================== 15:36:26.645150 | 8ff2140f-045e-498d-b894-45b6ca30c734 ==============================
[0m15:36:26.645150 [info ] [MainThread]: Running with dbt=1.11.11
[0m15:36:26.646158 [debug] [MainThread]: running dbt with arguments {'static_parser': 'True', 'no_print': 'None', 'version_check': 'True', 'warn_error_options': 'WarnErrorOptionsV2(error=[], warn=[], silence=[])', 'target_path': 'None', 'printer_width': '80', 'write_json': 'True', 'introspect': 'True', 'log_cache_events': 'False', 'empty': 'False', 'cache_selected_only': 'False', 'log_format': 'default', 'debug': 'False', 'fail_fast': 'False', 'partial_parse': 'True', 'send_anonymous_usage_stats': 'True', 'quiet': 'False', 'warn_error': 'None', 'profiles_dir': 'C:\\Users\\61452\\.dbt', 'use_colors': 'True', 'invocation_command': 'dbt run', 'indirect_selection': 'eager', 'use_experimental_parser': 'False', 'log_path': 'F:\\Projects\\Data Engg Project\\Data Engg Project on Emails - OC\\new attempt\\email_project\\logs'}
[0m15:36:27.062693 [debug] [MainThread]: Snowflake adapter: Setting snowflake.connector to ERROR (file logging only)
[0m15:36:27.063725 [debug] [MainThread]: Snowflake adapter: Setting botocore to ERROR (file logging only)
[0m15:36:27.064705 [debug] [MainThread]: Snowflake adapter: Setting boto3 to ERROR (file logging only)
[0m15:36:27.245438 [debug] [MainThread]: Sending event: {'category': 'dbt', 'action': 'project_id', 'label': '8ff2140f-045e-498d-b894-45b6ca30c734', 'context': [<snowplow_tracker.self_describing_json.SelfDescribingJson object at 0x0000019E2B68FE60>]}
[0m15:36:27.304410 [debug] [MainThread]: Sending event: {'category': 'dbt', 'action': 'adapter_info', 'label': '8ff2140f-045e-498d-b894-45b6ca30c734', 'context': [<snowplow_tracker.self_describing_json.SelfDescribingJson object at 0x0000019E2AF4BDD0>]}
[0m15:36:27.306410 [info ] [MainThread]: Registered adapter: snowflake=1.11.6
[0m15:36:27.607690 [debug] [MainThread]: checksum: 30a8cc8fdcbf66701b0944d4ccce3fa46dd04b61e5df68b9f16d57b2e0e3f0be, vars: {}, profile: , target: , version: 1.11.11
[0m15:36:27.659642 [info ] [MainThread]: Unable to do partial parsing because profile has changed
[0m15:36:27.659642 [info ] [MainThread]: Unable to do partial parsing because a project config has changed
[0m15:36:27.659642 [debug] [MainThread]: Sending event: {'category': 'dbt', 'action': 'partial_parser', 'label': '8ff2140f-045e-498d-b894-45b6ca30c734', 'context': [<snowplow_tracker.self_describing_json.SelfDescribingJson object at 0x0000019E28AA9DC0>]}
[0m15:36:27.693571 [error] [MainThread]: Encountered an error:
'str' object has no attribute 'get'
[0m15:36:27.698782 [error] [MainThread]: Traceback (most recent call last):
  File "F:\Projects\Data Engg Project\Data Engg Project on Emails - OC\new attempt\.venv\Lib\site-packages\dbt\cli\requires.py", line 182, in wrapper
    result, success = func(*args, **kwargs)
                      ^^^^^^^^^^^^^^^^^^^^^
  File "F:\Projects\Data Engg Project\Data Engg Project on Emails - OC\new attempt\.venv\Lib\site-packages\dbt\cli\requires.py", line 128, in wrapper
    return func(*args, **kwargs)
           ^^^^^^^^^^^^^^^^^^^^^
  File "F:\Projects\Data Engg Project\Data Engg Project on Emails - OC\new attempt\.venv\Lib\site-packages\dbt\cli\requires.py", line 276, in wrapper
    return func(*args, **kwargs)
           ^^^^^^^^^^^^^^^^^^^^^
  File "F:\Projects\Data Engg Project\Data Engg Project on Emails - OC\new attempt\.venv\Lib\site-packages\dbt\cli\requires.py", line 321, in wrapper
    return func(*args, **kwargs)
           ^^^^^^^^^^^^^^^^^^^^^
  File "F:\Projects\Data Engg Project\Data Engg Project on Emails - OC\new attempt\.venv\Lib\site-packages\dbt\cli\requires.py", line 391, in wrapper
    return func(*args, **kwargs)
           ^^^^^^^^^^^^^^^^^^^^^
  File "F:\Projects\Data Engg Project\Data Engg Project on Emails - OC\new attempt\.venv\Lib\site-packages\dbt\cli\requires.py", line 368, in wrapper
    return func(*args, **kwargs)
           ^^^^^^^^^^^^^^^^^^^^^
  File "F:\Projects\Data Engg Project\Data Engg Project on Emails - OC\new attempt\.venv\Lib\site-packages\dbt\cli\requires.py", line 407, in wrapper
    setup_manifest(ctx, write=write, write_perf_info=write_perf_info)
  File "F:\Projects\Data Engg Project\Data Engg Project on Emails - OC\new attempt\.venv\Lib\site-packages\dbt\cli\requires.py", line 434, in setup_manifest
    ctx.obj["manifest"] = parse_manifest(
                          ^^^^^^^^^^^^^^^
  File "F:\Projects\Data Engg Project\Data Engg Project on Emails - OC\new attempt\.venv\Lib\site-packages\dbt\parser\manifest.py", line 2257, in parse_manifest
    manifest = ManifestLoader.get_full_manifest(
               ^^^^^^^^^^^^^^^^^^^^^^^^^^^^^^^^^
  File "F:\Projects\Data Engg Project\Data Engg Project on Emails - OC\new attempt\.venv\Lib\site-packages\dbt\parser\manifest.py", line 323, in get_full_manifest
    manifest = loader.load()
               ^^^^^^^^^^^^^
  File "F:\Projects\Data Engg Project\Data Engg Project on Emails - OC\new attempt\.venv\Lib\site-packages\dbt\parser\manifest.py", line 370, in load
    file_reader.read_files()
  File "F:\Projects\Data Engg Project\Data Engg Project on Emails - OC\new attempt\.venv\Lib\site-packages\dbt\parser\read_files.py", line 212, in read_files
    self.read_files_for_project(project, file_types)
  File "F:\Projects\Data Engg Project\Data Engg Project on Emails - OC\new attempt\.venv\Lib\site-packages\dbt\parser\read_files.py", line 219, in read_files_for_project
    project_files[file_type_info["parser"]] = read_files_for_parser(
                                              ^^^^^^^^^^^^^^^^^^^^^^
  File "F:\Projects\Data Engg Project\Data Engg Project on Emails - OC\new attempt\.venv\Lib\site-packages\dbt\parser\read_files.py", line 167, in read_files_for_parser
    source_files = get_source_files(
                   ^^^^^^^^^^^^^^^^^
  File "F:\Projects\Data Engg Project\Data Engg Project on Emails - OC\new attempt\.venv\Lib\site-packages\dbt\parser\read_files.py", line 156, in get_source_files
    file = load_source_file(fp, parse_file_type, project.project_name, saved_files)
           ^^^^^^^^^^^^^^^^^^^^^^^^^^^^^^^^^^^^^^^^^^^^^^^^^^^^^^^^^^^^^^^^^^^^^^^^
  File "F:\Projects\Data Engg Project\Data Engg Project on Emails - OC\new attempt\.venv\Lib\site-packages\dbt\parser\read_files.py", line 89, in load_source_file
    dfy = yaml_from_file(source_file=source_file, validate=True)
          ^^^^^^^^^^^^^^^^^^^^^^^^^^^^^^^^^^^^^^^^^^^^^^^^^^^^^^
  File "F:\Projects\Data Engg Project\Data Engg Project on Emails - OC\new attempt\.venv\Lib\site-packages\dbt\parser\schemas.py", line 169, in yaml_from_file
    for table in source.get("tables", []):
                 ^^^^^^^^^^
AttributeError: 'str' object has no attribute 'get'

[0m15:36:27.701999 [debug] [MainThread]: Command `dbt run` failed at 15:36:27.701999 after 1.22 seconds
[0m15:36:27.702992 [debug] [MainThread]: Sending event: {'category': 'dbt', 'action': 'invocation', 'label': 'end', 'context': [<snowplow_tracker.self_describing_json.SelfDescribingJson object at 0x0000019E26590440>, <snowplow_tracker.self_describing_json.SelfDescribingJson object at 0x0000019E2B754980>, <snowplow_tracker.self_describing_json.SelfDescribingJson object at 0x0000019E2BCAFE00>]}
[0m15:36:27.703989 [debug] [MainThread]: Flushing usage events
[0m15:36:28.915059 [debug] [MainThread]: An error was encountered while trying to flush usage events
[0m15:38:23.624495 [debug] [MainThread]: Sending event: {'category': 'dbt', 'action': 'invocation', 'label': 'start', 'context': [<snowplow_tracker.self_describing_json.SelfDescribingJson object at 0x000001BED7929250>, <snowplow_tracker.self_describing_json.SelfDescribingJson object at 0x000001BED49F70B0>, <snowplow_tracker.self_describing_json.SelfDescribingJson object at 0x000001BED48E76B0>]}


============================== 15:38:23.629465 | 7bc981a0-c8d3-45d1-a742-232ba13fe5dd ==============================
[0m15:38:23.629465 [info ] [MainThread]: Running with dbt=1.11.11
[0m15:38:23.629465 [debug] [MainThread]: running dbt with arguments {'static_parser': 'True', 'no_print': 'None', 'version_check': 'True', 'warn_error_options': 'WarnErrorOptionsV2(error=[], warn=[], silence=[])', 'target_path': 'None', 'printer_width': '80', 'write_json': 'True', 'introspect': 'True', 'log_cache_events': 'False', 'empty': 'False', 'cache_selected_only': 'False', 'fail_fast': 'False', 'debug': 'False', 'log_format': 'default', 'partial_parse': 'True', 'send_anonymous_usage_stats': 'True', 'quiet': 'False', 'warn_error': 'None', 'profiles_dir': 'C:\\Users\\61452\\.dbt', 'use_colors': 'True', 'indirect_selection': 'eager', 'invocation_command': 'dbt run', 'use_experimental_parser': 'False', 'log_path': 'F:\\Projects\\Data Engg Project\\Data Engg Project on Emails - OC\\new attempt\\email_project\\logs'}
[0m15:38:24.046365 [debug] [MainThread]: Snowflake adapter: Setting snowflake.connector to ERROR (file logging only)
[0m15:38:24.046365 [debug] [MainThread]: Snowflake adapter: Setting botocore to ERROR (file logging only)
[0m15:38:24.046365 [debug] [MainThread]: Snowflake adapter: Setting boto3 to ERROR (file logging only)
[0m15:38:24.233441 [debug] [MainThread]: Sending event: {'category': 'dbt', 'action': 'project_id', 'label': '7bc981a0-c8d3-45d1-a742-232ba13fe5dd', 'context': [<snowplow_tracker.self_describing_json.SelfDescribingJson object at 0x000001BEDAC966C0>]}
[0m15:38:24.280123 [debug] [MainThread]: Sending event: {'category': 'dbt', 'action': 'adapter_info', 'label': '7bc981a0-c8d3-45d1-a742-232ba13fe5dd', 'context': [<snowplow_tracker.self_describing_json.SelfDescribingJson object at 0x000001BED5828EF0>]}
[0m15:38:24.280123 [info ] [MainThread]: Registered adapter: snowflake=1.11.6
[0m15:38:24.628263 [debug] [MainThread]: checksum: 30a8cc8fdcbf66701b0944d4ccce3fa46dd04b61e5df68b9f16d57b2e0e3f0be, vars: {}, profile: , target: , version: 1.11.11
[0m15:38:24.684256 [info ] [MainThread]: Unable to do partial parsing because profile has changed
[0m15:38:24.685266 [info ] [MainThread]: Unable to do partial parsing because a project config has changed
[0m15:38:24.687272 [debug] [MainThread]: Sending event: {'category': 'dbt', 'action': 'partial_parser', 'label': '7bc981a0-c8d3-45d1-a742-232ba13fe5dd', 'context': [<snowplow_tracker.self_describing_json.SelfDescribingJson object at 0x000001BED8055D30>]}
[0m15:38:24.693874 [error] [MainThread]: Encountered an error:
'str' object has no attribute 'get'
[0m15:38:24.696895 [error] [MainThread]: Traceback (most recent call last):
  File "F:\Projects\Data Engg Project\Data Engg Project on Emails - OC\new attempt\.venv\Lib\site-packages\dbt\cli\requires.py", line 182, in wrapper
    result, success = func(*args, **kwargs)
                      ^^^^^^^^^^^^^^^^^^^^^
  File "F:\Projects\Data Engg Project\Data Engg Project on Emails - OC\new attempt\.venv\Lib\site-packages\dbt\cli\requires.py", line 128, in wrapper
    return func(*args, **kwargs)
           ^^^^^^^^^^^^^^^^^^^^^
  File "F:\Projects\Data Engg Project\Data Engg Project on Emails - OC\new attempt\.venv\Lib\site-packages\dbt\cli\requires.py", line 276, in wrapper
    return func(*args, **kwargs)
           ^^^^^^^^^^^^^^^^^^^^^
  File "F:\Projects\Data Engg Project\Data Engg Project on Emails - OC\new attempt\.venv\Lib\site-packages\dbt\cli\requires.py", line 321, in wrapper
    return func(*args, **kwargs)
           ^^^^^^^^^^^^^^^^^^^^^
  File "F:\Projects\Data Engg Project\Data Engg Project on Emails - OC\new attempt\.venv\Lib\site-packages\dbt\cli\requires.py", line 391, in wrapper
    return func(*args, **kwargs)
           ^^^^^^^^^^^^^^^^^^^^^
  File "F:\Projects\Data Engg Project\Data Engg Project on Emails - OC\new attempt\.venv\Lib\site-packages\dbt\cli\requires.py", line 368, in wrapper
    return func(*args, **kwargs)
           ^^^^^^^^^^^^^^^^^^^^^
  File "F:\Projects\Data Engg Project\Data Engg Project on Emails - OC\new attempt\.venv\Lib\site-packages\dbt\cli\requires.py", line 407, in wrapper
    setup_manifest(ctx, write=write, write_perf_info=write_perf_info)
  File "F:\Projects\Data Engg Project\Data Engg Project on Emails - OC\new attempt\.venv\Lib\site-packages\dbt\cli\requires.py", line 434, in setup_manifest
    ctx.obj["manifest"] = parse_manifest(
                          ^^^^^^^^^^^^^^^
  File "F:\Projects\Data Engg Project\Data Engg Project on Emails - OC\new attempt\.venv\Lib\site-packages\dbt\parser\manifest.py", line 2257, in parse_manifest
    manifest = ManifestLoader.get_full_manifest(
               ^^^^^^^^^^^^^^^^^^^^^^^^^^^^^^^^^
  File "F:\Projects\Data Engg Project\Data Engg Project on Emails - OC\new attempt\.venv\Lib\site-packages\dbt\parser\manifest.py", line 323, in get_full_manifest
    manifest = loader.load()
               ^^^^^^^^^^^^^
  File "F:\Projects\Data Engg Project\Data Engg Project on Emails - OC\new attempt\.venv\Lib\site-packages\dbt\parser\manifest.py", line 370, in load
    file_reader.read_files()
  File "F:\Projects\Data Engg Project\Data Engg Project on Emails - OC\new attempt\.venv\Lib\site-packages\dbt\parser\read_files.py", line 212, in read_files
    self.read_files_for_project(project, file_types)
  File "F:\Projects\Data Engg Project\Data Engg Project on Emails - OC\new attempt\.venv\Lib\site-packages\dbt\parser\read_files.py", line 219, in read_files_for_project
    project_files[file_type_info["parser"]] = read_files_for_parser(
                                              ^^^^^^^^^^^^^^^^^^^^^^
  File "F:\Projects\Data Engg Project\Data Engg Project on Emails - OC\new attempt\.venv\Lib\site-packages\dbt\parser\read_files.py", line 167, in read_files_for_parser
    source_files = get_source_files(
                   ^^^^^^^^^^^^^^^^^
  File "F:\Projects\Data Engg Project\Data Engg Project on Emails - OC\new attempt\.venv\Lib\site-packages\dbt\parser\read_files.py", line 156, in get_source_files
    file = load_source_file(fp, parse_file_type, project.project_name, saved_files)
           ^^^^^^^^^^^^^^^^^^^^^^^^^^^^^^^^^^^^^^^^^^^^^^^^^^^^^^^^^^^^^^^^^^^^^^^^
  File "F:\Projects\Data Engg Project\Data Engg Project on Emails - OC\new attempt\.venv\Lib\site-packages\dbt\parser\read_files.py", line 89, in load_source_file
    dfy = yaml_from_file(source_file=source_file, validate=True)
          ^^^^^^^^^^^^^^^^^^^^^^^^^^^^^^^^^^^^^^^^^^^^^^^^^^^^^^
  File "F:\Projects\Data Engg Project\Data Engg Project on Emails - OC\new attempt\.venv\Lib\site-packages\dbt\parser\schemas.py", line 169, in yaml_from_file
    for table in source.get("tables", []):
                 ^^^^^^^^^^
AttributeError: 'str' object has no attribute 'get'

[0m15:38:24.698892 [debug] [MainThread]: Command `dbt run` failed at 15:38:24.698892 after 1.28 seconds
[0m15:38:24.698892 [debug] [MainThread]: Sending event: {'category': 'dbt', 'action': 'invocation', 'label': 'end', 'context': [<snowplow_tracker.self_describing_json.SelfDescribingJson object at 0x000001BED8720800>, <snowplow_tracker.self_describing_json.SelfDescribingJson object at 0x000001BED81AA4B0>, <snowplow_tracker.self_describing_json.SelfDescribingJson object at 0x000001BED88CCBF0>]}
[0m15:38:24.698892 [debug] [MainThread]: Flushing usage events
[0m15:38:25.878446 [debug] [MainThread]: An error was encountered while trying to flush usage events
[0m15:43:09.671461 [debug] [MainThread]: Sending event: {'category': 'dbt', 'action': 'invocation', 'label': 'start', 'context': [<snowplow_tracker.self_describing_json.SelfDescribingJson object at 0x000001DA52AAB9B0>, <snowplow_tracker.self_describing_json.SelfDescribingJson object at 0x000001DA52541D30>, <snowplow_tracker.self_describing_json.SelfDescribingJson object at 0x000001DA51ED0770>]}


============================== 15:43:09.677058 | 062bfd32-a1d0-4633-b7f3-541147fef440 ==============================
[0m15:43:09.677058 [info ] [MainThread]: Running with dbt=1.11.11
[0m15:43:09.677058 [debug] [MainThread]: running dbt with arguments {'static_parser': 'True', 'no_print': 'None', 'version_check': 'True', 'target_path': 'None', 'warn_error_options': 'WarnErrorOptionsV2(error=[], warn=[], silence=[])', 'printer_width': '80', 'write_json': 'True', 'empty': 'False', 'log_cache_events': 'False', 'introspect': 'True', 'cache_selected_only': 'False', 'log_format': 'default', 'debug': 'False', 'fail_fast': 'False', 'partial_parse': 'True', 'send_anonymous_usage_stats': 'True', 'quiet': 'False', 'warn_error': 'None', 'profiles_dir': 'C:\\Users\\61452\\.dbt', 'indirect_selection': 'eager', 'use_colors': 'True', 'invocation_command': 'dbt run', 'use_experimental_parser': 'False', 'log_path': 'F:\\Projects\\Data Engg Project\\Data Engg Project on Emails - OC\\new attempt\\email_project\\logs'}
[0m15:43:10.273410 [debug] [MainThread]: Snowflake adapter: Setting snowflake.connector to ERROR (file logging only)
[0m15:43:10.273410 [debug] [MainThread]: Snowflake adapter: Setting botocore to ERROR (file logging only)
[0m15:43:10.273410 [debug] [MainThread]: Snowflake adapter: Setting boto3 to ERROR (file logging only)
[0m15:43:10.524071 [debug] [MainThread]: Sending event: {'category': 'dbt', 'action': 'project_id', 'label': '062bfd32-a1d0-4633-b7f3-541147fef440', 'context': [<snowplow_tracker.self_describing_json.SelfDescribingJson object at 0x000001DA556BD280>]}
[0m15:43:10.606318 [debug] [MainThread]: Sending event: {'category': 'dbt', 'action': 'adapter_info', 'label': '062bfd32-a1d0-4633-b7f3-541147fef440', 'context': [<snowplow_tracker.self_describing_json.SelfDescribingJson object at 0x000001DA54CD2480>]}
[0m15:43:10.608329 [info ] [MainThread]: Registered adapter: snowflake=1.11.6
[0m15:43:11.052897 [debug] [MainThread]: checksum: 30a8cc8fdcbf66701b0944d4ccce3fa46dd04b61e5df68b9f16d57b2e0e3f0be, vars: {}, profile: , target: , version: 1.11.11
[0m15:43:11.107982 [info ] [MainThread]: Unable to do partial parsing because profile has changed
[0m15:43:11.109995 [info ] [MainThread]: Unable to do partial parsing because a project config has changed
[0m15:43:11.109995 [debug] [MainThread]: Sending event: {'category': 'dbt', 'action': 'partial_parser', 'label': '062bfd32-a1d0-4633-b7f3-541147fef440', 'context': [<snowplow_tracker.self_describing_json.SelfDescribingJson object at 0x000001DA52AA9BB0>]}
[0m15:43:13.020922 [debug] [MainThread]: Sending event: {'category': 'dbt', 'action': 'load_project', 'label': '062bfd32-a1d0-4633-b7f3-541147fef440', 'context': [<snowplow_tracker.self_describing_json.SelfDescribingJson object at 0x000001DA55693E90>]}
[0m15:43:13.137531 [debug] [MainThread]: Wrote artifact WritableManifest to F:\Projects\Data Engg Project\Data Engg Project on Emails - OC\new attempt\email_project\target\manifest.json
[0m15:43:13.141545 [debug] [MainThread]: Wrote artifact SemanticManifest to F:\Projects\Data Engg Project\Data Engg Project on Emails - OC\new attempt\email_project\target\semantic_manifest.json
[0m15:43:13.167401 [debug] [MainThread]: Sending event: {'category': 'dbt', 'action': 'resource_counts', 'label': '062bfd32-a1d0-4633-b7f3-541147fef440', 'context': [<snowplow_tracker.self_describing_json.SelfDescribingJson object at 0x000001DA5434E060>]}
[0m15:43:13.167401 [info ] [MainThread]: Found 1 model, 1 source, 537 macros
[0m15:43:13.182328 [debug] [MainThread]: Sending event: {'category': 'dbt', 'action': 'runnable_timing', 'label': '062bfd32-a1d0-4633-b7f3-541147fef440', 'context': [<snowplow_tracker.self_describing_json.SelfDescribingJson object at 0x000001DA55D93590>]}
[0m15:43:13.211219 [info ] [MainThread]: 
[0m15:43:13.228435 [info ] [MainThread]: Concurrency: 1 threads (target='dev')
[0m15:43:13.250171 [info ] [MainThread]: 
[0m15:43:13.261175 [debug] [MainThread]: Acquiring new snowflake connection 'master'
[0m15:43:13.320595 [debug] [ThreadPool]: Acquiring new snowflake connection 'list_email_db'
[0m15:43:13.543228 [debug] [ThreadPool]: Using snowflake connection "list_email_db"
[0m15:43:13.544224 [debug] [ThreadPool]: On list_email_db: show terse schemas in database email_db
    limit 10000
/* {"app": "dbt", "dbt_version": "1.11.11", "profile_name": "email_project", "target_name": "dev", "connection_name": "list_email_db"} */
[0m15:43:13.544224 [debug] [ThreadPool]: Opening a new connection, currently in state init
[0m15:43:14.882544 [debug] [ThreadPool]: SQL status: SUCCESS 3 in 1.338 seconds
[0m15:43:14.885557 [debug] [ThreadPool]: Re-using an available connection from the pool (formerly list_email_db, now create_email_db_raw_bronze)
[0m15:43:14.910460 [debug] [ThreadPool]: Creating schema "database: "email_db"
schema: "raw_bronze"
"
[0m15:43:14.918458 [debug] [ThreadPool]: Using snowflake connection "create_email_db_raw_bronze"
[0m15:43:14.919457 [debug] [ThreadPool]: On create_email_db_raw_bronze: create schema if not exists email_db.raw_bronze
/* {"app": "dbt", "dbt_version": "1.11.11", "profile_name": "email_project", "target_name": "dev", "connection_name": "create_email_db_raw_bronze"} */
[0m15:43:15.059272 [debug] [ThreadPool]: SQL status: SUCCESS 1 in 0.139 seconds
[0m15:43:15.079538 [debug] [ThreadPool]: Acquiring new snowflake connection 'list_email_db_raw_bronze'
[0m15:43:15.102158 [debug] [ThreadPool]: Using snowflake connection "list_email_db_raw_bronze"
[0m15:43:15.102158 [debug] [ThreadPool]: On list_email_db_raw_bronze: show objects in email_db.raw_bronze
    limit 10000
    

/* {"app": "dbt", "dbt_version": "1.11.11", "profile_name": "email_project", "target_name": "dev", "connection_name": "list_email_db_raw_bronze"} */;
[0m15:43:15.104163 [debug] [ThreadPool]: Opening a new connection, currently in state init
[0m15:43:15.609812 [debug] [ThreadPool]: SQL status: SUCCESS 0 in 0.506 seconds
[0m15:43:15.611827 [debug] [MainThread]: Sending event: {'category': 'dbt', 'action': 'runnable_timing', 'label': '062bfd32-a1d0-4633-b7f3-541147fef440', 'context': [<snowplow_tracker.self_describing_json.SelfDescribingJson object at 0x000001DA5434DB80>]}
[0m15:43:15.880955 [debug] [Thread-2 (]: Began running node model.email_project.br_gmail_data
[0m15:43:15.881964 [info ] [Thread-2 (]: 1 of 1 START sql view model raw_bronze.br_gmail_data ........................... [RUN]
[0m15:43:15.888976 [debug] [Thread-2 (]: Acquiring new snowflake connection 'model.email_project.br_gmail_data'
[0m15:43:15.889974 [debug] [Thread-2 (]: Began compiling node model.email_project.br_gmail_data
[0m15:43:15.901486 [debug] [Thread-2 (]: Writing injected SQL for node "model.email_project.br_gmail_data"
[0m15:43:15.903488 [debug] [Thread-2 (]: Began executing node model.email_project.br_gmail_data
[0m15:43:15.956325 [debug] [Thread-2 (]: Writing runtime sql for node "model.email_project.br_gmail_data"
[0m15:43:15.960323 [debug] [Thread-2 (]: Using snowflake connection "model.email_project.br_gmail_data"
[0m15:43:15.964325 [debug] [Thread-2 (]: On model.email_project.br_gmail_data: create or replace   view email_db.raw_bronze.br_gmail_data
  
  
  
  
  as (
    

SELECT 
    message_id,
    thread_id,
    gmail_thread_id,

    lower(sender_email) as sender_email,
    sender_display_name,
    sender_domain,
    sender_domain_type,

    subject,

    try_to_timestamp(full_date) as email_timestamp,

    year,
    quarter,
    month,
    week,

    day_name,
    is_weekend,

    hour,
    minute,

    folder,

    attachment_count,
    has_attachments,

    is_read,
    is_starred,
    is_replied,
    is_forwarded,

    thread_subject,
    thread_message_count,
    thread_duration_sec,
    thread_participant_count

from email_db.raw.gmail_data
  )
/* {"app": "dbt", "dbt_version": "1.11.11", "profile_name": "email_project", "target_name": "dev", "node_id": "model.email_project.br_gmail_data"} */;
[0m15:43:15.965322 [debug] [Thread-2 (]: Opening a new connection, currently in state init
[0m15:43:16.780755 [debug] [Thread-2 (]: SQL status: SUCCESS 1 in 0.817 seconds
[0m15:43:16.821331 [debug] [Thread-2 (]: Sending event: {'category': 'dbt', 'action': 'run_model', 'label': '062bfd32-a1d0-4633-b7f3-541147fef440', 'context': [<snowplow_tracker.self_describing_json.SelfDescribingJson object at 0x000001DA5434DDC0>]}
[0m15:43:16.823339 [info ] [Thread-2 (]: 1 of 1 OK created sql view model raw_bronze.br_gmail_data ...................... [[32mSUCCESS 1[0m in 0.93s]
[0m15:43:16.833376 [debug] [Thread-2 (]: Finished running node model.email_project.br_gmail_data
[0m15:43:16.836403 [debug] [MainThread]: Connection 'master' was properly closed.
[0m15:43:16.836403 [debug] [MainThread]: Connection 'create_email_db_raw_bronze' was left open.
[0m15:43:16.838413 [debug] [MainThread]: On create_email_db_raw_bronze: Close
[0m15:43:16.980438 [debug] [MainThread]: Connection 'list_email_db_raw_bronze' was left open.
[0m15:43:16.980438 [debug] [MainThread]: On list_email_db_raw_bronze: Close
[0m15:43:17.162484 [debug] [MainThread]: Connection 'model.email_project.br_gmail_data' was left open.
[0m15:43:17.163493 [debug] [MainThread]: On model.email_project.br_gmail_data: Close
[0m15:43:17.324934 [info ] [MainThread]: 
[0m15:43:17.342793 [info ] [MainThread]: Finished running 1 view model in 0 hours 0 minutes and 4.06 seconds (4.06s).
[0m15:43:17.370234 [debug] [MainThread]: Command end result
[0m15:43:17.427628 [debug] [MainThread]: Wrote artifact WritableManifest to F:\Projects\Data Engg Project\Data Engg Project on Emails - OC\new attempt\email_project\target\manifest.json
[0m15:43:17.430624 [debug] [MainThread]: Wrote artifact SemanticManifest to F:\Projects\Data Engg Project\Data Engg Project on Emails - OC\new attempt\email_project\target\semantic_manifest.json
[0m15:43:17.456630 [debug] [MainThread]: Wrote artifact RunExecutionResult to F:\Projects\Data Engg Project\Data Engg Project on Emails - OC\new attempt\email_project\target\run_results.json
[0m15:43:17.457628 [info ] [MainThread]: 
[0m15:43:17.469546 [info ] [MainThread]: [32mCompleted successfully[0m
[0m15:43:17.474539 [info ] [MainThread]: 
[0m15:43:17.481544 [info ] [MainThread]: Done. PASS=1 WARN=0 ERROR=0 SKIP=0 NO-OP=0 TOTAL=1
[0m15:43:17.490548 [debug] [MainThread]: Command `dbt run` succeeded at 15:43:17.490548 after 8.03 seconds
[0m15:43:17.503040 [debug] [MainThread]: Sending event: {'category': 'dbt', 'action': 'invocation', 'label': 'end', 'context': [<snowplow_tracker.self_describing_json.SelfDescribingJson object at 0x000001DA5312E1B0>, <snowplow_tracker.self_describing_json.SelfDescribingJson object at 0x000001DA5245ABA0>, <snowplow_tracker.self_describing_json.SelfDescribingJson object at 0x000001DA5245B6B0>]}
[0m15:43:17.504041 [debug] [MainThread]: Flushing usage events
[0m15:43:18.624070 [debug] [MainThread]: An error was encountered while trying to flush usage events
[0m15:47:47.365499 [debug] [MainThread]: Sending event: {'category': 'dbt', 'action': 'invocation', 'label': 'start', 'context': [<snowplow_tracker.self_describing_json.SelfDescribingJson object at 0x000001A9F2344E00>, <snowplow_tracker.self_describing_json.SelfDescribingJson object at 0x000001A9F0F6CB30>, <snowplow_tracker.self_describing_json.SelfDescribingJson object at 0x000001A9EF2391C0>]}


============================== 15:47:47.369502 | 411ac57f-6c95-433e-85b3-e14d649031b4 ==============================
[0m15:47:47.369502 [info ] [MainThread]: Running with dbt=1.11.11
[0m15:47:47.369502 [debug] [MainThread]: running dbt with arguments {'static_parser': 'True', 'no_print': 'None', 'version_check': 'True', 'target_path': 'None', 'warn_error_options': 'WarnErrorOptionsV2(error=[], warn=[], silence=[])', 'printer_width': '80', 'write_json': 'True', 'introspect': 'True', 'log_cache_events': 'False', 'empty': 'False', 'cache_selected_only': 'False', 'log_format': 'default', 'debug': 'False', 'fail_fast': 'False', 'partial_parse': 'True', 'send_anonymous_usage_stats': 'True', 'quiet': 'False', 'warn_error': 'None', 'profiles_dir': 'C:\\Users\\61452\\.dbt', 'invocation_command': 'dbt run', 'use_colors': 'True', 'indirect_selection': 'eager', 'use_experimental_parser': 'False', 'log_path': 'F:\\Projects\\Data Engg Project\\Data Engg Project on Emails - OC\\new attempt\\email_project\\logs'}
[0m15:47:47.760429 [debug] [MainThread]: Snowflake adapter: Setting snowflake.connector to ERROR (file logging only)
[0m15:47:47.760429 [debug] [MainThread]: Snowflake adapter: Setting botocore to ERROR (file logging only)
[0m15:47:47.760429 [debug] [MainThread]: Snowflake adapter: Setting boto3 to ERROR (file logging only)
[0m15:47:47.942268 [debug] [MainThread]: Sending event: {'category': 'dbt', 'action': 'project_id', 'label': '411ac57f-6c95-433e-85b3-e14d649031b4', 'context': [<snowplow_tracker.self_describing_json.SelfDescribingJson object at 0x000001A9F166B020>]}
[0m15:47:47.990555 [debug] [MainThread]: Sending event: {'category': 'dbt', 'action': 'adapter_info', 'label': '411ac57f-6c95-433e-85b3-e14d649031b4', 'context': [<snowplow_tracker.self_describing_json.SelfDescribingJson object at 0x000001A9F4113C80>]}
[0m15:47:47.990555 [info ] [MainThread]: Registered adapter: snowflake=1.11.6
[0m15:47:48.287757 [debug] [MainThread]: checksum: 30a8cc8fdcbf66701b0944d4ccce3fa46dd04b61e5df68b9f16d57b2e0e3f0be, vars: {}, profile: , target: , version: 1.11.11
[0m15:47:48.390136 [debug] [MainThread]: Partial parsing enabled: 0 files deleted, 0 files added, 0 files changed.
[0m15:47:48.390136 [debug] [MainThread]: Nothing changed, skipping partial parsing.
[0m15:47:48.390136 [debug] [MainThread]: Partial parsing enabled, no changes found, skipping parsing
[0m15:47:48.422165 [debug] [MainThread]: Sending event: {'category': 'dbt', 'action': 'load_project', 'label': '411ac57f-6c95-433e-85b3-e14d649031b4', 'context': [<snowplow_tracker.self_describing_json.SelfDescribingJson object at 0x000001A9F4A54CE0>]}
[0m15:47:48.499228 [debug] [MainThread]: Wrote artifact WritableManifest to F:\Projects\Data Engg Project\Data Engg Project on Emails - OC\new attempt\email_project\target\manifest.json
[0m15:47:48.515301 [debug] [MainThread]: Wrote artifact SemanticManifest to F:\Projects\Data Engg Project\Data Engg Project on Emails - OC\new attempt\email_project\target\semantic_manifest.json
[0m15:47:48.516316 [debug] [MainThread]: Sending event: {'category': 'dbt', 'action': 'resource_counts', 'label': '411ac57f-6c95-433e-85b3-e14d649031b4', 'context': [<snowplow_tracker.self_describing_json.SelfDescribingJson object at 0x000001A9F4D1ADB0>]}
[0m15:47:48.516316 [info ] [MainThread]: Found 1 model, 1 source, 537 macros
[0m15:47:48.516316 [debug] [MainThread]: Sending event: {'category': 'dbt', 'action': 'runnable_timing', 'label': '411ac57f-6c95-433e-85b3-e14d649031b4', 'context': [<snowplow_tracker.self_describing_json.SelfDescribingJson object at 0x000001A9F4D871A0>]}
[0m15:47:48.516316 [info ] [MainThread]: 
[0m15:47:48.516316 [info ] [MainThread]: Concurrency: 1 threads (target='dev')
[0m15:47:48.516316 [info ] [MainThread]: 
[0m15:47:48.516316 [debug] [MainThread]: Acquiring new snowflake connection 'master'
[0m15:47:48.532586 [debug] [ThreadPool]: Acquiring new snowflake connection 'list_email_db'
[0m15:47:48.604623 [debug] [ThreadPool]: Using snowflake connection "list_email_db"
[0m15:47:48.604623 [debug] [ThreadPool]: On list_email_db: show terse schemas in database email_db
    limit 10000
/* {"app": "dbt", "dbt_version": "1.11.11", "profile_name": "email_project", "target_name": "dev", "connection_name": "list_email_db"} */
[0m15:47:48.605644 [debug] [ThreadPool]: Opening a new connection, currently in state init
[0m15:47:49.739650 [debug] [ThreadPool]: SQL status: SUCCESS 4 in 1.135 seconds
[0m15:47:49.741661 [debug] [ThreadPool]: Re-using an available connection from the pool (formerly list_email_db, now create_email_db_raw_jingalala)
[0m15:47:49.742671 [debug] [ThreadPool]: Creating schema "database: "email_db"
schema: "raw_jingalala"
"
[0m15:47:49.749671 [debug] [ThreadPool]: Using snowflake connection "create_email_db_raw_jingalala"
[0m15:47:49.749671 [debug] [ThreadPool]: On create_email_db_raw_jingalala: create schema if not exists email_db.raw_jingalala
/* {"app": "dbt", "dbt_version": "1.11.11", "profile_name": "email_project", "target_name": "dev", "connection_name": "create_email_db_raw_jingalala"} */
[0m15:47:50.358645 [debug] [ThreadPool]: SQL status: SUCCESS 1 in 0.615 seconds
[0m15:47:50.358645 [debug] [ThreadPool]: Acquiring new snowflake connection 'list_email_db_raw_jingalala'
[0m15:47:50.374409 [debug] [ThreadPool]: Using snowflake connection "list_email_db_raw_jingalala"
[0m15:47:50.374409 [debug] [ThreadPool]: On list_email_db_raw_jingalala: show objects in email_db.raw_jingalala
    limit 10000
    

/* {"app": "dbt", "dbt_version": "1.11.11", "profile_name": "email_project", "target_name": "dev", "connection_name": "list_email_db_raw_jingalala"} */;
[0m15:47:50.374409 [debug] [ThreadPool]: Opening a new connection, currently in state init
[0m15:47:51.779639 [debug] [ThreadPool]: SQL status: SUCCESS 0 in 1.407 seconds
[0m15:47:51.779639 [debug] [MainThread]: Sending event: {'category': 'dbt', 'action': 'runnable_timing', 'label': '411ac57f-6c95-433e-85b3-e14d649031b4', 'context': [<snowplow_tracker.self_describing_json.SelfDescribingJson object at 0x000001A9F4EB3FE0>]}
[0m15:47:51.779639 [debug] [Thread-2 (]: Began running node model.email_project.br_gmail_data
[0m15:47:51.795546 [info ] [Thread-2 (]: 1 of 1 START sql view model raw_jingalala.br_gmail_data ........................ [RUN]
[0m15:47:51.795546 [debug] [Thread-2 (]: Acquiring new snowflake connection 'model.email_project.br_gmail_data'
[0m15:47:51.795546 [debug] [Thread-2 (]: Began compiling node model.email_project.br_gmail_data
[0m15:47:51.795546 [debug] [Thread-2 (]: Writing injected SQL for node "model.email_project.br_gmail_data"
[0m15:47:51.795546 [debug] [Thread-2 (]: Began executing node model.email_project.br_gmail_data
[0m15:47:51.835827 [debug] [Thread-2 (]: Writing runtime sql for node "model.email_project.br_gmail_data"
[0m15:47:51.837827 [debug] [Thread-2 (]: Using snowflake connection "model.email_project.br_gmail_data"
[0m15:47:51.837827 [debug] [Thread-2 (]: On model.email_project.br_gmail_data: create or replace   view email_db.raw_jingalala.br_gmail_data
  
  
  
  
  as (
    

SELECT 
    message_id,
    thread_id,
    gmail_thread_id,

    lower(sender_email) as sender_email,
    sender_display_name,
    sender_domain,
    sender_domain_type,

    subject,

    try_to_timestamp(full_date) as email_timestamp,

    year,
    quarter,
    month,
    week,

    day_name,
    is_weekend,

    hour,
    minute,

    folder,

    attachment_count,
    has_attachments,

    is_read,
    is_starred,
    is_replied,
    is_forwarded,

    thread_subject,
    thread_message_count,
    thread_duration_sec,
    thread_participant_count

from email_db.raw.gmail_data
  )
/* {"app": "dbt", "dbt_version": "1.11.11", "profile_name": "email_project", "target_name": "dev", "node_id": "model.email_project.br_gmail_data"} */;
[0m15:47:51.838827 [debug] [Thread-2 (]: Opening a new connection, currently in state init
[0m15:47:54.301983 [debug] [Thread-2 (]: SQL status: SUCCESS 1 in 2.463 seconds
[0m15:47:54.327014 [debug] [Thread-2 (]: Sending event: {'category': 'dbt', 'action': 'run_model', 'label': '411ac57f-6c95-433e-85b3-e14d649031b4', 'context': [<snowplow_tracker.self_describing_json.SelfDescribingJson object at 0x000001A9F354E060>]}
[0m15:47:54.327014 [info ] [Thread-2 (]: 1 of 1 OK created sql view model raw_jingalala.br_gmail_data ................... [[32mSUCCESS 1[0m in 2.53s]
[0m15:47:54.328234 [debug] [Thread-2 (]: Finished running node model.email_project.br_gmail_data
[0m15:47:54.330251 [debug] [MainThread]: Connection 'master' was properly closed.
[0m15:47:54.330251 [debug] [MainThread]: Connection 'create_email_db_raw_jingalala' was left open.
[0m15:47:54.330251 [debug] [MainThread]: On create_email_db_raw_jingalala: Close
[0m15:47:54.490502 [debug] [MainThread]: Connection 'list_email_db_raw_jingalala' was left open.
[0m15:47:54.490502 [debug] [MainThread]: On list_email_db_raw_jingalala: Close
[0m15:47:54.687428 [debug] [MainThread]: Connection 'model.email_project.br_gmail_data' was left open.
[0m15:47:54.687428 [debug] [MainThread]: On model.email_project.br_gmail_data: Close
[0m15:47:54.890111 [info ] [MainThread]: 
[0m15:47:54.890111 [info ] [MainThread]: Finished running 1 view model in 0 hours 0 minutes and 6.37 seconds (6.37s).
[0m15:47:54.890111 [debug] [MainThread]: Command end result
[0m15:47:54.926469 [debug] [MainThread]: Wrote artifact WritableManifest to F:\Projects\Data Engg Project\Data Engg Project on Emails - OC\new attempt\email_project\target\manifest.json
[0m15:47:54.931027 [debug] [MainThread]: Wrote artifact SemanticManifest to F:\Projects\Data Engg Project\Data Engg Project on Emails - OC\new attempt\email_project\target\semantic_manifest.json
[0m15:47:54.931027 [debug] [MainThread]: Wrote artifact RunExecutionResult to F:\Projects\Data Engg Project\Data Engg Project on Emails - OC\new attempt\email_project\target\run_results.json
[0m15:47:54.931027 [info ] [MainThread]: 
[0m15:47:54.931027 [info ] [MainThread]: [32mCompleted successfully[0m
[0m15:47:54.931027 [info ] [MainThread]: 
[0m15:47:54.941692 [info ] [MainThread]: Done. PASS=1 WARN=0 ERROR=0 SKIP=0 NO-OP=0 TOTAL=1
[0m15:47:54.942883 [debug] [MainThread]: Command `dbt run` succeeded at 15:47:54.942883 after 7.73 seconds
[0m15:47:54.942883 [debug] [MainThread]: Sending event: {'category': 'dbt', 'action': 'invocation', 'label': 'end', 'context': [<snowplow_tracker.self_describing_json.SelfDescribingJson object at 0x000001A9EF2391C0>, <snowplow_tracker.self_describing_json.SelfDescribingJson object at 0x000001A9F1A95DC0>, <snowplow_tracker.self_describing_json.SelfDescribingJson object at 0x000001A9EF17CE00>]}
[0m15:47:54.942883 [debug] [MainThread]: Flushing usage events
[0m15:47:56.286169 [debug] [MainThread]: An error was encountered while trying to flush usage events
[0m15:50:05.305994 [debug] [MainThread]: Sending event: {'category': 'dbt', 'action': 'invocation', 'label': 'start', 'context': [<snowplow_tracker.self_describing_json.SelfDescribingJson object at 0x000002462454FDD0>, <snowplow_tracker.self_describing_json.SelfDescribingJson object at 0x000002462454E090>, <snowplow_tracker.self_describing_json.SelfDescribingJson object at 0x00000246207BAF90>]}


============================== 15:50:05.305994 | 8985aaaa-bec9-4a4b-be3a-778a21e28df6 ==============================
[0m15:50:05.305994 [info ] [MainThread]: Running with dbt=1.11.11
[0m15:50:05.305994 [debug] [MainThread]: running dbt with arguments {'static_parser': 'True', 'no_print': 'None', 'version_check': 'True', 'target_path': 'None', 'warn_error_options': 'WarnErrorOptionsV2(error=[], warn=[], silence=[])', 'printer_width': '80', 'write_json': 'True', 'empty': 'False', 'log_cache_events': 'False', 'introspect': 'True', 'cache_selected_only': 'False', 'fail_fast': 'False', 'debug': 'False', 'log_format': 'default', 'partial_parse': 'True', 'send_anonymous_usage_stats': 'True', 'quiet': 'False', 'warn_error': 'None', 'profiles_dir': 'C:\\Users\\61452\\.dbt', 'indirect_selection': 'eager', 'invocation_command': 'dbt run', 'use_colors': 'True', 'use_experimental_parser': 'False', 'log_path': 'F:\\Projects\\Data Engg Project\\Data Engg Project on Emails - OC\\new attempt\\email_project\\logs'}
[0m15:50:05.697309 [debug] [MainThread]: Snowflake adapter: Setting snowflake.connector to ERROR (file logging only)
[0m15:50:05.697309 [debug] [MainThread]: Snowflake adapter: Setting botocore to ERROR (file logging only)
[0m15:50:05.698309 [debug] [MainThread]: Snowflake adapter: Setting boto3 to ERROR (file logging only)
[0m15:50:05.871227 [debug] [MainThread]: Sending event: {'category': 'dbt', 'action': 'project_id', 'label': '8985aaaa-bec9-4a4b-be3a-778a21e28df6', 'context': [<snowplow_tracker.self_describing_json.SelfDescribingJson object at 0x00000246262B7E30>]}
[0m15:50:05.920779 [debug] [MainThread]: Sending event: {'category': 'dbt', 'action': 'adapter_info', 'label': '8985aaaa-bec9-4a4b-be3a-778a21e28df6', 'context': [<snowplow_tracker.self_describing_json.SelfDescribingJson object at 0x0000024625886A80>]}
[0m15:50:05.920779 [info ] [MainThread]: Registered adapter: snowflake=1.11.6
[0m15:50:06.203610 [debug] [MainThread]: checksum: 30a8cc8fdcbf66701b0944d4ccce3fa46dd04b61e5df68b9f16d57b2e0e3f0be, vars: {}, profile: , target: , version: 1.11.11
[0m15:50:06.324239 [debug] [MainThread]: Partial parsing enabled: 0 files deleted, 0 files added, 1 files changed.
[0m15:50:06.324239 [debug] [MainThread]: Partial parsing: updated file: email_project://models\bronze\sources.yml
[0m15:50:06.592408 [error] [MainThread]: Encountered an error:
Compilation Error
  Model 'model.email_project.br_gmail_data' (models\bronze\br_gmail_data.sql) depends on a source named 'raw.gmail_data' which was not found
[0m15:50:06.592408 [debug] [MainThread]: Command `dbt run` failed at 15:50:06.592408 after 1.42 seconds
[0m15:50:06.592408 [debug] [MainThread]: Sending event: {'category': 'dbt', 'action': 'invocation', 'label': 'end', 'context': [<snowplow_tracker.self_describing_json.SelfDescribingJson object at 0x0000024623F31C10>, <snowplow_tracker.self_describing_json.SelfDescribingJson object at 0x0000024627065C10>, <snowplow_tracker.self_describing_json.SelfDescribingJson object at 0x0000024626A74C80>]}
[0m15:50:06.592408 [debug] [MainThread]: Flushing usage events
[0m15:50:07.680327 [debug] [MainThread]: An error was encountered while trying to flush usage events
[0m18:13:45.712359 [debug] [MainThread]: Sending event: {'category': 'dbt', 'action': 'invocation', 'label': 'start', 'context': [<snowplow_tracker.self_describing_json.SelfDescribingJson object at 0x000001F23D897020>, <snowplow_tracker.self_describing_json.SelfDescribingJson object at 0x000001F240944380>, <snowplow_tracker.self_describing_json.SelfDescribingJson object at 0x000001F2407C9DF0>]}


============================== 18:13:45.725177 | b904d124-9b21-4525-b301-2352178bd525 ==============================
[0m18:13:45.725177 [info ] [MainThread]: Running with dbt=1.11.11
[0m18:13:45.725177 [debug] [MainThread]: running dbt with arguments {'static_parser': 'True', 'no_print': 'None', 'version_check': 'True', 'warn_error_options': 'WarnErrorOptionsV2(error=[], warn=[], silence=[])', 'target_path': 'None', 'printer_width': '80', 'write_json': 'True', 'empty': 'False', 'log_cache_events': 'False', 'introspect': 'True', 'cache_selected_only': 'False', 'fail_fast': 'False', 'debug': 'False', 'log_format': 'default', 'partial_parse': 'True', 'send_anonymous_usage_stats': 'True', 'quiet': 'False', 'warn_error': 'None', 'profiles_dir': 'C:\\Users\\61452\\.dbt', 'use_colors': 'True', 'invocation_command': 'dbt run', 'indirect_selection': 'eager', 'use_experimental_parser': 'False', 'log_path': 'F:\\Projects\\Data Engg Project\\Data Engg Project on Emails - OC\\new attempt\\email_project\\logs'}
[0m18:13:46.216101 [debug] [MainThread]: Snowflake adapter: Setting snowflake.connector to ERROR (file logging only)
[0m18:13:46.216101 [debug] [MainThread]: Snowflake adapter: Setting botocore to ERROR (file logging only)
[0m18:13:46.216101 [debug] [MainThread]: Snowflake adapter: Setting boto3 to ERROR (file logging only)
[0m18:13:46.407293 [debug] [MainThread]: Sending event: {'category': 'dbt', 'action': 'project_id', 'label': 'b904d124-9b21-4525-b301-2352178bd525', 'context': [<snowplow_tracker.self_describing_json.SelfDescribingJson object at 0x000001F243BD0D70>]}
[0m18:13:46.469429 [debug] [MainThread]: Sending event: {'category': 'dbt', 'action': 'adapter_info', 'label': 'b904d124-9b21-4525-b301-2352178bd525', 'context': [<snowplow_tracker.self_describing_json.SelfDescribingJson object at 0x000001F243BD0EF0>]}
[0m18:13:46.470429 [info ] [MainThread]: Registered adapter: snowflake=1.11.6
[0m18:13:46.791123 [debug] [MainThread]: checksum: 30a8cc8fdcbf66701b0944d4ccce3fa46dd04b61e5df68b9f16d57b2e0e3f0be, vars: {}, profile: , target: , version: 1.11.11
[0m18:13:46.914718 [debug] [MainThread]: Partial parsing enabled: 0 files deleted, 0 files added, 0 files changed.
[0m18:13:46.914718 [debug] [MainThread]: Nothing changed, skipping partial parsing.
[0m18:13:46.914718 [debug] [MainThread]: Partial parsing enabled, no changes found, skipping parsing
[0m18:13:46.948707 [debug] [MainThread]: Sending event: {'category': 'dbt', 'action': 'load_project', 'label': 'b904d124-9b21-4525-b301-2352178bd525', 'context': [<snowplow_tracker.self_describing_json.SelfDescribingJson object at 0x000001F243D587D0>]}
[0m18:13:47.026788 [debug] [MainThread]: Wrote artifact WritableManifest to F:\Projects\Data Engg Project\Data Engg Project on Emails - OC\new attempt\email_project\target\manifest.json
[0m18:13:47.029739 [debug] [MainThread]: Wrote artifact SemanticManifest to F:\Projects\Data Engg Project\Data Engg Project on Emails - OC\new attempt\email_project\target\semantic_manifest.json
[0m18:13:47.039475 [debug] [MainThread]: Sending event: {'category': 'dbt', 'action': 'resource_counts', 'label': 'b904d124-9b21-4525-b301-2352178bd525', 'context': [<snowplow_tracker.self_describing_json.SelfDescribingJson object at 0x000001F2441ADEB0>]}
[0m18:13:47.039475 [info ] [MainThread]: Found 1 model, 1 source, 537 macros
[0m18:13:47.039475 [debug] [MainThread]: Sending event: {'category': 'dbt', 'action': 'runnable_timing', 'label': 'b904d124-9b21-4525-b301-2352178bd525', 'context': [<snowplow_tracker.self_describing_json.SelfDescribingJson object at 0x000001F24147A9C0>]}
[0m18:13:47.044845 [info ] [MainThread]: 
[0m18:13:47.044845 [info ] [MainThread]: Concurrency: 1 threads (target='dev')
[0m18:13:47.044845 [info ] [MainThread]: 
[0m18:13:47.044845 [debug] [MainThread]: Acquiring new snowflake connection 'master'
[0m18:13:47.044845 [debug] [ThreadPool]: Acquiring new snowflake connection 'list_email_db'
[0m18:13:47.125807 [debug] [ThreadPool]: Using snowflake connection "list_email_db"
[0m18:13:47.125807 [debug] [ThreadPool]: On list_email_db: show terse schemas in database email_db
    limit 10000
/* {"app": "dbt", "dbt_version": "1.11.11", "profile_name": "email_project", "target_name": "dev", "connection_name": "list_email_db"} */
[0m18:13:47.126818 [debug] [ThreadPool]: Opening a new connection, currently in state init
[0m18:13:48.330310 [debug] [ThreadPool]: SQL status: SUCCESS 5 in 1.217 seconds
[0m18:13:48.346351 [debug] [ThreadPool]: Acquiring new snowflake connection 'list_email_db_raw_jingalala'
[0m18:13:48.346351 [debug] [ThreadPool]: Using snowflake connection "list_email_db_raw_jingalala"
[0m18:13:48.346351 [debug] [ThreadPool]: On list_email_db_raw_jingalala: show objects in email_db.raw_jingalala
    limit 10000
    

/* {"app": "dbt", "dbt_version": "1.11.11", "profile_name": "email_project", "target_name": "dev", "connection_name": "list_email_db_raw_jingalala"} */;
[0m18:13:48.346351 [debug] [ThreadPool]: Opening a new connection, currently in state init
[0m18:13:49.034272 [debug] [ThreadPool]: SQL status: SUCCESS 1 in 0.676 seconds
[0m18:13:49.034272 [debug] [MainThread]: Sending event: {'category': 'dbt', 'action': 'runnable_timing', 'label': 'b904d124-9b21-4525-b301-2352178bd525', 'context': [<snowplow_tracker.self_describing_json.SelfDescribingJson object at 0x000001F243374530>]}
[0m18:13:49.034272 [debug] [Thread-2 (]: Began running node model.email_project.br_gmail_data
[0m18:13:49.034272 [info ] [Thread-2 (]: 1 of 1 START sql view model raw_jingalala.br_gmail_data ........................ [RUN]
[0m18:13:49.047107 [debug] [Thread-2 (]: Acquiring new snowflake connection 'model.email_project.br_gmail_data'
[0m18:13:49.047107 [debug] [Thread-2 (]: Began compiling node model.email_project.br_gmail_data
[0m18:13:49.050339 [debug] [Thread-2 (]: Writing injected SQL for node "model.email_project.br_gmail_data"
[0m18:13:49.050339 [debug] [Thread-2 (]: Began executing node model.email_project.br_gmail_data
[0m18:13:49.075012 [debug] [Thread-2 (]: Writing runtime sql for node "model.email_project.br_gmail_data"
[0m18:13:49.090202 [debug] [Thread-2 (]: Using snowflake connection "model.email_project.br_gmail_data"
[0m18:13:49.090202 [debug] [Thread-2 (]: On model.email_project.br_gmail_data: create or replace   view email_db.raw_jingalala.br_gmail_data
  
  
  
  
  as (
    

SELECT 
    message_id,
    thread_id,
    gmail_thread_id,

    lower(sender_email) as sender_email,
    sender_display_name,
    sender_domain,
    sender_domain_type,

    subject,

    try_to_timestamp(full_date) as email_timestamp,

    year,
    quarter,
    month,
    week,

    day_name,
    is_weekend,

    hour,
    minute,

    folder,

    attachment_count,
    has_attachments,

    is_read,
    is_starred,
    is_replied,
    is_forwarded,

    thread_subject,
    thread_message_count,
    thread_duration_sec,
    thread_participant_count

from email_db.raw.gmail_data
  )
/* {"app": "dbt", "dbt_version": "1.11.11", "profile_name": "email_project", "target_name": "dev", "node_id": "model.email_project.br_gmail_data"} */;
[0m18:13:49.090202 [debug] [Thread-2 (]: Opening a new connection, currently in state init
[0m18:13:49.932019 [debug] [Thread-2 (]: SQL status: SUCCESS 1 in 0.851 seconds
[0m18:13:49.963980 [debug] [Thread-2 (]: Sending event: {'category': 'dbt', 'action': 'run_model', 'label': 'b904d124-9b21-4525-b301-2352178bd525', 'context': [<snowplow_tracker.self_describing_json.SelfDescribingJson object at 0x000001F2417D1EB0>]}
[0m18:13:49.963980 [info ] [Thread-2 (]: 1 of 1 OK created sql view model raw_jingalala.br_gmail_data ................... [[32mSUCCESS 1[0m in 0.92s]
[0m18:13:49.963980 [debug] [Thread-2 (]: Finished running node model.email_project.br_gmail_data
[0m18:13:49.963980 [debug] [MainThread]: Connection 'master' was properly closed.
[0m18:13:49.963980 [debug] [MainThread]: Connection 'list_email_db' was left open.
[0m18:13:49.963980 [debug] [MainThread]: On list_email_db: Close
[0m18:13:50.124259 [debug] [MainThread]: Connection 'list_email_db_raw_jingalala' was left open.
[0m18:13:50.124259 [debug] [MainThread]: On list_email_db_raw_jingalala: Close
[0m18:13:50.303573 [debug] [MainThread]: Connection 'model.email_project.br_gmail_data' was left open.
[0m18:13:50.303573 [debug] [MainThread]: On model.email_project.br_gmail_data: Close
[0m18:13:50.512235 [info ] [MainThread]: 
[0m18:13:50.512235 [info ] [MainThread]: Finished running 1 view model in 0 hours 0 minutes and 3.47 seconds (3.47s).
[0m18:13:50.512235 [debug] [MainThread]: Command end result
[0m18:13:50.547519 [debug] [MainThread]: Wrote artifact WritableManifest to F:\Projects\Data Engg Project\Data Engg Project on Emails - OC\new attempt\email_project\target\manifest.json
[0m18:13:50.557125 [debug] [MainThread]: Wrote artifact SemanticManifest to F:\Projects\Data Engg Project\Data Engg Project on Emails - OC\new attempt\email_project\target\semantic_manifest.json
[0m18:13:50.563449 [debug] [MainThread]: Wrote artifact RunExecutionResult to F:\Projects\Data Engg Project\Data Engg Project on Emails - OC\new attempt\email_project\target\run_results.json
[0m18:13:50.564568 [info ] [MainThread]: 
[0m18:13:50.565723 [info ] [MainThread]: [32mCompleted successfully[0m
[0m18:13:50.565723 [info ] [MainThread]: 
[0m18:13:50.566789 [info ] [MainThread]: Done. PASS=1 WARN=0 ERROR=0 SKIP=0 NO-OP=0 TOTAL=1
[0m18:13:50.566789 [debug] [MainThread]: Command `dbt run` succeeded at 18:13:50.566789 after 4.99 seconds
[0m18:13:50.566789 [debug] [MainThread]: Sending event: {'category': 'dbt', 'action': 'invocation', 'label': 'end', 'context': [<snowplow_tracker.self_describing_json.SelfDescribingJson object at 0x000001F2408860C0>, <snowplow_tracker.self_describing_json.SelfDescribingJson object at 0x000001F240F29310>, <snowplow_tracker.self_describing_json.SelfDescribingJson object at 0x000001F240F29640>]}
[0m18:13:50.566789 [debug] [MainThread]: Flushing usage events
[0m18:13:55.826690 [debug] [MainThread]: An error was encountered while trying to flush usage events
[0m18:14:56.170207 [debug] [MainThread]: Sending event: {'category': 'dbt', 'action': 'invocation', 'label': 'start', 'context': [<snowplow_tracker.self_describing_json.SelfDescribingJson object at 0x0000022CE07C1A00>, <snowplow_tracker.self_describing_json.SelfDescribingJson object at 0x0000022CE18DC740>, <snowplow_tracker.self_describing_json.SelfDescribingJson object at 0x0000022CE18DCCB0>]}


============================== 18:14:56.170207 | 3f7b1832-87c4-4709-a9ce-5d0374c3c214 ==============================
[0m18:14:56.170207 [info ] [MainThread]: Running with dbt=1.11.11
[0m18:14:56.170207 [debug] [MainThread]: running dbt with arguments {'version_check': 'True', 'no_print': 'None', 'static_parser': 'True', 'target_path': 'None', 'warn_error_options': 'WarnErrorOptionsV2(error=[], warn=[], silence=[])', 'printer_width': '80', 'write_json': 'True', 'empty': 'False', 'log_cache_events': 'False', 'introspect': 'True', 'cache_selected_only': 'False', 'fail_fast': 'False', 'debug': 'False', 'log_format': 'default', 'profiles_dir': 'C:\\Users\\61452\\.dbt', 'send_anonymous_usage_stats': 'True', 'quiet': 'False', 'warn_error': 'None', 'partial_parse': 'True', 'indirect_selection': 'eager', 'invocation_command': 'dbt run', 'use_colors': 'True', 'use_experimental_parser': 'False', 'log_path': 'F:\\Projects\\Data Engg Project\\Data Engg Project on Emails - OC\\new attempt\\email_project\\logs'}
[0m18:14:56.575094 [debug] [MainThread]: Snowflake adapter: Setting snowflake.connector to ERROR (file logging only)
[0m18:14:56.575094 [debug] [MainThread]: Snowflake adapter: Setting botocore to ERROR (file logging only)
[0m18:14:56.575094 [debug] [MainThread]: Snowflake adapter: Setting boto3 to ERROR (file logging only)
[0m18:14:56.750237 [debug] [MainThread]: Sending event: {'category': 'dbt', 'action': 'project_id', 'label': '3f7b1832-87c4-4709-a9ce-5d0374c3c214', 'context': [<snowplow_tracker.self_describing_json.SelfDescribingJson object at 0x0000022CE35A08C0>]}
[0m18:14:56.821125 [debug] [MainThread]: Sending event: {'category': 'dbt', 'action': 'adapter_info', 'label': '3f7b1832-87c4-4709-a9ce-5d0374c3c214', 'context': [<snowplow_tracker.self_describing_json.SelfDescribingJson object at 0x0000022CE3E2E480>]}
[0m18:14:56.821125 [info ] [MainThread]: Registered adapter: snowflake=1.11.6
[0m18:14:57.117603 [debug] [MainThread]: checksum: 30a8cc8fdcbf66701b0944d4ccce3fa46dd04b61e5df68b9f16d57b2e0e3f0be, vars: {}, profile: , target: , version: 1.11.11
[0m18:14:57.244805 [debug] [MainThread]: Partial parsing enabled: 0 files deleted, 0 files added, 0 files changed.
[0m18:14:57.244805 [debug] [MainThread]: Nothing changed, skipping partial parsing.
[0m18:14:57.244805 [debug] [MainThread]: Partial parsing enabled, no changes found, skipping parsing
[0m18:14:57.277087 [debug] [MainThread]: Sending event: {'category': 'dbt', 'action': 'load_project', 'label': '3f7b1832-87c4-4709-a9ce-5d0374c3c214', 'context': [<snowplow_tracker.self_describing_json.SelfDescribingJson object at 0x0000022CE408B6E0>]}
[0m18:14:57.340006 [debug] [MainThread]: Wrote artifact WritableManifest to F:\Projects\Data Engg Project\Data Engg Project on Emails - OC\new attempt\email_project\target\manifest.json
[0m18:14:57.355444 [debug] [MainThread]: Wrote artifact SemanticManifest to F:\Projects\Data Engg Project\Data Engg Project on Emails - OC\new attempt\email_project\target\semantic_manifest.json
[0m18:14:57.355444 [debug] [MainThread]: Sending event: {'category': 'dbt', 'action': 'resource_counts', 'label': '3f7b1832-87c4-4709-a9ce-5d0374c3c214', 'context': [<snowplow_tracker.self_describing_json.SelfDescribingJson object at 0x0000022CE44BDE50>]}
[0m18:14:57.355444 [info ] [MainThread]: Found 1 model, 1 source, 537 macros
[0m18:14:57.355444 [debug] [MainThread]: Sending event: {'category': 'dbt', 'action': 'runnable_timing', 'label': '3f7b1832-87c4-4709-a9ce-5d0374c3c214', 'context': [<snowplow_tracker.self_describing_json.SelfDescribingJson object at 0x0000022CE3EE46B0>]}
[0m18:14:57.355444 [info ] [MainThread]: 
[0m18:14:57.355444 [info ] [MainThread]: Concurrency: 1 threads (target='dev')
[0m18:14:57.371246 [info ] [MainThread]: 
[0m18:14:57.373258 [debug] [MainThread]: Acquiring new snowflake connection 'master'
[0m18:14:57.373258 [debug] [ThreadPool]: Acquiring new snowflake connection 'list_email_db'
[0m18:14:57.460690 [debug] [ThreadPool]: Using snowflake connection "list_email_db"
[0m18:14:57.461694 [debug] [ThreadPool]: On list_email_db: show terse schemas in database email_db
    limit 10000
/* {"app": "dbt", "dbt_version": "1.11.11", "profile_name": "email_project", "target_name": "dev", "connection_name": "list_email_db"} */
[0m18:14:57.461694 [debug] [ThreadPool]: Opening a new connection, currently in state init
[0m18:14:58.583547 [debug] [ThreadPool]: SQL status: SUCCESS 5 in 1.125 seconds
[0m18:14:58.583547 [debug] [ThreadPool]: Acquiring new snowflake connection 'list_email_db_raw_jingalala'
[0m18:14:58.599233 [debug] [ThreadPool]: Using snowflake connection "list_email_db_raw_jingalala"
[0m18:14:58.599233 [debug] [ThreadPool]: On list_email_db_raw_jingalala: show objects in email_db.raw_jingalala
    limit 10000
    

/* {"app": "dbt", "dbt_version": "1.11.11", "profile_name": "email_project", "target_name": "dev", "connection_name": "list_email_db_raw_jingalala"} */;
[0m18:14:58.599233 [debug] [ThreadPool]: Opening a new connection, currently in state init
[0m18:14:59.392486 [debug] [ThreadPool]: SQL status: SUCCESS 1 in 0.799 seconds
[0m18:14:59.392486 [debug] [MainThread]: Sending event: {'category': 'dbt', 'action': 'runnable_timing', 'label': '3f7b1832-87c4-4709-a9ce-5d0374c3c214', 'context': [<snowplow_tracker.self_describing_json.SelfDescribingJson object at 0x0000022CE0C1AB70>]}
[0m18:14:59.408664 [debug] [Thread-2 (]: Began running node model.email_project.br_gmail_data
[0m18:14:59.408664 [info ] [Thread-2 (]: 1 of 1 START sql table model raw_jingalala.br_gmail_data ....................... [RUN]
[0m18:14:59.408664 [debug] [Thread-2 (]: Acquiring new snowflake connection 'model.email_project.br_gmail_data'
[0m18:14:59.408664 [debug] [Thread-2 (]: Began compiling node model.email_project.br_gmail_data
[0m18:14:59.408664 [debug] [Thread-2 (]: Writing injected SQL for node "model.email_project.br_gmail_data"
[0m18:14:59.408664 [debug] [Thread-2 (]: Began executing node model.email_project.br_gmail_data
[0m18:14:59.431307 [debug] [Thread-2 (]:  adapter: Dropping relation "EMAIL_DB"."RAW_JINGALALA"."BR_GMAIL_DATA" because it is a view and target relation email_db.raw_jingalala.br_gmail_data is of type table.
[0m18:14:59.447676 [debug] [Thread-2 (]: Applying DROP to: "EMAIL_DB"."RAW_JINGALALA"."BR_GMAIL_DATA"
[0m18:14:59.447676 [debug] [Thread-2 (]: Using snowflake connection "model.email_project.br_gmail_data"
[0m18:14:59.447676 [debug] [Thread-2 (]: On model.email_project.br_gmail_data: drop view if exists "EMAIL_DB"."RAW_JINGALALA"."BR_GMAIL_DATA" cascade
/* {"app": "dbt", "dbt_version": "1.11.11", "profile_name": "email_project", "target_name": "dev", "node_id": "model.email_project.br_gmail_data"} */
[0m18:14:59.447676 [debug] [Thread-2 (]: Opening a new connection, currently in state init
[0m18:15:00.134343 [debug] [Thread-2 (]: SQL status: SUCCESS 1 in 0.685 seconds
[0m18:15:00.150384 [debug] [Thread-2 (]: Writing runtime sql for node "model.email_project.br_gmail_data"
[0m18:15:00.150384 [debug] [Thread-2 (]: Using snowflake connection "model.email_project.br_gmail_data"
[0m18:15:00.150384 [debug] [Thread-2 (]: On model.email_project.br_gmail_data: create or replace transient table email_db.raw_jingalala.br_gmail_data
    
    
    
    as (

SELECT 
    message_id,
    thread_id,
    gmail_thread_id,

    lower(sender_email) as sender_email,
    sender_display_name,
    sender_domain,
    sender_domain_type,

    subject,

    try_to_timestamp(full_date) as email_timestamp,

    year,
    quarter,
    month,
    week,

    day_name,
    is_weekend,

    hour,
    minute,

    folder,

    attachment_count,
    has_attachments,

    is_read,
    is_starred,
    is_replied,
    is_forwarded,

    thread_subject,
    thread_message_count,
    thread_duration_sec,
    thread_participant_count

from email_db.raw.gmail_data
    )

/* {"app": "dbt", "dbt_version": "1.11.11", "profile_name": "email_project", "target_name": "dev", "node_id": "model.email_project.br_gmail_data"} */;
[0m18:15:04.563729 [debug] [Thread-2 (]: SQL status: SUCCESS 5672 in 4.402 seconds
[0m18:15:04.589509 [debug] [Thread-2 (]: Sending event: {'category': 'dbt', 'action': 'run_model', 'label': '3f7b1832-87c4-4709-a9ce-5d0374c3c214', 'context': [<snowplow_tracker.self_describing_json.SelfDescribingJson object at 0x0000022CE1B2E000>]}
[0m18:15:04.589509 [info ] [Thread-2 (]: 1 of 1 OK created sql table model raw_jingalala.br_gmail_data .................. [[32mSUCCESS 5672[0m in 5.18s]
[0m18:15:04.589509 [debug] [Thread-2 (]: Finished running node model.email_project.br_gmail_data
[0m18:15:04.589509 [debug] [MainThread]: Connection 'master' was properly closed.
[0m18:15:04.589509 [debug] [MainThread]: Connection 'list_email_db' was left open.
[0m18:15:04.589509 [debug] [MainThread]: On list_email_db: Close
[0m18:15:04.821117 [debug] [MainThread]: Connection 'list_email_db_raw_jingalala' was left open.
[0m18:15:04.821117 [debug] [MainThread]: On list_email_db_raw_jingalala: Close
[0m18:15:04.964199 [debug] [MainThread]: Connection 'model.email_project.br_gmail_data' was left open.
[0m18:15:04.964199 [debug] [MainThread]: On model.email_project.br_gmail_data: Close
[0m18:15:05.217488 [info ] [MainThread]: 
[0m18:15:05.217488 [info ] [MainThread]: Finished running 1 table model in 0 hours 0 minutes and 7.85 seconds (7.85s).
[0m18:15:05.217488 [debug] [MainThread]: Command end result
[0m18:15:05.252729 [debug] [MainThread]: Wrote artifact WritableManifest to F:\Projects\Data Engg Project\Data Engg Project on Emails - OC\new attempt\email_project\target\manifest.json
[0m18:15:05.257291 [debug] [MainThread]: Wrote artifact SemanticManifest to F:\Projects\Data Engg Project\Data Engg Project on Emails - OC\new attempt\email_project\target\semantic_manifest.json
[0m18:15:05.264187 [debug] [MainThread]: Wrote artifact RunExecutionResult to F:\Projects\Data Engg Project\Data Engg Project on Emails - OC\new attempt\email_project\target\run_results.json
[0m18:15:05.264187 [info ] [MainThread]: 
[0m18:15:05.264187 [info ] [MainThread]: [32mCompleted successfully[0m
[0m18:15:05.264187 [info ] [MainThread]: 
[0m18:15:05.264187 [info ] [MainThread]: Done. PASS=1 WARN=0 ERROR=0 SKIP=0 NO-OP=0 TOTAL=1
[0m18:15:05.264187 [debug] [MainThread]: Command `dbt run` succeeded at 18:15:05.264187 after 9.31 seconds
[0m18:15:05.264187 [debug] [MainThread]: Sending event: {'category': 'dbt', 'action': 'invocation', 'label': 'end', 'context': [<snowplow_tracker.self_describing_json.SelfDescribingJson object at 0x0000022CE0F7CA40>, <snowplow_tracker.self_describing_json.SelfDescribingJson object at 0x0000022CE1A72FF0>, <snowplow_tracker.self_describing_json.SelfDescribingJson object at 0x0000022CE0B4FA40>]}
[0m18:15:05.264187 [debug] [MainThread]: Flushing usage events
[0m18:15:06.420277 [debug] [MainThread]: An error was encountered while trying to flush usage events
[0m18:16:01.944253 [debug] [MainThread]: Sending event: {'category': 'dbt', 'action': 'invocation', 'label': 'start', 'context': [<snowplow_tracker.self_describing_json.SelfDescribingJson object at 0x000001B354C56C90>, <snowplow_tracker.self_describing_json.SelfDescribingJson object at 0x000001B3559F6E70>, <snowplow_tracker.self_describing_json.SelfDescribingJson object at 0x000001B35564E090>]}


============================== 18:16:01.944253 | 94916dd4-54e0-44b2-9148-ca7322b83de6 ==============================
[0m18:16:01.944253 [info ] [MainThread]: Running with dbt=1.11.11
[0m18:16:01.944253 [debug] [MainThread]: running dbt with arguments {'static_parser': 'True', 'no_print': 'None', 'version_check': 'True', 'target_path': 'None', 'warn_error_options': 'WarnErrorOptionsV2(error=[], warn=[], silence=[])', 'printer_width': '80', 'write_json': 'True', 'introspect': 'True', 'log_cache_events': 'False', 'empty': 'False', 'cache_selected_only': 'False', 'fail_fast': 'False', 'debug': 'False', 'log_format': 'default', 'partial_parse': 'True', 'send_anonymous_usage_stats': 'True', 'quiet': 'False', 'warn_error': 'None', 'profiles_dir': 'C:\\Users\\61452\\.dbt', 'use_colors': 'True', 'invocation_command': 'dbt run', 'indirect_selection': 'eager', 'use_experimental_parser': 'False', 'log_path': 'F:\\Projects\\Data Engg Project\\Data Engg Project on Emails - OC\\new attempt\\email_project\\logs'}
[0m18:16:02.349468 [debug] [MainThread]: Snowflake adapter: Setting snowflake.connector to ERROR (file logging only)
[0m18:16:02.349468 [debug] [MainThread]: Snowflake adapter: Setting botocore to ERROR (file logging only)
[0m18:16:02.349468 [debug] [MainThread]: Snowflake adapter: Setting boto3 to ERROR (file logging only)
[0m18:16:02.533900 [debug] [MainThread]: Sending event: {'category': 'dbt', 'action': 'project_id', 'label': '94916dd4-54e0-44b2-9148-ca7322b83de6', 'context': [<snowplow_tracker.self_describing_json.SelfDescribingJson object at 0x000001B357FE90D0>]}
[0m18:16:02.597626 [debug] [MainThread]: Sending event: {'category': 'dbt', 'action': 'adapter_info', 'label': '94916dd4-54e0-44b2-9148-ca7322b83de6', 'context': [<snowplow_tracker.self_describing_json.SelfDescribingJson object at 0x000001B357D0AC60>]}
[0m18:16:02.597626 [info ] [MainThread]: Registered adapter: snowflake=1.11.6
[0m18:16:02.900238 [debug] [MainThread]: checksum: 30a8cc8fdcbf66701b0944d4ccce3fa46dd04b61e5df68b9f16d57b2e0e3f0be, vars: {}, profile: , target: , version: 1.11.11
[0m18:16:03.012821 [debug] [MainThread]: Partial parsing enabled: 0 files deleted, 0 files added, 0 files changed.
[0m18:16:03.012821 [debug] [MainThread]: Nothing changed, skipping partial parsing.
[0m18:16:03.012821 [debug] [MainThread]: Partial parsing enabled, no changes found, skipping parsing
[0m18:16:03.044888 [debug] [MainThread]: Sending event: {'category': 'dbt', 'action': 'load_project', 'label': '94916dd4-54e0-44b2-9148-ca7322b83de6', 'context': [<snowplow_tracker.self_describing_json.SelfDescribingJson object at 0x000001B357FE96D0>]}
[0m18:16:03.124801 [debug] [MainThread]: Wrote artifact WritableManifest to F:\Projects\Data Engg Project\Data Engg Project on Emails - OC\new attempt\email_project\target\manifest.json
[0m18:16:03.124801 [debug] [MainThread]: Wrote artifact SemanticManifest to F:\Projects\Data Engg Project\Data Engg Project on Emails - OC\new attempt\email_project\target\semantic_manifest.json
[0m18:16:03.124801 [debug] [MainThread]: Sending event: {'category': 'dbt', 'action': 'resource_counts', 'label': '94916dd4-54e0-44b2-9148-ca7322b83de6', 'context': [<snowplow_tracker.self_describing_json.SelfDescribingJson object at 0x000001B35839AE70>]}
[0m18:16:03.124801 [info ] [MainThread]: Found 1 model, 1 source, 537 macros
[0m18:16:03.124801 [debug] [MainThread]: Sending event: {'category': 'dbt', 'action': 'runnable_timing', 'label': '94916dd4-54e0-44b2-9148-ca7322b83de6', 'context': [<snowplow_tracker.self_describing_json.SelfDescribingJson object at 0x000001B357171940>]}
[0m18:16:03.140789 [info ] [MainThread]: 
[0m18:16:03.140789 [info ] [MainThread]: Concurrency: 1 threads (target='dev')
[0m18:16:03.140789 [info ] [MainThread]: 
[0m18:16:03.140789 [debug] [MainThread]: Acquiring new snowflake connection 'master'
[0m18:16:03.146476 [debug] [ThreadPool]: Acquiring new snowflake connection 'list_email_db'
[0m18:16:03.223341 [debug] [ThreadPool]: Using snowflake connection "list_email_db"
[0m18:16:03.223341 [debug] [ThreadPool]: On list_email_db: show terse schemas in database email_db
    limit 10000
/* {"app": "dbt", "dbt_version": "1.11.11", "profile_name": "email_project", "target_name": "dev", "connection_name": "list_email_db"} */
[0m18:16:03.224470 [debug] [ThreadPool]: Opening a new connection, currently in state init
[0m18:16:04.095796 [debug] [ThreadPool]: SQL status: SUCCESS 5 in 0.873 seconds
[0m18:16:04.095796 [debug] [ThreadPool]: Acquiring new snowflake connection 'list_email_db_raw_jingalala'
[0m18:16:04.112031 [debug] [ThreadPool]: Using snowflake connection "list_email_db_raw_jingalala"
[0m18:16:04.112031 [debug] [ThreadPool]: On list_email_db_raw_jingalala: show objects in email_db.raw_jingalala
    limit 10000
    

/* {"app": "dbt", "dbt_version": "1.11.11", "profile_name": "email_project", "target_name": "dev", "connection_name": "list_email_db_raw_jingalala"} */;
[0m18:16:04.112031 [debug] [ThreadPool]: Opening a new connection, currently in state init
[0m18:16:04.856253 [debug] [ThreadPool]: SQL status: SUCCESS 1 in 0.749 seconds
[0m18:16:04.856253 [debug] [MainThread]: Sending event: {'category': 'dbt', 'action': 'runnable_timing', 'label': '94916dd4-54e0-44b2-9148-ca7322b83de6', 'context': [<snowplow_tracker.self_describing_json.SelfDescribingJson object at 0x000001B3581197F0>]}
[0m18:16:04.871449 [debug] [Thread-2 (]: Began running node model.email_project.br_gmail_data
[0m18:16:04.871449 [info ] [Thread-2 (]: 1 of 1 START sql view model raw_jingalala.br_gmail_data ........................ [RUN]
[0m18:16:04.871449 [debug] [Thread-2 (]: Acquiring new snowflake connection 'model.email_project.br_gmail_data'
[0m18:16:04.871449 [debug] [Thread-2 (]: Began compiling node model.email_project.br_gmail_data
[0m18:16:04.871449 [debug] [Thread-2 (]: Writing injected SQL for node "model.email_project.br_gmail_data"
[0m18:16:04.871449 [debug] [Thread-2 (]: Began executing node model.email_project.br_gmail_data
[0m18:16:04.906180 [debug] [Thread-2 (]: Dropping relation "EMAIL_DB"."RAW_JINGALALA"."BR_GMAIL_DATA" because it is of type table
[0m18:16:04.907186 [debug] [Thread-2 (]: Applying DROP to: "EMAIL_DB"."RAW_JINGALALA"."BR_GMAIL_DATA"
[0m18:16:04.924678 [debug] [Thread-2 (]: Using snowflake connection "model.email_project.br_gmail_data"
[0m18:16:04.924678 [debug] [Thread-2 (]: On model.email_project.br_gmail_data: drop table if exists "EMAIL_DB"."RAW_JINGALALA"."BR_GMAIL_DATA" cascade
/* {"app": "dbt", "dbt_version": "1.11.11", "profile_name": "email_project", "target_name": "dev", "node_id": "model.email_project.br_gmail_data"} */
[0m18:16:04.924678 [debug] [Thread-2 (]: Opening a new connection, currently in state init
[0m18:16:05.648342 [debug] [Thread-2 (]: SQL status: SUCCESS 1 in 0.730 seconds
[0m18:16:05.664281 [debug] [Thread-2 (]: Writing runtime sql for node "model.email_project.br_gmail_data"
[0m18:16:05.664281 [debug] [Thread-2 (]: Using snowflake connection "model.email_project.br_gmail_data"
[0m18:16:05.664281 [debug] [Thread-2 (]: On model.email_project.br_gmail_data: create or replace   view email_db.raw_jingalala.br_gmail_data
  
  
  
  
  as (
    

SELECT 
    message_id,
    thread_id,
    gmail_thread_id,

    lower(sender_email) as sender_email,
    sender_display_name,
    sender_domain,
    sender_domain_type,

    subject,

    try_to_timestamp(full_date) as email_timestamp,

    year,
    quarter,
    month,
    week,

    day_name,
    is_weekend,

    hour,
    minute,

    folder,

    attachment_count,
    has_attachments,

    is_read,
    is_starred,
    is_replied,
    is_forwarded,

    thread_subject,
    thread_message_count,
    thread_duration_sec,
    thread_participant_count

from email_db.raw.gmail_data
  )
/* {"app": "dbt", "dbt_version": "1.11.11", "profile_name": "email_project", "target_name": "dev", "node_id": "model.email_project.br_gmail_data"} */;
[0m18:16:05.988130 [debug] [Thread-2 (]: SQL status: SUCCESS 1 in 0.317 seconds
[0m18:16:06.004008 [debug] [Thread-2 (]: Sending event: {'category': 'dbt', 'action': 'run_model', 'label': '94916dd4-54e0-44b2-9148-ca7322b83de6', 'context': [<snowplow_tracker.self_describing_json.SelfDescribingJson object at 0x000001B357F570B0>]}
[0m18:16:06.004008 [info ] [Thread-2 (]: 1 of 1 OK created sql view model raw_jingalala.br_gmail_data ................... [[32mSUCCESS 1[0m in 1.13s]
[0m18:16:06.004008 [debug] [Thread-2 (]: Finished running node model.email_project.br_gmail_data
[0m18:16:06.020135 [debug] [MainThread]: Connection 'master' was properly closed.
[0m18:16:06.020135 [debug] [MainThread]: Connection 'list_email_db' was left open.
[0m18:16:06.020135 [debug] [MainThread]: On list_email_db: Close
[0m18:16:06.184320 [debug] [MainThread]: Connection 'list_email_db_raw_jingalala' was left open.
[0m18:16:06.185320 [debug] [MainThread]: On list_email_db_raw_jingalala: Close
[0m18:16:06.337436 [debug] [MainThread]: Connection 'model.email_project.br_gmail_data' was left open.
[0m18:16:06.337436 [debug] [MainThread]: On model.email_project.br_gmail_data: Close
[0m18:16:06.472517 [info ] [MainThread]: 
[0m18:16:06.472517 [info ] [MainThread]: Finished running 1 view model in 0 hours 0 minutes and 3.33 seconds (3.33s).
[0m18:16:06.472517 [debug] [MainThread]: Command end result
[0m18:16:06.513115 [debug] [MainThread]: Wrote artifact WritableManifest to F:\Projects\Data Engg Project\Data Engg Project on Emails - OC\new attempt\email_project\target\manifest.json
[0m18:16:06.513115 [debug] [MainThread]: Wrote artifact SemanticManifest to F:\Projects\Data Engg Project\Data Engg Project on Emails - OC\new attempt\email_project\target\semantic_manifest.json
[0m18:16:06.513115 [debug] [MainThread]: Wrote artifact RunExecutionResult to F:\Projects\Data Engg Project\Data Engg Project on Emails - OC\new attempt\email_project\target\run_results.json
[0m18:16:06.523432 [info ] [MainThread]: 
[0m18:16:06.524448 [info ] [MainThread]: [32mCompleted successfully[0m
[0m18:16:06.525917 [info ] [MainThread]: 
[0m18:16:06.525917 [info ] [MainThread]: Done. PASS=1 WARN=0 ERROR=0 SKIP=0 NO-OP=0 TOTAL=1
[0m18:16:06.525917 [debug] [MainThread]: Command `dbt run` succeeded at 18:16:06.525917 after 4.73 seconds
[0m18:16:06.525917 [debug] [MainThread]: Sending event: {'category': 'dbt', 'action': 'invocation', 'label': 'end', 'context': [<snowplow_tracker.self_describing_json.SelfDescribingJson object at 0x000001B35463A1B0>, <snowplow_tracker.self_describing_json.SelfDescribingJson object at 0x000001B355BB0110>, <snowplow_tracker.self_describing_json.SelfDescribingJson object at 0x000001B355BB2390>]}
[0m18:16:06.525917 [debug] [MainThread]: Flushing usage events
[0m18:16:07.597296 [debug] [MainThread]: An error was encountered while trying to flush usage events
[0m18:34:51.058638 [debug] [MainThread]: Sending event: {'category': 'dbt', 'action': 'invocation', 'label': 'start', 'context': [<snowplow_tracker.self_describing_json.SelfDescribingJson object at 0x00000225BE93DB50>, <snowplow_tracker.self_describing_json.SelfDescribingJson object at 0x00000225BFB60650>, <snowplow_tracker.self_describing_json.SelfDescribingJson object at 0x00000225BBE37110>]}


============================== 18:34:51.062950 | 8d81c7cb-d757-4285-bf00-c09ca6203d6a ==============================
[0m18:34:51.062950 [info ] [MainThread]: Running with dbt=1.11.11
[0m18:34:51.064108 [debug] [MainThread]: running dbt with arguments {'version_check': 'True', 'no_print': 'None', 'static_parser': 'True', 'target_path': 'None', 'warn_error_options': 'WarnErrorOptionsV2(error=[], warn=[], silence=[])', 'printer_width': '80', 'write_json': 'True', 'empty': 'False', 'log_cache_events': 'False', 'introspect': 'True', 'cache_selected_only': 'False', 'log_format': 'default', 'debug': 'False', 'fail_fast': 'False', 'profiles_dir': 'C:\\Users\\61452\\.dbt', 'send_anonymous_usage_stats': 'True', 'quiet': 'False', 'warn_error': 'None', 'partial_parse': 'True', 'invocation_command': 'dbt run', 'indirect_selection': 'eager', 'use_colors': 'True', 'use_experimental_parser': 'False', 'log_path': 'F:\\Projects\\Data Engg Project\\Data Engg Project on Emails - OC\\new attempt\\email_project\\logs'}
[0m18:34:51.478299 [debug] [MainThread]: Snowflake adapter: Setting snowflake.connector to ERROR (file logging only)
[0m18:34:51.478299 [debug] [MainThread]: Snowflake adapter: Setting botocore to ERROR (file logging only)
[0m18:34:51.478299 [debug] [MainThread]: Snowflake adapter: Setting boto3 to ERROR (file logging only)
[0m18:34:51.669495 [debug] [MainThread]: Sending event: {'category': 'dbt', 'action': 'project_id', 'label': '8d81c7cb-d757-4285-bf00-c09ca6203d6a', 'context': [<snowplow_tracker.self_describing_json.SelfDescribingJson object at 0x00000225C2083BF0>]}
[0m18:34:51.733627 [debug] [MainThread]: Sending event: {'category': 'dbt', 'action': 'adapter_info', 'label': '8d81c7cb-d757-4285-bf00-c09ca6203d6a', 'context': [<snowplow_tracker.self_describing_json.SelfDescribingJson object at 0x00000225C1D7EA80>]}
[0m18:34:51.734627 [info ] [MainThread]: Registered adapter: snowflake=1.11.6
[0m18:34:52.050314 [debug] [MainThread]: checksum: 30a8cc8fdcbf66701b0944d4ccce3fa46dd04b61e5df68b9f16d57b2e0e3f0be, vars: {}, profile: , target: , version: 1.11.11
[0m18:34:52.174598 [debug] [MainThread]: Partial parsing enabled: 0 files deleted, 0 files added, 0 files changed.
[0m18:34:52.174598 [debug] [MainThread]: Nothing changed, skipping partial parsing.
[0m18:34:52.175597 [debug] [MainThread]: Partial parsing enabled, no changes found, skipping parsing
[0m18:34:52.209725 [debug] [MainThread]: Sending event: {'category': 'dbt', 'action': 'load_project', 'label': '8d81c7cb-d757-4285-bf00-c09ca6203d6a', 'context': [<snowplow_tracker.self_describing_json.SelfDescribingJson object at 0x00000225C0D0B050>]}
[0m18:34:52.306281 [debug] [MainThread]: Wrote artifact WritableManifest to F:\Projects\Data Engg Project\Data Engg Project on Emails - OC\new attempt\email_project\target\manifest.json
[0m18:34:52.310063 [debug] [MainThread]: Wrote artifact SemanticManifest to F:\Projects\Data Engg Project\Data Engg Project on Emails - OC\new attempt\email_project\target\semantic_manifest.json
[0m18:34:52.320238 [debug] [MainThread]: Sending event: {'category': 'dbt', 'action': 'resource_counts', 'label': '8d81c7cb-d757-4285-bf00-c09ca6203d6a', 'context': [<snowplow_tracker.self_describing_json.SelfDescribingJson object at 0x00000225C252AD80>]}
[0m18:34:52.321221 [info ] [MainThread]: Found 1 model, 1 source, 537 macros
[0m18:34:52.322220 [debug] [MainThread]: Sending event: {'category': 'dbt', 'action': 'runnable_timing', 'label': '8d81c7cb-d757-4285-bf00-c09ca6203d6a', 'context': [<snowplow_tracker.self_describing_json.SelfDescribingJson object at 0x00000225C24680B0>]}
[0m18:34:52.324026 [info ] [MainThread]: 
[0m18:34:52.324026 [info ] [MainThread]: Concurrency: 1 threads (target='dev')
[0m18:34:52.325333 [info ] [MainThread]: 
[0m18:34:52.326327 [debug] [MainThread]: Acquiring new snowflake connection 'master'
[0m18:34:52.326721 [debug] [ThreadPool]: Acquiring new snowflake connection 'list_email_db'
[0m18:34:52.426856 [debug] [ThreadPool]: Using snowflake connection "list_email_db"
[0m18:34:52.426856 [debug] [ThreadPool]: On list_email_db: show terse schemas in database email_db
    limit 10000
/* {"app": "dbt", "dbt_version": "1.11.11", "profile_name": "email_project", "target_name": "dev", "connection_name": "list_email_db"} */
[0m18:34:52.427876 [debug] [ThreadPool]: Opening a new connection, currently in state init
[0m18:34:53.312332 [debug] [ThreadPool]: SQL status: SUCCESS 5 in 0.885 seconds
[0m18:34:53.315499 [debug] [ThreadPool]: Re-using an available connection from the pool (formerly list_email_db, now create_email_db_raw_staging)
[0m18:34:53.315499 [debug] [ThreadPool]: Creating schema "database: "email_db"
schema: "raw_staging"
"
[0m18:34:53.322590 [debug] [ThreadPool]: Using snowflake connection "create_email_db_raw_staging"
[0m18:34:53.323563 [debug] [ThreadPool]: On create_email_db_raw_staging: create schema if not exists email_db.raw_staging
/* {"app": "dbt", "dbt_version": "1.11.11", "profile_name": "email_project", "target_name": "dev", "connection_name": "create_email_db_raw_staging"} */
[0m18:34:53.446834 [debug] [ThreadPool]: SQL status: SUCCESS 1 in 0.123 seconds
[0m18:34:53.449779 [debug] [ThreadPool]: Acquiring new snowflake connection 'list_email_db_raw_staging'
[0m18:34:53.462495 [debug] [ThreadPool]: Using snowflake connection "list_email_db_raw_staging"
[0m18:34:53.462495 [debug] [ThreadPool]: On list_email_db_raw_staging: show objects in email_db.raw_staging
    limit 10000
    

/* {"app": "dbt", "dbt_version": "1.11.11", "profile_name": "email_project", "target_name": "dev", "connection_name": "list_email_db_raw_staging"} */;
[0m18:34:53.463807 [debug] [ThreadPool]: Opening a new connection, currently in state init
[0m18:34:53.953289 [debug] [ThreadPool]: SQL status: SUCCESS 0 in 0.490 seconds
[0m18:34:53.955536 [debug] [MainThread]: Sending event: {'category': 'dbt', 'action': 'runnable_timing', 'label': '8d81c7cb-d757-4285-bf00-c09ca6203d6a', 'context': [<snowplow_tracker.self_describing_json.SelfDescribingJson object at 0x00000225C22AAB10>]}
[0m18:34:53.961289 [debug] [Thread-2 (]: Began running node model.email_project.stg_gmail_data
[0m18:34:53.961289 [info ] [Thread-2 (]: 1 of 1 START sql view model raw_staging.stg_gmail_data ......................... [RUN]
[0m18:34:53.963291 [debug] [Thread-2 (]: Acquiring new snowflake connection 'model.email_project.stg_gmail_data'
[0m18:34:53.963291 [debug] [Thread-2 (]: Began compiling node model.email_project.stg_gmail_data
[0m18:34:53.971308 [debug] [Thread-2 (]: Writing injected SQL for node "model.email_project.stg_gmail_data"
[0m18:34:53.974665 [debug] [Thread-2 (]: Began executing node model.email_project.stg_gmail_data
[0m18:34:53.995667 [debug] [Thread-2 (]: Writing runtime sql for node "model.email_project.stg_gmail_data"
[0m18:34:54.008628 [debug] [Thread-2 (]: Using snowflake connection "model.email_project.stg_gmail_data"
[0m18:34:54.008628 [debug] [Thread-2 (]: On model.email_project.stg_gmail_data: create or replace   view email_db.raw_staging.stg_gmail_data
  
  
  
  
  as (
    

SELECT 
    message_id,
    thread_id,
    gmail_thread_id,

    lower(sender_email) as sender_email,
    sender_display_name,
    sender_domain,
    sender_domain_type,

    subject,

    try_to_timestamp(full_date) as email_timestamp,

    year,
    quarter,
    month,
    week,

    day_name,
    is_weekend,

    hour,
    minute,

    folder,

    attachment_count,
    has_attachments,

    is_read,
    is_starred,
    is_replied,
    is_forwarded,

    thread_subject,
    thread_message_count,
    thread_duration_sec,
    thread_participant_count

from email_db.raw.gmail_data
  )
/* {"app": "dbt", "dbt_version": "1.11.11", "profile_name": "email_project", "target_name": "dev", "node_id": "model.email_project.stg_gmail_data"} */;
[0m18:34:54.008628 [debug] [Thread-2 (]: Opening a new connection, currently in state init
[0m18:34:54.825173 [debug] [Thread-2 (]: SQL status: SUCCESS 1 in 0.822 seconds
[0m18:34:54.852730 [debug] [Thread-2 (]: Sending event: {'category': 'dbt', 'action': 'run_model', 'label': '8d81c7cb-d757-4285-bf00-c09ca6203d6a', 'context': [<snowplow_tracker.self_describing_json.SelfDescribingJson object at 0x00000225C0D2DEE0>]}
[0m18:34:54.852730 [info ] [Thread-2 (]: 1 of 1 OK created sql view model raw_staging.stg_gmail_data .................... [[32mSUCCESS 1[0m in 0.89s]
[0m18:34:54.852730 [debug] [Thread-2 (]: Finished running node model.email_project.stg_gmail_data
[0m18:34:54.852730 [debug] [MainThread]: Connection 'master' was properly closed.
[0m18:34:54.852730 [debug] [MainThread]: Connection 'create_email_db_raw_staging' was left open.
[0m18:34:54.852730 [debug] [MainThread]: On create_email_db_raw_staging: Close
[0m18:34:55.009155 [debug] [MainThread]: Connection 'list_email_db_raw_staging' was left open.
[0m18:34:55.009155 [debug] [MainThread]: On list_email_db_raw_staging: Close
[0m18:34:55.157486 [debug] [MainThread]: Connection 'model.email_project.stg_gmail_data' was left open.
[0m18:34:55.157486 [debug] [MainThread]: On model.email_project.stg_gmail_data: Close
[0m18:34:55.313870 [info ] [MainThread]: 
[0m18:34:55.314860 [info ] [MainThread]: Finished running 1 view model in 0 hours 0 minutes and 2.99 seconds (2.99s).
[0m18:34:55.315869 [debug] [MainThread]: Command end result
[0m18:34:55.347079 [debug] [MainThread]: Wrote artifact WritableManifest to F:\Projects\Data Engg Project\Data Engg Project on Emails - OC\new attempt\email_project\target\manifest.json
[0m18:34:55.350029 [debug] [MainThread]: Wrote artifact SemanticManifest to F:\Projects\Data Engg Project\Data Engg Project on Emails - OC\new attempt\email_project\target\semantic_manifest.json
[0m18:34:55.352030 [debug] [MainThread]: Wrote artifact RunExecutionResult to F:\Projects\Data Engg Project\Data Engg Project on Emails - OC\new attempt\email_project\target\run_results.json
[0m18:34:55.356783 [info ] [MainThread]: 
[0m18:34:55.357823 [info ] [MainThread]: [32mCompleted successfully[0m
[0m18:34:55.358799 [info ] [MainThread]: 
[0m18:34:55.359803 [info ] [MainThread]: Done. PASS=1 WARN=0 ERROR=0 SKIP=0 NO-OP=0 TOTAL=1
[0m18:34:55.361798 [debug] [MainThread]: Command `dbt run` succeeded at 18:34:55.360793 after 4.46 seconds
[0m18:34:55.361798 [debug] [MainThread]: Sending event: {'category': 'dbt', 'action': 'invocation', 'label': 'end', 'context': [<snowplow_tracker.self_describing_json.SelfDescribingJson object at 0x00000225BE8C3560>, <snowplow_tracker.self_describing_json.SelfDescribingJson object at 0x00000225BBD27680>, <snowplow_tracker.self_describing_json.SelfDescribingJson object at 0x00000225BFB60650>]}
[0m18:34:55.361798 [debug] [MainThread]: Flushing usage events
[0m18:34:56.860803 [debug] [MainThread]: An error was encountered while trying to flush usage events
[0m01:38:08.905202 [debug] [MainThread]: Sending event: {'category': 'dbt', 'action': 'invocation', 'label': 'start', 'context': [<snowplow_tracker.self_describing_json.SelfDescribingJson object at 0x000002274C816990>, <snowplow_tracker.self_describing_json.SelfDescribingJson object at 0x000002274F918650>, <snowplow_tracker.self_describing_json.SelfDescribingJson object at 0x000002274EB0F4D0>]}


============================== 01:38:08.921115 | e1bf2dd7-5541-4c05-9642-f41d44829123 ==============================
[0m01:38:08.921115 [info ] [MainThread]: Running with dbt=1.11.11
[0m01:38:08.921115 [debug] [MainThread]: running dbt with arguments {'static_parser': 'True', 'no_print': 'None', 'version_check': 'True', 'target_path': 'None', 'warn_error_options': 'WarnErrorOptionsV2(error=[], warn=[], silence=[])', 'printer_width': '80', 'write_json': 'True', 'empty': 'False', 'log_cache_events': 'False', 'introspect': 'True', 'cache_selected_only': 'False', 'log_format': 'default', 'debug': 'False', 'fail_fast': 'False', 'partial_parse': 'True', 'send_anonymous_usage_stats': 'True', 'quiet': 'False', 'warn_error': 'None', 'profiles_dir': 'C:\\Users\\61452\\.dbt', 'indirect_selection': 'eager', 'use_colors': 'True', 'invocation_command': 'dbt run', 'use_experimental_parser': 'False', 'log_path': 'F:\\Projects\\Data Engg Project\\Data Engg Project on Emails - OC\\new attempt\\email_project\\logs'}
[0m01:38:09.930198 [debug] [MainThread]: Snowflake adapter: Setting snowflake.connector to ERROR (file logging only)
[0m01:38:09.930198 [debug] [MainThread]: Snowflake adapter: Setting botocore to ERROR (file logging only)
[0m01:38:09.930198 [debug] [MainThread]: Snowflake adapter: Setting boto3 to ERROR (file logging only)
[0m01:38:10.199461 [debug] [MainThread]: Sending event: {'category': 'dbt', 'action': 'project_id', 'label': 'e1bf2dd7-5541-4c05-9642-f41d44829123', 'context': [<snowplow_tracker.self_describing_json.SelfDescribingJson object at 0x0000022751D7CB60>]}
[0m01:38:10.246913 [debug] [MainThread]: Sending event: {'category': 'dbt', 'action': 'adapter_info', 'label': 'e1bf2dd7-5541-4c05-9642-f41d44829123', 'context': [<snowplow_tracker.self_describing_json.SelfDescribingJson object at 0x00000227510B3E00>]}
[0m01:38:10.262735 [info ] [MainThread]: Registered adapter: snowflake=1.11.6
[0m01:38:10.753038 [debug] [MainThread]: checksum: 30a8cc8fdcbf66701b0944d4ccce3fa46dd04b61e5df68b9f16d57b2e0e3f0be, vars: {}, profile: , target: , version: 1.11.11
[0m01:38:10.864431 [debug] [MainThread]: Partial parsing enabled: 0 files deleted, 0 files added, 0 files changed.
[0m01:38:10.864431 [debug] [MainThread]: Nothing changed, skipping partial parsing.
[0m01:38:10.864431 [debug] [MainThread]: Partial parsing enabled, no changes found, skipping parsing
[0m01:38:10.902930 [debug] [MainThread]: Sending event: {'category': 'dbt', 'action': 'load_project', 'label': 'e1bf2dd7-5541-4c05-9642-f41d44829123', 'context': [<snowplow_tracker.self_describing_json.SelfDescribingJson object at 0x0000022751FE80B0>]}
[0m01:38:10.980982 [debug] [MainThread]: Wrote artifact WritableManifest to F:\Projects\Data Engg Project\Data Engg Project on Emails - OC\new attempt\email_project\target\manifest.json
[0m01:38:10.997148 [debug] [MainThread]: Wrote artifact SemanticManifest to F:\Projects\Data Engg Project\Data Engg Project on Emails - OC\new attempt\email_project\target\semantic_manifest.json
[0m01:38:11.018936 [debug] [MainThread]: Sending event: {'category': 'dbt', 'action': 'resource_counts', 'label': 'e1bf2dd7-5541-4c05-9642-f41d44829123', 'context': [<snowplow_tracker.self_describing_json.SelfDescribingJson object at 0x000002275228ADE0>]}
[0m01:38:11.018936 [info ] [MainThread]: Found 1 model, 1 source, 537 macros
[0m01:38:11.019931 [debug] [MainThread]: Sending event: {'category': 'dbt', 'action': 'runnable_timing', 'label': 'e1bf2dd7-5541-4c05-9642-f41d44829123', 'context': [<snowplow_tracker.self_describing_json.SelfDescribingJson object at 0x000002274EBB4EF0>]}
[0m01:38:11.021920 [info ] [MainThread]: 
[0m01:38:11.022928 [info ] [MainThread]: Concurrency: 1 threads (target='dev')
[0m01:38:11.022928 [info ] [MainThread]: 
[0m01:38:11.023932 [debug] [MainThread]: Acquiring new snowflake connection 'master'
[0m01:38:11.025421 [debug] [ThreadPool]: Acquiring new snowflake connection 'list_email_db'
[0m01:38:14.285525 [debug] [ThreadPool]: Using snowflake connection "list_email_db"
[0m01:38:14.285525 [debug] [ThreadPool]: On list_email_db: show terse schemas in database email_db
    limit 10000
/* {"app": "dbt", "dbt_version": "1.11.11", "profile_name": "email_project", "target_name": "dev", "connection_name": "list_email_db"} */
[0m01:38:14.285525 [debug] [ThreadPool]: Opening a new connection, currently in state init
[0m01:38:21.252229 [debug] [ThreadPool]: SQL status: SUCCESS 3 in 6.966 seconds
[0m01:38:21.252229 [debug] [ThreadPool]: Re-using an available connection from the pool (formerly list_email_db, now create_email_db_raw_staging)
[0m01:38:21.252229 [debug] [ThreadPool]: Creating schema "database: "email_db"
schema: "raw_staging"
"
[0m01:38:21.261743 [debug] [ThreadPool]: Using snowflake connection "create_email_db_raw_staging"
[0m01:38:21.261743 [debug] [ThreadPool]: On create_email_db_raw_staging: create schema if not exists email_db.raw_staging
/* {"app": "dbt", "dbt_version": "1.11.11", "profile_name": "email_project", "target_name": "dev", "connection_name": "create_email_db_raw_staging"} */
[0m01:38:21.430810 [debug] [ThreadPool]: SQL status: SUCCESS 1 in 0.168 seconds
[0m01:38:21.433389 [debug] [ThreadPool]: Acquiring new snowflake connection 'list_email_db_raw_staging'
[0m01:38:21.439293 [debug] [ThreadPool]: Using snowflake connection "list_email_db_raw_staging"
[0m01:38:21.439293 [debug] [ThreadPool]: On list_email_db_raw_staging: show objects in email_db.raw_staging
    limit 10000
    

/* {"app": "dbt", "dbt_version": "1.11.11", "profile_name": "email_project", "target_name": "dev", "connection_name": "list_email_db_raw_staging"} */;
[0m01:38:21.439293 [debug] [ThreadPool]: Opening a new connection, currently in state init
[0m01:38:21.946549 [debug] [ThreadPool]: SQL status: SUCCESS 0 in 0.504 seconds
[0m01:38:21.956972 [debug] [MainThread]: Sending event: {'category': 'dbt', 'action': 'runnable_timing', 'label': 'e1bf2dd7-5541-4c05-9642-f41d44829123', 'context': [<snowplow_tracker.self_describing_json.SelfDescribingJson object at 0x000002275200D880>]}
[0m01:38:21.961937 [debug] [Thread-2 (]: Began running node model.email_project.stg_gmail_data
[0m01:38:21.961937 [info ] [Thread-2 (]: 1 of 1 START sql view model raw_staging.stg_gmail_data ......................... [RUN]
[0m01:38:21.961937 [debug] [Thread-2 (]: Acquiring new snowflake connection 'model.email_project.stg_gmail_data'
[0m01:38:21.961937 [debug] [Thread-2 (]: Began compiling node model.email_project.stg_gmail_data
[0m01:38:21.961937 [debug] [Thread-2 (]: Writing injected SQL for node "model.email_project.stg_gmail_data"
[0m01:38:21.961937 [debug] [Thread-2 (]: Began executing node model.email_project.stg_gmail_data
[0m01:38:22.007372 [debug] [Thread-2 (]: Writing runtime sql for node "model.email_project.stg_gmail_data"
[0m01:38:22.013098 [debug] [Thread-2 (]: Using snowflake connection "model.email_project.stg_gmail_data"
[0m01:38:22.013098 [debug] [Thread-2 (]: On model.email_project.stg_gmail_data: create or replace   view email_db.raw_staging.stg_gmail_data
  
  
  
  
  as (
    
with msg_rank as(
    SELECT 
        MESSAGE_ID,
        SENDER_RAW,
        LOWER(SENDER_EMAIL) AS sender_email,
        SENDER_DISPLAY_NAME,
        SENDER_DOMAIN,
        SENDER_DOMAIN_TYPE,
        CC,
        RECIPIENT_COUNT,    
        SUBJECT,    
        try_to_timestamp(FULL_DATE) as email_timestamp,
        YEAR,
        QUARTER,
        MONTH,
        MONTH_NAME,
        WEEK,
        DAY_OF_WEEK,
        DAY_NAME,
        IS_WEEKEND,    
        FULL_TIME,
        HOUR,
        MINUTE,
        AM_PM,
        TIME_BUCKET,
        FOLDER,
        ALL_LABELS,    
        SIZE_BYTES,
        ATTACHMENT_COUNT,
        HAS_ATTACHMENTS,  
        IS_READ,
        IS_STARRED,
        IS_REPLIED,   
        THREAD_SUBJECT,
        THREAD_FIRST_MESSAGE_AT,    
        THREAD_DURATION_SEC,       
        THREAD_PARTICIPANT_COUNT,
        RANK () OVER (PARTITION BY MESSAGE_ID ORDER BY FULL_DATE) AS rnk
    from email_db.raw.gmail_data
)
SELECT * FROM msg_rank WHERE rnk = 1
/* {"app": "dbt", "dbt_version": "1.11.11", "profile_name": "email_project", "target_name": "dev", "node_id": "model.email_project.stg_gmail_data"} */;
[0m01:38:22.014122 [debug] [Thread-2 (]: Opening a new connection, currently in state init
[0m01:38:23.519400 [debug] [Thread-2 (]: Snowflake adapter: Snowflake query id: 01c59902-0003-50e5-0003-1fe2000ba41a
[0m01:38:23.519400 [debug] [Thread-2 (]: Snowflake adapter: Snowflake error: 001003 (42000): SQL compilation error:
syntax error line 49 at position 150 unexpected ';'.
[0m01:38:23.530431 [debug] [Thread-2 (]: Database Error in model stg_gmail_data (models\staging\stg_gmail_data.sql)
  001003 (42000): SQL compilation error:
  syntax error line 49 at position 150 unexpected ';'.
  compiled code at target\run\email_project\models\staging\stg_gmail_data.sql
[0m01:38:23.530431 [debug] [Thread-2 (]: Sending event: {'category': 'dbt', 'action': 'run_model', 'label': 'e1bf2dd7-5541-4c05-9642-f41d44829123', 'context': [<snowplow_tracker.self_describing_json.SelfDescribingJson object at 0x000002274EB44D70>]}
[0m01:38:23.530431 [error] [Thread-2 (]: 1 of 1 ERROR creating sql view model raw_staging.stg_gmail_data ................ [[31mERROR[0m in 1.57s]
[0m01:38:23.530431 [debug] [Thread-2 (]: Finished running node model.email_project.stg_gmail_data
[0m01:38:23.546275 [debug] [Thread-5 (]: Marking all children of 'model.email_project.stg_gmail_data' to be skipped because of status 'error'.  Reason: Database Error in model stg_gmail_data (models\staging\stg_gmail_data.sql)
  001003 (42000): SQL compilation error:
  syntax error line 49 at position 150 unexpected ';'.
  compiled code at target\run\email_project\models\staging\stg_gmail_data.sql.
[0m01:38:23.546759 [debug] [MainThread]: Connection 'master' was properly closed.
[0m01:38:23.546759 [debug] [MainThread]: Connection 'create_email_db_raw_staging' was left open.
[0m01:38:23.546759 [debug] [MainThread]: On create_email_db_raw_staging: Close
[0m01:38:23.715342 [debug] [MainThread]: Connection 'list_email_db_raw_staging' was left open.
[0m01:38:23.715342 [debug] [MainThread]: On list_email_db_raw_staging: Close
[0m01:38:23.903446 [debug] [MainThread]: Connection 'model.email_project.stg_gmail_data' was left open.
[0m01:38:23.903446 [debug] [MainThread]: On model.email_project.stg_gmail_data: Close
[0m01:38:24.054784 [info ] [MainThread]: 
[0m01:38:24.055781 [info ] [MainThread]: Finished running 1 view model in 0 hours 0 minutes and 13.03 seconds (13.03s).
[0m01:38:24.056789 [debug] [MainThread]: Command end result
[0m01:38:24.087618 [debug] [MainThread]: Wrote artifact WritableManifest to F:\Projects\Data Engg Project\Data Engg Project on Emails - OC\new attempt\email_project\target\manifest.json
[0m01:38:24.087618 [debug] [MainThread]: Wrote artifact SemanticManifest to F:\Projects\Data Engg Project\Data Engg Project on Emails - OC\new attempt\email_project\target\semantic_manifest.json
[0m01:38:24.098676 [debug] [MainThread]: Wrote artifact RunExecutionResult to F:\Projects\Data Engg Project\Data Engg Project on Emails - OC\new attempt\email_project\target\run_results.json
[0m01:38:24.098676 [info ] [MainThread]: 
[0m01:38:24.099582 [info ] [MainThread]: [31mCompleted with 1 error, 0 partial successes, and 0 warnings:[0m
[0m01:38:24.099582 [info ] [MainThread]: 
[0m01:38:24.100667 [error] [MainThread]: [31mFailure in model stg_gmail_data (models\staging\stg_gmail_data.sql)[0m
[0m01:38:24.101699 [error] [MainThread]:   Database Error in model stg_gmail_data (models\staging\stg_gmail_data.sql)
  001003 (42000): SQL compilation error:
  syntax error line 49 at position 150 unexpected ';'.
  compiled code at target\run\email_project\models\staging\stg_gmail_data.sql
[0m01:38:24.101699 [info ] [MainThread]: 
[0m01:38:24.102778 [info ] [MainThread]:   compiled code at target\compiled\email_project\models\staging\stg_gmail_data.sql
[0m01:38:24.103792 [info ] [MainThread]: 
[0m01:38:24.104618 [info ] [MainThread]: Done. PASS=0 WARN=0 ERROR=1 SKIP=0 NO-OP=0 TOTAL=1
[0m01:38:24.106631 [debug] [MainThread]: Command `dbt run` failed at 01:38:24.106631 after 15.34 seconds
[0m01:38:24.106631 [debug] [MainThread]: Sending event: {'category': 'dbt', 'action': 'invocation', 'label': 'end', 'context': [<snowplow_tracker.self_describing_json.SelfDescribingJson object at 0x000002274FA32FF0>, <snowplow_tracker.self_describing_json.SelfDescribingJson object at 0x000002274FA8A990>, <snowplow_tracker.self_describing_json.SelfDescribingJson object at 0x000002274FA8A420>]}
[0m01:38:24.108651 [debug] [MainThread]: Flushing usage events
[0m01:38:25.435100 [debug] [MainThread]: An error was encountered while trying to flush usage events
[0m01:38:41.444467 [debug] [MainThread]: Sending event: {'category': 'dbt', 'action': 'invocation', 'label': 'start', 'context': [<snowplow_tracker.self_describing_json.SelfDescribingJson object at 0x00000240229EB170>, <snowplow_tracker.self_describing_json.SelfDescribingJson object at 0x0000024026046270>, <snowplow_tracker.self_describing_json.SelfDescribingJson object at 0x0000024026047DD0>]}


============================== 01:38:41.444467 | 7d541020-14e2-430f-ac48-3f840d376e03 ==============================
[0m01:38:41.444467 [info ] [MainThread]: Running with dbt=1.11.11
[0m01:38:41.444467 [debug] [MainThread]: running dbt with arguments {'version_check': 'True', 'no_print': 'None', 'static_parser': 'True', 'warn_error_options': 'WarnErrorOptionsV2(error=[], warn=[], silence=[])', 'target_path': 'None', 'printer_width': '80', 'write_json': 'True', 'introspect': 'True', 'log_cache_events': 'False', 'empty': 'False', 'cache_selected_only': 'False', 'log_format': 'default', 'debug': 'False', 'fail_fast': 'False', 'partial_parse': 'True', 'send_anonymous_usage_stats': 'True', 'quiet': 'False', 'warn_error': 'None', 'profiles_dir': 'C:\\Users\\61452\\.dbt', 'use_colors': 'True', 'indirect_selection': 'eager', 'invocation_command': 'dbt run', 'use_experimental_parser': 'False', 'log_path': 'F:\\Projects\\Data Engg Project\\Data Engg Project on Emails - OC\\new attempt\\email_project\\logs'}
[0m01:38:41.992432 [debug] [MainThread]: Snowflake adapter: Setting snowflake.connector to ERROR (file logging only)
[0m01:38:41.992432 [debug] [MainThread]: Snowflake adapter: Setting botocore to ERROR (file logging only)
[0m01:38:41.992432 [debug] [MainThread]: Snowflake adapter: Setting boto3 to ERROR (file logging only)
[0m01:38:42.186564 [debug] [MainThread]: Sending event: {'category': 'dbt', 'action': 'project_id', 'label': '7d541020-14e2-430f-ac48-3f840d376e03', 'context': [<snowplow_tracker.self_describing_json.SelfDescribingJson object at 0x0000024028B8F980>]}
[0m01:38:42.240013 [debug] [MainThread]: Sending event: {'category': 'dbt', 'action': 'adapter_info', 'label': '7d541020-14e2-430f-ac48-3f840d376e03', 'context': [<snowplow_tracker.self_describing_json.SelfDescribingJson object at 0x0000024028233E00>]}
[0m01:38:42.240013 [info ] [MainThread]: Registered adapter: snowflake=1.11.6
[0m01:38:42.521482 [debug] [MainThread]: checksum: 30a8cc8fdcbf66701b0944d4ccce3fa46dd04b61e5df68b9f16d57b2e0e3f0be, vars: {}, profile: , target: , version: 1.11.11
[0m01:38:42.629681 [debug] [MainThread]: Partial parsing enabled: 0 files deleted, 0 files added, 0 files changed.
[0m01:38:42.629681 [debug] [MainThread]: Nothing changed, skipping partial parsing.
[0m01:38:42.629681 [debug] [MainThread]: Partial parsing enabled, no changes found, skipping parsing
[0m01:38:42.661371 [debug] [MainThread]: Sending event: {'category': 'dbt', 'action': 'load_project', 'label': '7d541020-14e2-430f-ac48-3f840d376e03', 'context': [<snowplow_tracker.self_describing_json.SelfDescribingJson object at 0x0000024028CE9310>]}
[0m01:38:42.740292 [debug] [MainThread]: Wrote artifact WritableManifest to F:\Projects\Data Engg Project\Data Engg Project on Emails - OC\new attempt\email_project\target\manifest.json
[0m01:38:42.740292 [debug] [MainThread]: Wrote artifact SemanticManifest to F:\Projects\Data Engg Project\Data Engg Project on Emails - OC\new attempt\email_project\target\semantic_manifest.json
[0m01:38:42.756380 [debug] [MainThread]: Sending event: {'category': 'dbt', 'action': 'resource_counts', 'label': '7d541020-14e2-430f-ac48-3f840d376e03', 'context': [<snowplow_tracker.self_describing_json.SelfDescribingJson object at 0x000002402909ADE0>]}
[0m01:38:42.756380 [info ] [MainThread]: Found 1 model, 1 source, 537 macros
[0m01:38:42.756380 [debug] [MainThread]: Sending event: {'category': 'dbt', 'action': 'runnable_timing', 'label': '7d541020-14e2-430f-ac48-3f840d376e03', 'context': [<snowplow_tracker.self_describing_json.SelfDescribingJson object at 0x000002402910BD40>]}
[0m01:38:42.756380 [info ] [MainThread]: 
[0m01:38:42.756380 [info ] [MainThread]: Concurrency: 1 threads (target='dev')
[0m01:38:42.756380 [info ] [MainThread]: 
[0m01:38:42.756380 [debug] [MainThread]: Acquiring new snowflake connection 'master'
[0m01:38:42.772354 [debug] [ThreadPool]: Acquiring new snowflake connection 'list_email_db'
[0m01:38:42.857305 [debug] [ThreadPool]: Using snowflake connection "list_email_db"
[0m01:38:42.857305 [debug] [ThreadPool]: On list_email_db: show terse schemas in database email_db
    limit 10000
/* {"app": "dbt", "dbt_version": "1.11.11", "profile_name": "email_project", "target_name": "dev", "connection_name": "list_email_db"} */
[0m01:38:42.858333 [debug] [ThreadPool]: Opening a new connection, currently in state init
[0m01:38:43.987142 [debug] [ThreadPool]: SQL status: SUCCESS 4 in 1.135 seconds
[0m01:38:43.987142 [debug] [ThreadPool]: Acquiring new snowflake connection 'list_email_db_raw_staging'
[0m01:38:44.002866 [debug] [ThreadPool]: Using snowflake connection "list_email_db_raw_staging"
[0m01:38:44.002866 [debug] [ThreadPool]: On list_email_db_raw_staging: show objects in email_db.raw_staging
    limit 10000
    

/* {"app": "dbt", "dbt_version": "1.11.11", "profile_name": "email_project", "target_name": "dev", "connection_name": "list_email_db_raw_staging"} */;
[0m01:38:44.002866 [debug] [ThreadPool]: Opening a new connection, currently in state init
[0m01:38:44.945649 [debug] [ThreadPool]: SQL status: SUCCESS 0 in 0.948 seconds
[0m01:38:44.961470 [debug] [MainThread]: Sending event: {'category': 'dbt', 'action': 'runnable_timing', 'label': '7d541020-14e2-430f-ac48-3f840d376e03', 'context': [<snowplow_tracker.self_describing_json.SelfDescribingJson object at 0x0000024029512180>]}
[0m01:38:44.961470 [debug] [Thread-2 (]: Began running node model.email_project.stg_gmail_data
[0m01:38:44.961470 [info ] [Thread-2 (]: 1 of 1 START sql view model raw_staging.stg_gmail_data ......................... [RUN]
[0m01:38:44.961470 [debug] [Thread-2 (]: Acquiring new snowflake connection 'model.email_project.stg_gmail_data'
[0m01:38:44.961470 [debug] [Thread-2 (]: Began compiling node model.email_project.stg_gmail_data
[0m01:38:44.961470 [debug] [Thread-2 (]: Writing injected SQL for node "model.email_project.stg_gmail_data"
[0m01:38:44.961470 [debug] [Thread-2 (]: Began executing node model.email_project.stg_gmail_data
[0m01:38:44.997009 [debug] [Thread-2 (]: Writing runtime sql for node "model.email_project.stg_gmail_data"
[0m01:38:44.997009 [debug] [Thread-2 (]: Using snowflake connection "model.email_project.stg_gmail_data"
[0m01:38:44.997009 [debug] [Thread-2 (]: On model.email_project.stg_gmail_data: create or replace   view email_db.raw_staging.stg_gmail_data
  
  
  
  
  as (
    
with msg_rank as(
    SELECT 
        MESSAGE_ID,
        SENDER_RAW,
        LOWER(SENDER_EMAIL) AS sender_email,
        SENDER_DISPLAY_NAME,
        SENDER_DOMAIN,
        SENDER_DOMAIN_TYPE,
        CC,
        RECIPIENT_COUNT,    
        SUBJECT,    
        try_to_timestamp(FULL_DATE) as email_timestamp,
        YEAR,
        QUARTER,
        MONTH,
        MONTH_NAME,
        WEEK,
        DAY_OF_WEEK,
        DAY_NAME,
        IS_WEEKEND,    
        FULL_TIME,
        HOUR,
        MINUTE,
        AM_PM,
        TIME_BUCKET,
        FOLDER,
        ALL_LABELS,    
        SIZE_BYTES,
        ATTACHMENT_COUNT,
        HAS_ATTACHMENTS,  
        IS_READ,
        IS_STARRED,
        IS_REPLIED,   
        THREAD_SUBJECT,
        THREAD_FIRST_MESSAGE_AT,    
        THREAD_DURATION_SEC,       
        THREAD_PARTICIPANT_COUNT,
        RANK () OVER (PARTITION BY MESSAGE_ID ORDER BY FULL_DATE) AS rnk
    from email_db.raw.gmail_data
)
SELECT * FROM msg_rank WHERE rnk = 1
  )
/* {"app": "dbt", "dbt_version": "1.11.11", "profile_name": "email_project", "target_name": "dev", "node_id": "model.email_project.stg_gmail_data"} */;
[0m01:38:44.997009 [debug] [Thread-2 (]: Opening a new connection, currently in state init
[0m01:38:45.909943 [debug] [Thread-2 (]: SQL status: SUCCESS 1 in 0.900 seconds
[0m01:38:45.926094 [debug] [Thread-2 (]: Sending event: {'category': 'dbt', 'action': 'run_model', 'label': '7d541020-14e2-430f-ac48-3f840d376e03', 'context': [<snowplow_tracker.self_describing_json.SelfDescribingJson object at 0x000002402690DF70>]}
[0m01:38:45.926094 [info ] [Thread-2 (]: 1 of 1 OK created sql view model raw_staging.stg_gmail_data .................... [[32mSUCCESS 1[0m in 0.96s]
[0m01:38:45.926094 [debug] [Thread-2 (]: Finished running node model.email_project.stg_gmail_data
[0m01:38:45.926094 [debug] [MainThread]: Connection 'master' was properly closed.
[0m01:38:45.926094 [debug] [MainThread]: Connection 'list_email_db' was left open.
[0m01:38:45.926094 [debug] [MainThread]: On list_email_db: Close
[0m01:38:46.094892 [debug] [MainThread]: Connection 'list_email_db_raw_staging' was left open.
[0m01:38:46.094892 [debug] [MainThread]: On list_email_db_raw_staging: Close
[0m01:38:46.256663 [debug] [MainThread]: Connection 'model.email_project.stg_gmail_data' was left open.
[0m01:38:46.256663 [debug] [MainThread]: On model.email_project.stg_gmail_data: Close
[0m01:38:46.427748 [info ] [MainThread]: 
[0m01:38:46.427748 [info ] [MainThread]: Finished running 1 view model in 0 hours 0 minutes and 3.67 seconds (3.67s).
[0m01:38:46.427748 [debug] [MainThread]: Command end result
[0m01:38:46.467020 [debug] [MainThread]: Wrote artifact WritableManifest to F:\Projects\Data Engg Project\Data Engg Project on Emails - OC\new attempt\email_project\target\manifest.json
[0m01:38:46.469034 [debug] [MainThread]: Wrote artifact SemanticManifest to F:\Projects\Data Engg Project\Data Engg Project on Emails - OC\new attempt\email_project\target\semantic_manifest.json
[0m01:38:46.469034 [debug] [MainThread]: Wrote artifact RunExecutionResult to F:\Projects\Data Engg Project\Data Engg Project on Emails - OC\new attempt\email_project\target\run_results.json
[0m01:38:46.469034 [info ] [MainThread]: 
[0m01:38:46.469034 [info ] [MainThread]: [32mCompleted successfully[0m
[0m01:38:46.469034 [info ] [MainThread]: 
[0m01:38:46.477878 [info ] [MainThread]: Done. PASS=1 WARN=0 ERROR=0 SKIP=0 NO-OP=0 TOTAL=1
[0m01:38:46.477878 [debug] [MainThread]: Command `dbt run` succeeded at 01:38:46.477878 after 5.17 seconds
[0m01:38:46.479384 [debug] [MainThread]: Sending event: {'category': 'dbt', 'action': 'invocation', 'label': 'end', 'context': [<snowplow_tracker.self_describing_json.SelfDescribingJson object at 0x0000024023686F00>, <snowplow_tracker.self_describing_json.SelfDescribingJson object at 0x000002402591AAE0>, <snowplow_tracker.self_describing_json.SelfDescribingJson object at 0x0000024025918F20>]}
[0m01:38:46.479726 [debug] [MainThread]: Flushing usage events
[0m01:38:47.541869 [debug] [MainThread]: An error was encountered while trying to flush usage events
[0m01:40:57.781006 [debug] [MainThread]: Sending event: {'category': 'dbt', 'action': 'invocation', 'label': 'start', 'context': [<snowplow_tracker.self_describing_json.SelfDescribingJson object at 0x000002CEEA6BEF90>, <snowplow_tracker.self_describing_json.SelfDescribingJson object at 0x000002CEE7B7B050>, <snowplow_tracker.self_describing_json.SelfDescribingJson object at 0x000002CEEA0AACC0>]}


============================== 01:40:57.785000 | 017fee98-2b5f-4d0e-9d48-5e84a90b3b7f ==============================
[0m01:40:57.785000 [info ] [MainThread]: Running with dbt=1.11.11
[0m01:40:57.785999 [debug] [MainThread]: running dbt with arguments {'version_check': 'True', 'no_print': 'None', 'static_parser': 'True', 'target_path': 'None', 'warn_error_options': 'WarnErrorOptionsV2(error=[], warn=[], silence=[])', 'printer_width': '80', 'write_json': 'True', 'introspect': 'True', 'log_cache_events': 'False', 'empty': 'False', 'cache_selected_only': 'False', 'fail_fast': 'False', 'debug': 'False', 'log_format': 'default', 'profiles_dir': 'C:\\Users\\61452\\.dbt', 'send_anonymous_usage_stats': 'True', 'quiet': 'False', 'warn_error': 'None', 'partial_parse': 'True', 'use_colors': 'True', 'indirect_selection': 'eager', 'invocation_command': 'dbt run', 'use_experimental_parser': 'False', 'log_path': 'F:\\Projects\\Data Engg Project\\Data Engg Project on Emails - OC\\new attempt\\email_project\\logs'}
[0m01:40:58.364423 [debug] [MainThread]: Snowflake adapter: Setting snowflake.connector to ERROR (file logging only)
[0m01:40:58.365419 [debug] [MainThread]: Snowflake adapter: Setting botocore to ERROR (file logging only)
[0m01:40:58.365419 [debug] [MainThread]: Snowflake adapter: Setting boto3 to ERROR (file logging only)
[0m01:40:58.550942 [debug] [MainThread]: Sending event: {'category': 'dbt', 'action': 'project_id', 'label': '017fee98-2b5f-4d0e-9d48-5e84a90b3b7f', 'context': [<snowplow_tracker.self_describing_json.SelfDescribingJson object at 0x000002CEED6088C0>]}
[0m01:40:58.610534 [debug] [MainThread]: Sending event: {'category': 'dbt', 'action': 'adapter_info', 'label': '017fee98-2b5f-4d0e-9d48-5e84a90b3b7f', 'context': [<snowplow_tracker.self_describing_json.SelfDescribingJson object at 0x000002CEEAF64EF0>]}
[0m01:40:58.611942 [info ] [MainThread]: Registered adapter: snowflake=1.11.6
[0m01:40:58.908539 [debug] [MainThread]: checksum: 30a8cc8fdcbf66701b0944d4ccce3fa46dd04b61e5df68b9f16d57b2e0e3f0be, vars: {}, profile: , target: , version: 1.11.11
[0m01:40:59.008040 [debug] [MainThread]: Partial parsing enabled: 0 files deleted, 0 files added, 0 files changed.
[0m01:40:59.008040 [debug] [MainThread]: Nothing changed, skipping partial parsing.
[0m01:40:59.008040 [debug] [MainThread]: Partial parsing enabled, no changes found, skipping parsing
[0m01:40:59.039926 [debug] [MainThread]: Sending event: {'category': 'dbt', 'action': 'load_project', 'label': '017fee98-2b5f-4d0e-9d48-5e84a90b3b7f', 'context': [<snowplow_tracker.self_describing_json.SelfDescribingJson object at 0x000002CEEDFB8A70>]}
[0m01:40:59.132125 [debug] [MainThread]: Wrote artifact WritableManifest to F:\Projects\Data Engg Project\Data Engg Project on Emails - OC\new attempt\email_project\target\manifest.json
[0m01:40:59.135569 [debug] [MainThread]: Wrote artifact SemanticManifest to F:\Projects\Data Engg Project\Data Engg Project on Emails - OC\new attempt\email_project\target\semantic_manifest.json
[0m01:40:59.148113 [debug] [MainThread]: Sending event: {'category': 'dbt', 'action': 'resource_counts', 'label': '017fee98-2b5f-4d0e-9d48-5e84a90b3b7f', 'context': [<snowplow_tracker.self_describing_json.SelfDescribingJson object at 0x000002CEEE25AE10>]}
[0m01:40:59.148113 [info ] [MainThread]: Found 1 model, 1 source, 537 macros
[0m01:40:59.148113 [debug] [MainThread]: Sending event: {'category': 'dbt', 'action': 'runnable_timing', 'label': '017fee98-2b5f-4d0e-9d48-5e84a90b3b7f', 'context': [<snowplow_tracker.self_describing_json.SelfDescribingJson object at 0x000002CEED60BD40>]}
[0m01:40:59.148113 [info ] [MainThread]: 
[0m01:40:59.148113 [info ] [MainThread]: Concurrency: 1 threads (target='dev')
[0m01:40:59.148113 [info ] [MainThread]: 
[0m01:40:59.148113 [debug] [MainThread]: Acquiring new snowflake connection 'master'
[0m01:40:59.148113 [debug] [ThreadPool]: Acquiring new snowflake connection 'list_email_db'
[0m01:40:59.229704 [debug] [ThreadPool]: Using snowflake connection "list_email_db"
[0m01:40:59.230744 [debug] [ThreadPool]: On list_email_db: show terse schemas in database email_db
    limit 10000
/* {"app": "dbt", "dbt_version": "1.11.11", "profile_name": "email_project", "target_name": "dev", "connection_name": "list_email_db"} */
[0m01:40:59.232257 [debug] [ThreadPool]: Opening a new connection, currently in state init
[0m01:41:00.381159 [debug] [ThreadPool]: SQL status: SUCCESS 4 in 1.150 seconds
[0m01:41:00.381159 [debug] [ThreadPool]: Acquiring new snowflake connection 'list_email_db_raw_staging'
[0m01:41:00.397237 [debug] [ThreadPool]: Using snowflake connection "list_email_db_raw_staging"
[0m01:41:00.397237 [debug] [ThreadPool]: On list_email_db_raw_staging: show objects in email_db.raw_staging
    limit 10000
    

/* {"app": "dbt", "dbt_version": "1.11.11", "profile_name": "email_project", "target_name": "dev", "connection_name": "list_email_db_raw_staging"} */;
[0m01:41:00.397237 [debug] [ThreadPool]: Opening a new connection, currently in state init
[0m01:41:01.236859 [debug] [ThreadPool]: SQL status: SUCCESS 1 in 0.846 seconds
[0m01:41:01.252996 [debug] [MainThread]: Sending event: {'category': 'dbt', 'action': 'runnable_timing', 'label': '017fee98-2b5f-4d0e-9d48-5e84a90b3b7f', 'context': [<snowplow_tracker.self_describing_json.SelfDescribingJson object at 0x000002CEEDF96E40>]}
[0m01:41:01.252996 [debug] [Thread-2 (]: Began running node model.email_project.stg_gmail_data
[0m01:41:01.252996 [info ] [Thread-2 (]: 1 of 1 START sql view model raw_staging.stg_gmail_data ......................... [RUN]
[0m01:41:01.260800 [debug] [Thread-2 (]: Acquiring new snowflake connection 'model.email_project.stg_gmail_data'
[0m01:41:01.260800 [debug] [Thread-2 (]: Began compiling node model.email_project.stg_gmail_data
[0m01:41:01.270536 [debug] [Thread-2 (]: Writing injected SQL for node "model.email_project.stg_gmail_data"
[0m01:41:01.271495 [debug] [Thread-2 (]: Began executing node model.email_project.stg_gmail_data
[0m01:41:01.297269 [debug] [Thread-2 (]: Writing runtime sql for node "model.email_project.stg_gmail_data"
[0m01:41:01.297269 [debug] [Thread-2 (]: Using snowflake connection "model.email_project.stg_gmail_data"
[0m01:41:01.297269 [debug] [Thread-2 (]: On model.email_project.stg_gmail_data: create or replace   view email_db.raw_staging.stg_gmail_data
  
  
  
  
  as (
    
with msg_rank as(
    SELECT 
        MESSAGE_ID,
        SENDER_RAW,
        LOWER(SENDER_EMAIL) AS sender_email,
        SENDER_DISPLAY_NAME,
        SENDER_DOMAIN,
        SENDER_DOMAIN_TYPE,
        CC,
        RECIPIENT_COUNT,    
        SUBJECT,    
        try_to_timestamp(FULL_DATE) as email_timestamp,
        YEAR,
        QUARTER,
        MONTH,
        MONTH_NAME,
        WEEK,
        DAY_OF_WEEK,
        DAY_NAME,
        IS_WEEKEND,    
        FULL_TIME,
        HOUR,
        MINUTE,
        AM_PM,
        TIME_BUCKET,
        FOLDER,
        ALL_LABELS,    
        SIZE_BYTES,
        ATTACHMENT_COUNT,
        HAS_ATTACHMENTS,  
        IS_READ,
        IS_STARRED,
        IS_REPLIED,   
        THREAD_SUBJECT,
        THREAD_FIRST_MESSAGE_AT,    
        THREAD_DURATION_SEC,       
        THREAD_PARTICIPANT_COUNT,
        RANK () OVER (PARTITION BY MESSAGE_ID ORDER BY FULL_DATE) AS rnk
    from email_db.raw.gmail_data
)
SELECT         
        MESSAGE_ID,
        SENDER_RAW,
        LOWER(SENDER_EMAIL) AS sender_email,
        SENDER_DISPLAY_NAME,
        SENDER_DOMAIN,
        SENDER_DOMAIN_TYPE,
        CC,
        RECIPIENT_COUNT,    
        SUBJECT,    
        try_to_timestamp(FULL_DATE) as email_timestamp,
        YEAR,
        QUARTER,
        MONTH,
        MONTH_NAME,
        WEEK,
        DAY_OF_WEEK,
        DAY_NAME,
        IS_WEEKEND,    
        FULL_TIME,
        HOUR,
        MINUTE,
        AM_PM,
        TIME_BUCKET,
        FOLDER,
        ALL_LABELS,    
        SIZE_BYTES,
        ATTACHMENT_COUNT,
        HAS_ATTACHMENTS,  
        IS_READ,
        IS_STARRED,
        IS_REPLIED,   
        THREAD_SUBJECT,
        THREAD_FIRST_MESSAGE_AT,    
        THREAD_DURATION_SEC,       
        THREAD_PARTICIPANT_COUNT, 
    FROM msg_rank WHERE rnk = 1
  )
/* {"app": "dbt", "dbt_version": "1.11.11", "profile_name": "email_project", "target_name": "dev", "node_id": "model.email_project.stg_gmail_data"} */;
[0m01:41:01.297269 [debug] [Thread-2 (]: Opening a new connection, currently in state init
[0m01:41:01.897062 [debug] [Thread-2 (]: Snowflake adapter: Snowflake query id: 01c59905-0003-50e5-0003-1fe2000ba592
[0m01:41:01.897062 [debug] [Thread-2 (]: Snowflake adapter: Snowflake error: 000904 (42000): SQL compilation error: error line 58 at position 25
invalid identifier 'FULL_DATE'
[0m01:41:01.897062 [debug] [Thread-2 (]: Database Error in model stg_gmail_data (models\staging\stg_gmail_data.sql)
  000904 (42000): SQL compilation error: error line 58 at position 25
  invalid identifier 'FULL_DATE'
  compiled code at target\run\email_project\models\staging\stg_gmail_data.sql
[0m01:41:01.913668 [debug] [Thread-2 (]: Sending event: {'category': 'dbt', 'action': 'run_model', 'label': '017fee98-2b5f-4d0e-9d48-5e84a90b3b7f', 'context': [<snowplow_tracker.self_describing_json.SelfDescribingJson object at 0x000002CEEE80B4D0>]}
[0m01:41:01.913668 [error] [Thread-2 (]: 1 of 1 ERROR creating sql view model raw_staging.stg_gmail_data ................ [[31mERROR[0m in 0.65s]
[0m01:41:01.913668 [debug] [Thread-2 (]: Finished running node model.email_project.stg_gmail_data
[0m01:41:01.913668 [debug] [Thread-5 (]: Marking all children of 'model.email_project.stg_gmail_data' to be skipped because of status 'error'.  Reason: Database Error in model stg_gmail_data (models\staging\stg_gmail_data.sql)
  000904 (42000): SQL compilation error: error line 58 at position 25
  invalid identifier 'FULL_DATE'
  compiled code at target\run\email_project\models\staging\stg_gmail_data.sql.
[0m01:41:01.913668 [debug] [MainThread]: Connection 'master' was properly closed.
[0m01:41:01.913668 [debug] [MainThread]: Connection 'list_email_db' was left open.
[0m01:41:01.913668 [debug] [MainThread]: On list_email_db: Close
[0m01:41:02.072450 [debug] [MainThread]: Connection 'list_email_db_raw_staging' was left open.
[0m01:41:02.072450 [debug] [MainThread]: On list_email_db_raw_staging: Close
[0m01:41:02.223412 [debug] [MainThread]: Connection 'model.email_project.stg_gmail_data' was left open.
[0m01:41:02.223412 [debug] [MainThread]: On model.email_project.stg_gmail_data: Close
[0m01:41:02.436554 [info ] [MainThread]: 
[0m01:41:02.436554 [info ] [MainThread]: Finished running 1 view model in 0 hours 0 minutes and 3.29 seconds (3.29s).
[0m01:41:02.436554 [debug] [MainThread]: Command end result
[0m01:41:02.506880 [debug] [MainThread]: Wrote artifact WritableManifest to F:\Projects\Data Engg Project\Data Engg Project on Emails - OC\new attempt\email_project\target\manifest.json
[0m01:41:02.512882 [debug] [MainThread]: Wrote artifact SemanticManifest to F:\Projects\Data Engg Project\Data Engg Project on Emails - OC\new attempt\email_project\target\semantic_manifest.json
[0m01:41:02.523881 [debug] [MainThread]: Wrote artifact RunExecutionResult to F:\Projects\Data Engg Project\Data Engg Project on Emails - OC\new attempt\email_project\target\run_results.json
[0m01:41:02.524885 [info ] [MainThread]: 
[0m01:41:02.524885 [info ] [MainThread]: [31mCompleted with 1 error, 0 partial successes, and 0 warnings:[0m
[0m01:41:02.525891 [info ] [MainThread]: 
[0m01:41:02.525891 [error] [MainThread]: [31mFailure in model stg_gmail_data (models\staging\stg_gmail_data.sql)[0m
[0m01:41:02.527304 [error] [MainThread]:   Database Error in model stg_gmail_data (models\staging\stg_gmail_data.sql)
  000904 (42000): SQL compilation error: error line 58 at position 25
  invalid identifier 'FULL_DATE'
  compiled code at target\run\email_project\models\staging\stg_gmail_data.sql
[0m01:41:02.528367 [info ] [MainThread]: 
[0m01:41:02.529720 [info ] [MainThread]:   compiled code at target\compiled\email_project\models\staging\stg_gmail_data.sql
[0m01:41:02.532358 [info ] [MainThread]: 
[0m01:41:02.532358 [info ] [MainThread]: Done. PASS=0 WARN=0 ERROR=1 SKIP=0 NO-OP=0 TOTAL=1
[0m01:41:02.534380 [debug] [MainThread]: Command `dbt run` failed at 01:41:02.534380 after 4.98 seconds
[0m01:41:02.534380 [debug] [MainThread]: Sending event: {'category': 'dbt', 'action': 'invocation', 'label': 'end', 'context': [<snowplow_tracker.self_describing_json.SelfDescribingJson object at 0x000002CEEA0AACC0>, <snowplow_tracker.self_describing_json.SelfDescribingJson object at 0x000002CEEB173620>, <snowplow_tracker.self_describing_json.SelfDescribingJson object at 0x000002CEEB9E2EA0>]}
[0m01:41:02.536913 [debug] [MainThread]: Flushing usage events
[0m01:41:03.797465 [debug] [MainThread]: An error was encountered while trying to flush usage events
[0m01:41:38.280772 [debug] [MainThread]: Sending event: {'category': 'dbt', 'action': 'invocation', 'label': 'start', 'context': [<snowplow_tracker.self_describing_json.SelfDescribingJson object at 0x00000258749F7170>, <snowplow_tracker.self_describing_json.SelfDescribingJson object at 0x0000025878748650>, <snowplow_tracker.self_describing_json.SelfDescribingJson object at 0x00000258786E6090>]}


============================== 01:41:38.297711 | 1da8becb-9994-4a7d-a5c2-22b18ed52a90 ==============================
[0m01:41:38.297711 [info ] [MainThread]: Running with dbt=1.11.11
[0m01:41:38.299127 [debug] [MainThread]: running dbt with arguments {'version_check': 'True', 'no_print': 'None', 'static_parser': 'True', 'target_path': 'None', 'warn_error_options': 'WarnErrorOptionsV2(error=[], warn=[], silence=[])', 'printer_width': '80', 'write_json': 'True', 'empty': 'False', 'log_cache_events': 'False', 'introspect': 'True', 'cache_selected_only': 'False', 'log_format': 'default', 'debug': 'False', 'fail_fast': 'False', 'profiles_dir': 'C:\\Users\\61452\\.dbt', 'send_anonymous_usage_stats': 'True', 'quiet': 'False', 'warn_error': 'None', 'partial_parse': 'True', 'use_colors': 'True', 'indirect_selection': 'eager', 'invocation_command': 'dbt run', 'use_experimental_parser': 'False', 'log_path': 'F:\\Projects\\Data Engg Project\\Data Engg Project on Emails - OC\\new attempt\\email_project\\logs'}
[0m01:41:38.904239 [debug] [MainThread]: Snowflake adapter: Setting snowflake.connector to ERROR (file logging only)
[0m01:41:38.904239 [debug] [MainThread]: Snowflake adapter: Setting botocore to ERROR (file logging only)
[0m01:41:38.905272 [debug] [MainThread]: Snowflake adapter: Setting boto3 to ERROR (file logging only)
[0m01:41:39.097261 [debug] [MainThread]: Sending event: {'category': 'dbt', 'action': 'project_id', 'label': '1da8becb-9994-4a7d-a5c2-22b18ed52a90', 'context': [<snowplow_tracker.self_describing_json.SelfDescribingJson object at 0x00000258779E4EF0>]}
[0m01:41:39.147249 [debug] [MainThread]: Sending event: {'category': 'dbt', 'action': 'adapter_info', 'label': '1da8becb-9994-4a7d-a5c2-22b18ed52a90', 'context': [<snowplow_tracker.self_describing_json.SelfDescribingJson object at 0x000002587A42A030>]}
[0m01:41:39.164176 [info ] [MainThread]: Registered adapter: snowflake=1.11.6
[0m01:41:39.459964 [debug] [MainThread]: checksum: 30a8cc8fdcbf66701b0944d4ccce3fa46dd04b61e5df68b9f16d57b2e0e3f0be, vars: {}, profile: , target: , version: 1.11.11
[0m01:41:39.574520 [debug] [MainThread]: Partial parsing enabled: 0 files deleted, 0 files added, 0 files changed.
[0m01:41:39.574520 [debug] [MainThread]: Nothing changed, skipping partial parsing.
[0m01:41:39.575520 [debug] [MainThread]: Partial parsing enabled, no changes found, skipping parsing
[0m01:41:39.597829 [debug] [MainThread]: Sending event: {'category': 'dbt', 'action': 'load_project', 'label': '1da8becb-9994-4a7d-a5c2-22b18ed52a90', 'context': [<snowplow_tracker.self_describing_json.SelfDescribingJson object at 0x000002587ABE0860>]}
[0m01:41:39.684793 [debug] [MainThread]: Wrote artifact WritableManifest to F:\Projects\Data Engg Project\Data Engg Project on Emails - OC\new attempt\email_project\target\manifest.json
[0m01:41:39.687787 [debug] [MainThread]: Wrote artifact SemanticManifest to F:\Projects\Data Engg Project\Data Engg Project on Emails - OC\new attempt\email_project\target\semantic_manifest.json
[0m01:41:39.698019 [debug] [MainThread]: Sending event: {'category': 'dbt', 'action': 'resource_counts', 'label': '1da8becb-9994-4a7d-a5c2-22b18ed52a90', 'context': [<snowplow_tracker.self_describing_json.SelfDescribingJson object at 0x000002587B08AE70>]}
[0m01:41:39.698019 [info ] [MainThread]: Found 1 model, 1 source, 537 macros
[0m01:41:39.698019 [debug] [MainThread]: Sending event: {'category': 'dbt', 'action': 'runnable_timing', 'label': '1da8becb-9994-4a7d-a5c2-22b18ed52a90', 'context': [<snowplow_tracker.self_describing_json.SelfDescribingJson object at 0x000002587AFCA9F0>]}
[0m01:41:39.698019 [info ] [MainThread]: 
[0m01:41:39.698019 [info ] [MainThread]: Concurrency: 1 threads (target='dev')
[0m01:41:39.698019 [info ] [MainThread]: 
[0m01:41:39.698019 [debug] [MainThread]: Acquiring new snowflake connection 'master'
[0m01:41:39.698019 [debug] [ThreadPool]: Acquiring new snowflake connection 'list_email_db'
[0m01:41:39.782955 [debug] [ThreadPool]: Using snowflake connection "list_email_db"
[0m01:41:39.783955 [debug] [ThreadPool]: On list_email_db: show terse schemas in database email_db
    limit 10000
/* {"app": "dbt", "dbt_version": "1.11.11", "profile_name": "email_project", "target_name": "dev", "connection_name": "list_email_db"} */
[0m01:41:39.783955 [debug] [ThreadPool]: Opening a new connection, currently in state init
[0m01:41:41.065291 [debug] [ThreadPool]: SQL status: SUCCESS 4 in 1.281 seconds
[0m01:41:41.068290 [debug] [ThreadPool]: Acquiring new snowflake connection 'list_email_db_raw_staging'
[0m01:41:41.081892 [debug] [ThreadPool]: Using snowflake connection "list_email_db_raw_staging"
[0m01:41:41.081892 [debug] [ThreadPool]: On list_email_db_raw_staging: show objects in email_db.raw_staging
    limit 10000
    

/* {"app": "dbt", "dbt_version": "1.11.11", "profile_name": "email_project", "target_name": "dev", "connection_name": "list_email_db_raw_staging"} */;
[0m01:41:41.081892 [debug] [ThreadPool]: Opening a new connection, currently in state init
[0m01:41:42.342162 [debug] [ThreadPool]: SQL status: SUCCESS 1 in 1.261 seconds
[0m01:41:42.342162 [debug] [MainThread]: Sending event: {'category': 'dbt', 'action': 'runnable_timing', 'label': '1da8becb-9994-4a7d-a5c2-22b18ed52a90', 'context': [<snowplow_tracker.self_describing_json.SelfDescribingJson object at 0x000002587B6780B0>]}
[0m01:41:42.342162 [debug] [Thread-2 (]: Began running node model.email_project.stg_gmail_data
[0m01:41:42.342162 [info ] [Thread-2 (]: 1 of 1 START sql view model raw_staging.stg_gmail_data ......................... [RUN]
[0m01:41:42.342162 [debug] [Thread-2 (]: Acquiring new snowflake connection 'model.email_project.stg_gmail_data'
[0m01:41:42.342162 [debug] [Thread-2 (]: Began compiling node model.email_project.stg_gmail_data
[0m01:41:42.359602 [debug] [Thread-2 (]: Writing injected SQL for node "model.email_project.stg_gmail_data"
[0m01:41:42.360630 [debug] [Thread-2 (]: Began executing node model.email_project.stg_gmail_data
[0m01:41:42.381320 [debug] [Thread-2 (]: Writing runtime sql for node "model.email_project.stg_gmail_data"
[0m01:41:42.381320 [debug] [Thread-2 (]: Using snowflake connection "model.email_project.stg_gmail_data"
[0m01:41:42.381320 [debug] [Thread-2 (]: On model.email_project.stg_gmail_data: create or replace   view email_db.raw_staging.stg_gmail_data
  
  
  
  
  as (
    
with msg_rank as(
    SELECT 
        MESSAGE_ID,
        SENDER_RAW,
        LOWER(SENDER_EMAIL) AS sender_email,
        SENDER_DISPLAY_NAME,
        SENDER_DOMAIN,
        SENDER_DOMAIN_TYPE,
        CC,
        RECIPIENT_COUNT,    
        SUBJECT,    
        try_to_timestamp(FULL_DATE) as email_timestamp,
        YEAR,
        QUARTER,
        MONTH,
        MONTH_NAME,
        WEEK,
        DAY_OF_WEEK,
        DAY_NAME,
        IS_WEEKEND,    
        FULL_TIME,
        HOUR,
        MINUTE,
        AM_PM,
        TIME_BUCKET,
        FOLDER,
        ALL_LABELS,    
        SIZE_BYTES,
        ATTACHMENT_COUNT,
        HAS_ATTACHMENTS,  
        IS_READ,
        IS_STARRED,
        IS_REPLIED,   
        THREAD_SUBJECT,
        THREAD_FIRST_MESSAGE_AT,    
        THREAD_DURATION_SEC,       
        THREAD_PARTICIPANT_COUNT,
        RANK () OVER (PARTITION BY MESSAGE_ID ORDER BY FULL_DATE) AS rnk
    from email_db.raw.gmail_data
)
SELECT         
        MESSAGE_ID,
        SENDER_RAW,
        sender_email,
        SENDER_DISPLAY_NAME,
        SENDER_DOMAIN,
        SENDER_DOMAIN_TYPE,
        CC,
        RECIPIENT_COUNT,    
        SUBJECT,    
        email_timestamp,
        YEAR,
        QUARTER,
        MONTH,
        MONTH_NAME,
        WEEK,
        DAY_OF_WEEK,
        DAY_NAME,
        IS_WEEKEND,    
        FULL_TIME,
        HOUR,
        MINUTE,
        AM_PM,
        TIME_BUCKET,
        FOLDER,
        ALL_LABELS,    
        SIZE_BYTES,
        ATTACHMENT_COUNT,
        HAS_ATTACHMENTS,  
        IS_READ,
        IS_STARRED,
        IS_REPLIED,   
        THREAD_SUBJECT,
        THREAD_FIRST_MESSAGE_AT,    
        THREAD_DURATION_SEC,       
        THREAD_PARTICIPANT_COUNT, 
    FROM msg_rank WHERE rnk = 1
  )
/* {"app": "dbt", "dbt_version": "1.11.11", "profile_name": "email_project", "target_name": "dev", "node_id": "model.email_project.stg_gmail_data"} */;
[0m01:41:42.381320 [debug] [Thread-2 (]: Opening a new connection, currently in state init
[0m01:41:43.213110 [debug] [Thread-2 (]: SQL status: SUCCESS 1 in 0.820 seconds
[0m01:41:43.231035 [debug] [Thread-2 (]: Sending event: {'category': 'dbt', 'action': 'run_model', 'label': '1da8becb-9994-4a7d-a5c2-22b18ed52a90', 'context': [<snowplow_tracker.self_describing_json.SelfDescribingJson object at 0x000002587891E060>]}
[0m01:41:43.231035 [info ] [Thread-2 (]: 1 of 1 OK created sql view model raw_staging.stg_gmail_data .................... [[32mSUCCESS 1[0m in 0.89s]
[0m01:41:43.231035 [debug] [Thread-2 (]: Finished running node model.email_project.stg_gmail_data
[0m01:41:43.231035 [debug] [MainThread]: Connection 'master' was properly closed.
[0m01:41:43.247070 [debug] [MainThread]: Connection 'list_email_db' was left open.
[0m01:41:43.247070 [debug] [MainThread]: On list_email_db: Close
[0m01:41:43.394887 [debug] [MainThread]: Connection 'list_email_db_raw_staging' was left open.
[0m01:41:43.394887 [debug] [MainThread]: On list_email_db_raw_staging: Close
[0m01:41:43.570734 [debug] [MainThread]: Connection 'model.email_project.stg_gmail_data' was left open.
[0m01:41:43.570734 [debug] [MainThread]: On model.email_project.stg_gmail_data: Close
[0m01:41:43.742511 [info ] [MainThread]: 
[0m01:41:43.742511 [info ] [MainThread]: Finished running 1 view model in 0 hours 0 minutes and 4.04 seconds (4.04s).
[0m01:41:43.742511 [debug] [MainThread]: Command end result
[0m01:41:43.772965 [debug] [MainThread]: Wrote artifact WritableManifest to F:\Projects\Data Engg Project\Data Engg Project on Emails - OC\new attempt\email_project\target\manifest.json
[0m01:41:43.776827 [debug] [MainThread]: Wrote artifact SemanticManifest to F:\Projects\Data Engg Project\Data Engg Project on Emails - OC\new attempt\email_project\target\semantic_manifest.json
[0m01:41:43.781755 [debug] [MainThread]: Wrote artifact RunExecutionResult to F:\Projects\Data Engg Project\Data Engg Project on Emails - OC\new attempt\email_project\target\run_results.json
[0m01:41:43.788117 [info ] [MainThread]: 
[0m01:41:43.788117 [info ] [MainThread]: [32mCompleted successfully[0m
[0m01:41:43.790127 [info ] [MainThread]: 
[0m01:41:43.790127 [info ] [MainThread]: Done. PASS=1 WARN=0 ERROR=0 SKIP=0 NO-OP=0 TOTAL=1
[0m01:41:43.792136 [debug] [MainThread]: Command `dbt run` succeeded at 01:41:43.792136 after 5.64 seconds
[0m01:41:43.792136 [debug] [MainThread]: Sending event: {'category': 'dbt', 'action': 'invocation', 'label': 'end', 'context': [<snowplow_tracker.self_describing_json.SelfDescribingJson object at 0x00000258788BA6F0>, <snowplow_tracker.self_describing_json.SelfDescribingJson object at 0x0000025878862FF0>, <snowplow_tracker.self_describing_json.SelfDescribingJson object at 0x00000258788A2210>]}
[0m01:41:43.792136 [debug] [MainThread]: Flushing usage events
[0m01:41:44.931524 [debug] [MainThread]: An error was encountered while trying to flush usage events
[0m02:00:32.575823 [debug] [MainThread]: Sending event: {'category': 'dbt', 'action': 'invocation', 'label': 'start', 'context': [<snowplow_tracker.self_describing_json.SelfDescribingJson object at 0x0000026C399A0320>, <snowplow_tracker.self_describing_json.SelfDescribingJson object at 0x0000026C399A0650>, <snowplow_tracker.self_describing_json.SelfDescribingJson object at 0x0000026C35C7AF60>]}


============================== 02:00:32.580277 | 6d727c66-ab66-47bd-b766-b440b7d69b21 ==============================
[0m02:00:32.580277 [info ] [MainThread]: Running with dbt=1.11.11
[0m02:00:32.581330 [debug] [MainThread]: running dbt with arguments {'static_parser': 'True', 'no_print': 'None', 'version_check': 'True', 'target_path': 'None', 'warn_error_options': 'WarnErrorOptionsV2(error=[], warn=[], silence=[])', 'printer_width': '80', 'write_json': 'True', 'empty': 'False', 'log_cache_events': 'False', 'introspect': 'True', 'cache_selected_only': 'False', 'fail_fast': 'False', 'debug': 'False', 'log_format': 'default', 'profiles_dir': 'C:\\Users\\61452\\.dbt', 'send_anonymous_usage_stats': 'True', 'quiet': 'False', 'warn_error': 'None', 'partial_parse': 'True', 'indirect_selection': 'eager', 'use_colors': 'True', 'invocation_command': 'dbt run', 'use_experimental_parser': 'False', 'log_path': 'F:\\Projects\\Data Engg Project\\Data Engg Project on Emails - OC\\new attempt\\email_project\\logs'}
[0m02:00:33.140712 [debug] [MainThread]: Snowflake adapter: Setting snowflake.connector to ERROR (file logging only)
[0m02:00:33.146933 [debug] [MainThread]: Snowflake adapter: Setting botocore to ERROR (file logging only)
[0m02:00:33.148253 [debug] [MainThread]: Snowflake adapter: Setting boto3 to ERROR (file logging only)
[0m02:00:33.348860 [debug] [MainThread]: Sending event: {'category': 'dbt', 'action': 'project_id', 'label': '6d727c66-ab66-47bd-b766-b440b7d69b21', 'context': [<snowplow_tracker.self_describing_json.SelfDescribingJson object at 0x0000026C3B646930>]}
[0m02:00:33.418450 [debug] [MainThread]: Sending event: {'category': 'dbt', 'action': 'adapter_info', 'label': '6d727c66-ab66-47bd-b766-b440b7d69b21', 'context': [<snowplow_tracker.self_describing_json.SelfDescribingJson object at 0x0000026C3BD1A480>]}
[0m02:00:33.418450 [info ] [MainThread]: Registered adapter: snowflake=1.11.6
[0m02:00:33.769724 [debug] [MainThread]: checksum: 30a8cc8fdcbf66701b0944d4ccce3fa46dd04b61e5df68b9f16d57b2e0e3f0be, vars: {}, profile: , target: , version: 1.11.11
[0m02:00:33.924844 [debug] [MainThread]: Partial parsing enabled: 0 files deleted, 0 files added, 0 files changed.
[0m02:00:33.925844 [debug] [MainThread]: Nothing changed, skipping partial parsing.
[0m02:00:33.925844 [debug] [MainThread]: Partial parsing enabled, no changes found, skipping parsing
[0m02:00:33.958743 [debug] [MainThread]: Sending event: {'category': 'dbt', 'action': 'load_project', 'label': '6d727c66-ab66-47bd-b766-b440b7d69b21', 'context': [<snowplow_tracker.self_describing_json.SelfDescribingJson object at 0x0000026C3BB99E50>]}
[0m02:00:34.041847 [debug] [MainThread]: Wrote artifact WritableManifest to F:\Projects\Data Engg Project\Data Engg Project on Emails - OC\new attempt\email_project\target\manifest.json
[0m02:00:34.043728 [debug] [MainThread]: Wrote artifact SemanticManifest to F:\Projects\Data Engg Project\Data Engg Project on Emails - OC\new attempt\email_project\target\semantic_manifest.json
[0m02:00:34.058531 [debug] [MainThread]: Sending event: {'category': 'dbt', 'action': 'resource_counts', 'label': '6d727c66-ab66-47bd-b766-b440b7d69b21', 'context': [<snowplow_tracker.self_describing_json.SelfDescribingJson object at 0x0000026C3C3AACF0>]}
[0m02:00:34.059535 [info ] [MainThread]: Found 1 model, 1 source, 537 macros
[0m02:00:34.059535 [debug] [MainThread]: Sending event: {'category': 'dbt', 'action': 'runnable_timing', 'label': '6d727c66-ab66-47bd-b766-b440b7d69b21', 'context': [<snowplow_tracker.self_describing_json.SelfDescribingJson object at 0x0000026C3C2EBD10>]}
[0m02:00:34.061835 [info ] [MainThread]: 
[0m02:00:34.061835 [info ] [MainThread]: Concurrency: 1 threads (target='dev')
[0m02:00:34.062842 [info ] [MainThread]: 
[0m02:00:34.063843 [debug] [MainThread]: Acquiring new snowflake connection 'master'
[0m02:00:34.065569 [debug] [ThreadPool]: Acquiring new snowflake connection 'list_email_db'
[0m02:00:34.137595 [debug] [ThreadPool]: Using snowflake connection "list_email_db"
[0m02:00:34.138592 [debug] [ThreadPool]: On list_email_db: show terse schemas in database email_db
    limit 10000
/* {"app": "dbt", "dbt_version": "1.11.11", "profile_name": "email_project", "target_name": "dev", "connection_name": "list_email_db"} */
[0m02:00:34.138592 [debug] [ThreadPool]: Opening a new connection, currently in state init
[0m02:00:36.443351 [debug] [ThreadPool]: SQL status: SUCCESS 4 in 2.304 seconds
[0m02:00:36.446338 [debug] [ThreadPool]: Acquiring new snowflake connection 'list_email_db_raw_staging'
[0m02:00:36.459977 [debug] [ThreadPool]: Using snowflake connection "list_email_db_raw_staging"
[0m02:00:36.459977 [debug] [ThreadPool]: On list_email_db_raw_staging: show objects in email_db.raw_staging
    limit 10000
    

/* {"app": "dbt", "dbt_version": "1.11.11", "profile_name": "email_project", "target_name": "dev", "connection_name": "list_email_db_raw_staging"} */;
[0m02:00:36.460977 [debug] [ThreadPool]: Opening a new connection, currently in state init
[0m02:00:38.864808 [debug] [ThreadPool]: SQL status: SUCCESS 1 in 2.417 seconds
[0m02:00:38.864808 [debug] [MainThread]: Sending event: {'category': 'dbt', 'action': 'runnable_timing', 'label': '6d727c66-ab66-47bd-b766-b440b7d69b21', 'context': [<snowplow_tracker.self_describing_json.SelfDescribingJson object at 0x0000026C3C129190>]}
[0m02:00:38.880954 [debug] [Thread-2 (]: Began running node model.email_project.stg_gmail_data
[0m02:00:38.880954 [info ] [Thread-2 (]: 1 of 1 START sql view model raw_staging.stg_gmail_data ......................... [RUN]
[0m02:00:38.880954 [debug] [Thread-2 (]: Acquiring new snowflake connection 'model.email_project.stg_gmail_data'
[0m02:00:38.880954 [debug] [Thread-2 (]: Began compiling node model.email_project.stg_gmail_data
[0m02:00:38.880954 [debug] [Thread-2 (]: Writing injected SQL for node "model.email_project.stg_gmail_data"
[0m02:00:38.880954 [debug] [Thread-2 (]: Began executing node model.email_project.stg_gmail_data
[0m02:00:38.919762 [debug] [Thread-2 (]: Writing runtime sql for node "model.email_project.stg_gmail_data"
[0m02:00:38.919762 [debug] [Thread-2 (]: Using snowflake connection "model.email_project.stg_gmail_data"
[0m02:00:38.919762 [debug] [Thread-2 (]: On model.email_project.stg_gmail_data: create or replace   view email_db.raw_staging.stg_gmail_data
  
  
  
  
  as (
    
with msg_rank as(
    SELECT 
        MESSAGE_ID,
        SENDER_RAW,
        LOWER(SENDER_EMAIL) AS sender_email,
        SENDER_DISPLAY_NAME,
        SENDER_DOMAIN,
        SENDER_DOMAIN_TYPE,
        CC,
        RECIPIENT_COUNT,    
        SUBJECT,    
        try_to_timestamp(FULL_DATE) as email_timestamp,
        YEAR,
        QUARTER,
        MONTH,
        MONTH_NAME,
        WEEK,
        DAY_OF_WEEK,
        DAY_NAME,
        IS_WEEKEND,    
        FULL_TIME,
        HOUR,
        MINUTE,
        AM_PM,
        TIME_BUCKET,
        FOLDER,
        ALL_LABELS,    
        SIZE_BYTES,
        ATTACHMENT_COUNT,
        HAS_ATTACHMENTS,  
        IS_READ,
        IS_STARRED,
        IS_REPLIED,   
        THREAD_SUBJECT,
        THREAD_FIRST_MESSAGE_AT,    
        THREAD_DURATION_SEC,       
        THREAD_PARTICIPANT_COUNT,
        RANK () OVER (PARTITION BY MESSAGE_ID ORDER BY FULL_DATE desc) AS rnk
    from email_db.raw.gmail_data
)
SELECT         
        MESSAGE_ID,
        SENDER_RAW,
        sender_email,
        SENDER_DISPLAY_NAME,
        SENDER_DOMAIN,
        SENDER_DOMAIN_TYPE,
        CC,
        RECIPIENT_COUNT,    
        SUBJECT,    
        email_timestamp,
        YEAR,
        QUARTER,
        MONTH,
        MONTH_NAME,
        WEEK,
        DAY_OF_WEEK,
        DAY_NAME,
        IS_WEEKEND,    
        FULL_TIME,
        HOUR,
        MINUTE,
        AM_PM,
        TIME_BUCKET,
        FOLDER,
        ALL_LABELS,    
        SIZE_BYTES,
        ATTACHMENT_COUNT,
        HAS_ATTACHMENTS,  
        IS_READ,
        IS_STARRED,
        IS_REPLIED,   
        THREAD_SUBJECT,
        THREAD_FIRST_MESSAGE_AT,    
        THREAD_DURATION_SEC,       
        THREAD_PARTICIPANT_COUNT, 
    FROM msg_rank WHERE rnk = 1
  )
/* {"app": "dbt", "dbt_version": "1.11.11", "profile_name": "email_project", "target_name": "dev", "node_id": "model.email_project.stg_gmail_data"} */;
[0m02:00:38.919762 [debug] [Thread-2 (]: Opening a new connection, currently in state init
[0m02:00:41.872186 [debug] [Thread-2 (]: SQL status: SUCCESS 1 in 2.952 seconds
[0m02:00:41.903778 [debug] [Thread-2 (]: Sending event: {'category': 'dbt', 'action': 'run_model', 'label': '6d727c66-ab66-47bd-b766-b440b7d69b21', 'context': [<snowplow_tracker.self_describing_json.SelfDescribingJson object at 0x0000026C39B9DE50>]}
[0m02:00:41.903778 [info ] [Thread-2 (]: 1 of 1 OK created sql view model raw_staging.stg_gmail_data .................... [[32mSUCCESS 1[0m in 3.02s]
[0m02:00:41.903778 [debug] [Thread-2 (]: Finished running node model.email_project.stg_gmail_data
[0m02:00:41.903778 [debug] [MainThread]: Connection 'master' was properly closed.
[0m02:00:41.903778 [debug] [MainThread]: Connection 'list_email_db' was left open.
[0m02:00:41.903778 [debug] [MainThread]: On list_email_db: Close
[0m02:00:42.230732 [debug] [MainThread]: Connection 'list_email_db_raw_staging' was left open.
[0m02:00:42.230732 [debug] [MainThread]: On list_email_db_raw_staging: Close
[0m02:00:42.420383 [debug] [MainThread]: Connection 'model.email_project.stg_gmail_data' was left open.
[0m02:00:42.420383 [debug] [MainThread]: On model.email_project.stg_gmail_data: Close
[0m02:00:42.831119 [info ] [MainThread]: 
[0m02:00:42.831119 [info ] [MainThread]: Finished running 1 view model in 0 hours 0 minutes and 8.77 seconds (8.77s).
[0m02:00:42.831119 [debug] [MainThread]: Command end result
[0m02:00:42.872760 [debug] [MainThread]: Wrote artifact WritableManifest to F:\Projects\Data Engg Project\Data Engg Project on Emails - OC\new attempt\email_project\target\manifest.json
[0m02:00:42.876106 [debug] [MainThread]: Wrote artifact SemanticManifest to F:\Projects\Data Engg Project\Data Engg Project on Emails - OC\new attempt\email_project\target\semantic_manifest.json
[0m02:00:42.882445 [debug] [MainThread]: Wrote artifact RunExecutionResult to F:\Projects\Data Engg Project\Data Engg Project on Emails - OC\new attempt\email_project\target\run_results.json
[0m02:00:42.882445 [info ] [MainThread]: 
[0m02:00:42.883458 [info ] [MainThread]: [32mCompleted successfully[0m
[0m02:00:42.884444 [info ] [MainThread]: 
[0m02:00:42.885439 [info ] [MainThread]: Done. PASS=1 WARN=0 ERROR=0 SKIP=0 NO-OP=0 TOTAL=1
[0m02:00:42.886448 [debug] [MainThread]: Command `dbt run` succeeded at 02:00:42.886448 after 10.46 seconds
[0m02:00:42.887438 [debug] [MainThread]: Sending event: {'category': 'dbt', 'action': 'invocation', 'label': 'end', 'context': [<snowplow_tracker.self_describing_json.SelfDescribingJson object at 0x0000026C39B4E900>, <snowplow_tracker.self_describing_json.SelfDescribingJson object at 0x0000026C39B4D5B0>, <snowplow_tracker.self_describing_json.SelfDescribingJson object at 0x0000026C39B4CF80>]}
[0m02:00:42.888152 [debug] [MainThread]: Flushing usage events
[0m02:00:44.329305 [debug] [MainThread]: An error was encountered while trying to flush usage events
[0m02:13:36.458216 [debug] [MainThread]: Sending event: {'category': 'dbt', 'action': 'invocation', 'label': 'start', 'context': [<snowplow_tracker.self_describing_json.SelfDescribingJson object at 0x000001EE35126BA0>, <snowplow_tracker.self_describing_json.SelfDescribingJson object at 0x000001EE325DAF90>, <snowplow_tracker.self_describing_json.SelfDescribingJson object at 0x000001EE35B97860>]}


============================== 02:13:36.462813 | 00b52389-83ca-499c-94b5-e701308701f6 ==============================
[0m02:13:36.462813 [info ] [MainThread]: Running with dbt=1.11.11
[0m02:13:36.465037 [debug] [MainThread]: running dbt with arguments {'version_check': 'True', 'no_print': 'None', 'static_parser': 'True', 'warn_error_options': 'WarnErrorOptionsV2(error=[], warn=[], silence=[])', 'target_path': 'None', 'printer_width': '80', 'write_json': 'True', 'empty': 'False', 'log_cache_events': 'False', 'introspect': 'True', 'cache_selected_only': 'False', 'log_format': 'default', 'debug': 'False', 'fail_fast': 'False', 'partial_parse': 'True', 'send_anonymous_usage_stats': 'True', 'quiet': 'False', 'warn_error': 'None', 'profiles_dir': 'C:\\Users\\61452\\.dbt', 'indirect_selection': 'eager', 'invocation_command': 'dbt run', 'use_colors': 'True', 'use_experimental_parser': 'False', 'log_path': 'F:\\Projects\\Data Engg Project\\Data Engg Project on Emails - OC\\new attempt\\email_project\\logs'}
[0m02:13:37.048296 [debug] [MainThread]: Snowflake adapter: Setting snowflake.connector to ERROR (file logging only)
[0m02:13:37.048296 [debug] [MainThread]: Snowflake adapter: Setting botocore to ERROR (file logging only)
[0m02:13:37.048296 [debug] [MainThread]: Snowflake adapter: Setting boto3 to ERROR (file logging only)
[0m02:13:37.231191 [debug] [MainThread]: Sending event: {'category': 'dbt', 'action': 'project_id', 'label': '00b52389-83ca-499c-94b5-e701308701f6', 'context': [<snowplow_tracker.self_describing_json.SelfDescribingJson object at 0x000001EE388EAF60>]}
[0m02:13:37.314268 [debug] [MainThread]: Sending event: {'category': 'dbt', 'action': 'adapter_info', 'label': '00b52389-83ca-499c-94b5-e701308701f6', 'context': [<snowplow_tracker.self_describing_json.SelfDescribingJson object at 0x000001EE36277680>]}
[0m02:13:37.317687 [info ] [MainThread]: Registered adapter: snowflake=1.11.6
[0m02:13:37.635365 [debug] [MainThread]: checksum: 30a8cc8fdcbf66701b0944d4ccce3fa46dd04b61e5df68b9f16d57b2e0e3f0be, vars: {}, profile: , target: , version: 1.11.11
[0m02:13:37.766077 [debug] [MainThread]: Partial parsing enabled: 0 files deleted, 0 files added, 0 files changed.
[0m02:13:37.766077 [debug] [MainThread]: Nothing changed, skipping partial parsing.
[0m02:13:37.766077 [debug] [MainThread]: Partial parsing enabled, no changes found, skipping parsing
[0m02:13:37.800827 [debug] [MainThread]: Sending event: {'category': 'dbt', 'action': 'load_project', 'label': '00b52389-83ca-499c-94b5-e701308701f6', 'context': [<snowplow_tracker.self_describing_json.SelfDescribingJson object at 0x000001EE389F8590>]}
[0m02:13:37.870096 [debug] [MainThread]: Wrote artifact WritableManifest to F:\Projects\Data Engg Project\Data Engg Project on Emails - OC\new attempt\email_project\target\manifest.json
[0m02:13:37.883885 [debug] [MainThread]: Wrote artifact SemanticManifest to F:\Projects\Data Engg Project\Data Engg Project on Emails - OC\new attempt\email_project\target\semantic_manifest.json
[0m02:13:37.898316 [debug] [MainThread]: Sending event: {'category': 'dbt', 'action': 'resource_counts', 'label': '00b52389-83ca-499c-94b5-e701308701f6', 'context': [<snowplow_tracker.self_describing_json.SelfDescribingJson object at 0x000001EE38C9AE10>]}
[0m02:13:37.898316 [info ] [MainThread]: Found 1 model, 1 source, 537 macros
[0m02:13:37.899317 [debug] [MainThread]: Sending event: {'category': 'dbt', 'action': 'runnable_timing', 'label': '00b52389-83ca-499c-94b5-e701308701f6', 'context': [<snowplow_tracker.self_describing_json.SelfDescribingJson object at 0x000001EE3872CB30>]}
[0m02:13:37.901321 [info ] [MainThread]: 
[0m02:13:37.901321 [info ] [MainThread]: Concurrency: 1 threads (target='dev')
[0m02:13:37.902312 [info ] [MainThread]: 
[0m02:13:37.903316 [debug] [MainThread]: Acquiring new snowflake connection 'master'
[0m02:13:37.903316 [debug] [ThreadPool]: Acquiring new snowflake connection 'list_email_db'
[0m02:13:37.970244 [debug] [ThreadPool]: Using snowflake connection "list_email_db"
[0m02:13:37.970244 [debug] [ThreadPool]: On list_email_db: show terse schemas in database email_db
    limit 10000
/* {"app": "dbt", "dbt_version": "1.11.11", "profile_name": "email_project", "target_name": "dev", "connection_name": "list_email_db"} */
[0m02:13:37.970244 [debug] [ThreadPool]: Opening a new connection, currently in state init
[0m02:13:39.170000 [debug] [ThreadPool]: SQL status: SUCCESS 4 in 1.200 seconds
[0m02:13:39.170000 [debug] [ThreadPool]: Acquiring new snowflake connection 'list_email_db_raw_staging'
[0m02:13:39.187386 [debug] [ThreadPool]: Using snowflake connection "list_email_db_raw_staging"
[0m02:13:39.187386 [debug] [ThreadPool]: On list_email_db_raw_staging: show objects in email_db.raw_staging
    limit 10000
    

/* {"app": "dbt", "dbt_version": "1.11.11", "profile_name": "email_project", "target_name": "dev", "connection_name": "list_email_db_raw_staging"} */;
[0m02:13:39.187386 [debug] [ThreadPool]: Opening a new connection, currently in state init
[0m02:13:40.790890 [debug] [ThreadPool]: SQL status: SUCCESS 1 in 1.598 seconds
[0m02:13:40.790890 [debug] [MainThread]: Sending event: {'category': 'dbt', 'action': 'runnable_timing', 'label': '00b52389-83ca-499c-94b5-e701308701f6', 'context': [<snowplow_tracker.self_describing_json.SelfDescribingJson object at 0x000001EE38FA7230>]}
[0m02:13:40.800748 [debug] [Thread-2 (]: Began running node model.email_project.stg_gmail_data
[0m02:13:40.801756 [info ] [Thread-2 (]: 1 of 1 START sql view model raw_staging.stg_gmail_data ......................... [RUN]
[0m02:13:40.802754 [debug] [Thread-2 (]: Acquiring new snowflake connection 'model.email_project.stg_gmail_data'
[0m02:13:40.803694 [debug] [Thread-2 (]: Began compiling node model.email_project.stg_gmail_data
[0m02:13:40.808031 [debug] [Thread-2 (]: Writing injected SQL for node "model.email_project.stg_gmail_data"
[0m02:13:40.808031 [debug] [Thread-2 (]: Began executing node model.email_project.stg_gmail_data
[0m02:13:40.832604 [debug] [Thread-2 (]: Writing runtime sql for node "model.email_project.stg_gmail_data"
[0m02:13:40.848523 [debug] [Thread-2 (]: Using snowflake connection "model.email_project.stg_gmail_data"
[0m02:13:40.848523 [debug] [Thread-2 (]: On model.email_project.stg_gmail_data: create or replace   view email_db.raw_staging.stg_gmail_data
  
  
  
  
  as (
    
with msg_rank as(
    SELECT 
        MESSAGE_ID,
        SENDER_RAW,
        LOWER(SENDER_EMAIL) AS sender_email,
        SENDER_DISPLAY_NAME,
        SENDER_DOMAIN,
        SENDER_DOMAIN_TYPE,
        CC,
        RECIPIENT_COUNT,    
        SUBJECT,    
        TO_DATE(FULL_DATE ,'DD/MM/YYYY') as email_date,
        YEAR,
        QUARTER,
        MONTH,
        MONTH_NAME,
        WEEK,
        DAY_OF_WEEK,
        DAY_NAME,
        IS_WEEKEND,    
        FULL_TIME,
        HOUR,
        MINUTE,
        AM_PM,
        TIME_BUCKET,
        FOLDER,
        ALL_LABELS,    
        SIZE_BYTES,
        ATTACHMENT_COUNT,
        HAS_ATTACHMENTS,  
        IS_READ,
        IS_STARRED,
        IS_REPLIED,   
        THREAD_SUBJECT,
        THREAD_FIRST_MESSAGE_AT,    
        THREAD_DURATION_SEC,       
        THREAD_PARTICIPANT_COUNT,
        RANK () OVER (PARTITION BY MESSAGE_ID ORDER BY FULL_DATE desc) AS rnk
    from email_db.raw.gmail_data
)
SELECT         
        MESSAGE_ID,
        SENDER_RAW,
        sender_email,
        SENDER_DISPLAY_NAME,
        SENDER_DOMAIN,
        SENDER_DOMAIN_TYPE,
        CC,
        RECIPIENT_COUNT,    
        SUBJECT,    
        email_timestamp,
        YEAR,
        QUARTER,
        MONTH,
        MONTH_NAME,
        WEEK,
        DAY_OF_WEEK,
        DAY_NAME,
        IS_WEEKEND,    
        FULL_TIME,
        HOUR,
        MINUTE,
        AM_PM,
        TIME_BUCKET,
        FOLDER,
        ALL_LABELS,    
        SIZE_BYTES,
        ATTACHMENT_COUNT,
        HAS_ATTACHMENTS,  
        IS_READ,
        IS_STARRED,
        IS_REPLIED,   
        THREAD_SUBJECT,
        THREAD_FIRST_MESSAGE_AT,    
        THREAD_DURATION_SEC,       
        THREAD_PARTICIPANT_COUNT, 
    FROM msg_rank WHERE rnk = 1
  )
/* {"app": "dbt", "dbt_version": "1.11.11", "profile_name": "email_project", "target_name": "dev", "node_id": "model.email_project.stg_gmail_data"} */;
[0m02:13:40.848523 [debug] [Thread-2 (]: Opening a new connection, currently in state init
[0m02:13:41.995139 [debug] [Thread-2 (]: Snowflake adapter: Snowflake query id: 01c59925-0003-5124-0003-1fe2000bc00a
[0m02:13:41.995139 [debug] [Thread-2 (]: Snowflake adapter: Snowflake error: 000904 (42000): SQL compilation error: error line 58 at position 8
invalid identifier 'EMAIL_TIMESTAMP'
[0m02:13:41.999711 [debug] [Thread-2 (]: Database Error in model stg_gmail_data (models\staging\stg_gmail_data.sql)
  000904 (42000): SQL compilation error: error line 58 at position 8
  invalid identifier 'EMAIL_TIMESTAMP'
  compiled code at target\run\email_project\models\staging\stg_gmail_data.sql
[0m02:13:42.001864 [debug] [Thread-2 (]: Sending event: {'category': 'dbt', 'action': 'run_model', 'label': '00b52389-83ca-499c-94b5-e701308701f6', 'context': [<snowplow_tracker.self_describing_json.SelfDescribingJson object at 0x000001EE38874050>]}
[0m02:13:42.003882 [error] [Thread-2 (]: 1 of 1 ERROR creating sql view model raw_staging.stg_gmail_data ................ [[31mERROR[0m in 1.20s]
[0m02:13:42.004876 [debug] [Thread-2 (]: Finished running node model.email_project.stg_gmail_data
[0m02:13:42.005874 [debug] [Thread-5 (]: Marking all children of 'model.email_project.stg_gmail_data' to be skipped because of status 'error'.  Reason: Database Error in model stg_gmail_data (models\staging\stg_gmail_data.sql)
  000904 (42000): SQL compilation error: error line 58 at position 8
  invalid identifier 'EMAIL_TIMESTAMP'
  compiled code at target\run\email_project\models\staging\stg_gmail_data.sql.
[0m02:13:42.008892 [debug] [MainThread]: Connection 'master' was properly closed.
[0m02:13:42.008892 [debug] [MainThread]: Connection 'list_email_db' was left open.
[0m02:13:42.009880 [debug] [MainThread]: On list_email_db: Close
[0m02:13:42.188969 [debug] [MainThread]: Connection 'list_email_db_raw_staging' was left open.
[0m02:13:42.189964 [debug] [MainThread]: On list_email_db_raw_staging: Close
[0m02:13:42.347519 [debug] [MainThread]: Connection 'model.email_project.stg_gmail_data' was left open.
[0m02:13:42.347519 [debug] [MainThread]: On model.email_project.stg_gmail_data: Close
[0m02:13:42.496166 [info ] [MainThread]: 
[0m02:13:42.496166 [info ] [MainThread]: Finished running 1 view model in 0 hours 0 minutes and 4.59 seconds (4.59s).
[0m02:13:42.497672 [debug] [MainThread]: Command end result
[0m02:13:42.525064 [debug] [MainThread]: Wrote artifact WritableManifest to F:\Projects\Data Engg Project\Data Engg Project on Emails - OC\new attempt\email_project\target\manifest.json
[0m02:13:42.530669 [debug] [MainThread]: Wrote artifact SemanticManifest to F:\Projects\Data Engg Project\Data Engg Project on Emails - OC\new attempt\email_project\target\semantic_manifest.json
[0m02:13:42.531209 [debug] [MainThread]: Wrote artifact RunExecutionResult to F:\Projects\Data Engg Project\Data Engg Project on Emails - OC\new attempt\email_project\target\run_results.json
[0m02:13:42.531209 [info ] [MainThread]: 
[0m02:13:42.531209 [info ] [MainThread]: [31mCompleted with 1 error, 0 partial successes, and 0 warnings:[0m
[0m02:13:42.531209 [info ] [MainThread]: 
[0m02:13:42.531209 [error] [MainThread]: [31mFailure in model stg_gmail_data (models\staging\stg_gmail_data.sql)[0m
[0m02:13:42.540426 [error] [MainThread]:   Database Error in model stg_gmail_data (models\staging\stg_gmail_data.sql)
  000904 (42000): SQL compilation error: error line 58 at position 8
  invalid identifier 'EMAIL_TIMESTAMP'
  compiled code at target\run\email_project\models\staging\stg_gmail_data.sql
[0m02:13:42.541436 [info ] [MainThread]: 
[0m02:13:42.541436 [info ] [MainThread]:   compiled code at target\compiled\email_project\models\staging\stg_gmail_data.sql
[0m02:13:42.542502 [info ] [MainThread]: 
[0m02:13:42.542502 [info ] [MainThread]: Done. PASS=0 WARN=0 ERROR=1 SKIP=0 NO-OP=0 TOTAL=1
[0m02:13:42.543582 [debug] [MainThread]: Command `dbt run` failed at 02:13:42.543582 after 6.25 seconds
[0m02:13:42.544609 [debug] [MainThread]: Sending event: {'category': 'dbt', 'action': 'invocation', 'label': 'end', 'context': [<snowplow_tracker.self_describing_json.SelfDescribingJson object at 0x000001EE324C74A0>, <snowplow_tracker.self_describing_json.SelfDescribingJson object at 0x000001EE357F3CE0>, <snowplow_tracker.self_describing_json.SelfDescribingJson object at 0x000001EE362C7290>]}
[0m02:13:42.544609 [debug] [MainThread]: Flushing usage events
[0m02:13:43.764527 [debug] [MainThread]: An error was encountered while trying to flush usage events
[0m02:14:25.436729 [debug] [MainThread]: Sending event: {'category': 'dbt', 'action': 'invocation', 'label': 'start', 'context': [<snowplow_tracker.self_describing_json.SelfDescribingJson object at 0x0000026A001EAF60>, <snowplow_tracker.self_describing_json.SelfDescribingJson object at 0x0000026A7FF85460>, <snowplow_tracker.self_describing_json.SelfDescribingJson object at 0x0000026A00150380>]}


============================== 02:14:25.442268 | 118cc1da-69ad-4af0-bd04-c636d20e2f75 ==============================
[0m02:14:25.442268 [info ] [MainThread]: Running with dbt=1.11.11
[0m02:14:25.443321 [debug] [MainThread]: running dbt with arguments {'version_check': 'True', 'no_print': 'None', 'static_parser': 'True', 'target_path': 'None', 'warn_error_options': 'WarnErrorOptionsV2(error=[], warn=[], silence=[])', 'printer_width': '80', 'write_json': 'True', 'introspect': 'True', 'log_cache_events': 'False', 'empty': 'False', 'cache_selected_only': 'False', 'fail_fast': 'False', 'debug': 'False', 'log_format': 'default', 'partial_parse': 'True', 'send_anonymous_usage_stats': 'True', 'quiet': 'False', 'warn_error': 'None', 'profiles_dir': 'C:\\Users\\61452\\.dbt', 'use_colors': 'True', 'indirect_selection': 'eager', 'invocation_command': 'dbt run', 'use_experimental_parser': 'False', 'log_path': 'F:\\Projects\\Data Engg Project\\Data Engg Project on Emails - OC\\new attempt\\email_project\\logs'}
[0m02:14:25.962756 [debug] [MainThread]: Snowflake adapter: Setting snowflake.connector to ERROR (file logging only)
[0m02:14:25.962756 [debug] [MainThread]: Snowflake adapter: Setting botocore to ERROR (file logging only)
[0m02:14:25.962756 [debug] [MainThread]: Snowflake adapter: Setting boto3 to ERROR (file logging only)
[0m02:14:26.151941 [debug] [MainThread]: Sending event: {'category': 'dbt', 'action': 'project_id', 'label': '118cc1da-69ad-4af0-bd04-c636d20e2f75', 'context': [<snowplow_tracker.self_describing_json.SelfDescribingJson object at 0x0000026A02B3BCE0>]}
[0m02:14:26.219095 [debug] [MainThread]: Sending event: {'category': 'dbt', 'action': 'adapter_info', 'label': '118cc1da-69ad-4af0-bd04-c636d20e2f75', 'context': [<snowplow_tracker.self_describing_json.SelfDescribingJson object at 0x0000026A02FA2C60>]}
[0m02:14:26.221071 [info ] [MainThread]: Registered adapter: snowflake=1.11.6
[0m02:14:26.496244 [debug] [MainThread]: checksum: 30a8cc8fdcbf66701b0944d4ccce3fa46dd04b61e5df68b9f16d57b2e0e3f0be, vars: {}, profile: , target: , version: 1.11.11
[0m02:14:26.623457 [debug] [MainThread]: Partial parsing enabled: 0 files deleted, 0 files added, 0 files changed.
[0m02:14:26.623457 [debug] [MainThread]: Nothing changed, skipping partial parsing.
[0m02:14:26.624459 [debug] [MainThread]: Partial parsing enabled, no changes found, skipping parsing
[0m02:14:26.652359 [debug] [MainThread]: Sending event: {'category': 'dbt', 'action': 'load_project', 'label': '118cc1da-69ad-4af0-bd04-c636d20e2f75', 'context': [<snowplow_tracker.self_describing_json.SelfDescribingJson object at 0x0000026A03ABF170>]}
[0m02:14:26.730243 [debug] [MainThread]: Wrote artifact WritableManifest to F:\Projects\Data Engg Project\Data Engg Project on Emails - OC\new attempt\email_project\target\manifest.json
[0m02:14:26.730243 [debug] [MainThread]: Wrote artifact SemanticManifest to F:\Projects\Data Engg Project\Data Engg Project on Emails - OC\new attempt\email_project\target\semantic_manifest.json
[0m02:14:26.747367 [debug] [MainThread]: Sending event: {'category': 'dbt', 'action': 'resource_counts', 'label': '118cc1da-69ad-4af0-bd04-c636d20e2f75', 'context': [<snowplow_tracker.self_describing_json.SelfDescribingJson object at 0x0000026A03D3AE10>]}
[0m02:14:26.748361 [info ] [MainThread]: Found 1 model, 1 source, 537 macros
[0m02:14:26.748361 [debug] [MainThread]: Sending event: {'category': 'dbt', 'action': 'runnable_timing', 'label': '118cc1da-69ad-4af0-bd04-c636d20e2f75', 'context': [<snowplow_tracker.self_describing_json.SelfDescribingJson object at 0x0000026A015CCEF0>]}
[0m02:14:26.750363 [info ] [MainThread]: 
[0m02:14:26.751058 [info ] [MainThread]: Concurrency: 1 threads (target='dev')
[0m02:14:26.751738 [info ] [MainThread]: 
[0m02:14:26.751738 [debug] [MainThread]: Acquiring new snowflake connection 'master'
[0m02:14:26.752749 [debug] [ThreadPool]: Acquiring new snowflake connection 'list_email_db'
[0m02:14:26.826481 [debug] [ThreadPool]: Using snowflake connection "list_email_db"
[0m02:14:26.826481 [debug] [ThreadPool]: On list_email_db: show terse schemas in database email_db
    limit 10000
/* {"app": "dbt", "dbt_version": "1.11.11", "profile_name": "email_project", "target_name": "dev", "connection_name": "list_email_db"} */
[0m02:14:26.826481 [debug] [ThreadPool]: Opening a new connection, currently in state init
[0m02:14:27.865225 [debug] [ThreadPool]: SQL status: SUCCESS 4 in 1.038 seconds
[0m02:14:27.868232 [debug] [ThreadPool]: Acquiring new snowflake connection 'list_email_db_raw_staging'
[0m02:14:27.882041 [debug] [ThreadPool]: Using snowflake connection "list_email_db_raw_staging"
[0m02:14:27.882041 [debug] [ThreadPool]: On list_email_db_raw_staging: show objects in email_db.raw_staging
    limit 10000
    

/* {"app": "dbt", "dbt_version": "1.11.11", "profile_name": "email_project", "target_name": "dev", "connection_name": "list_email_db_raw_staging"} */;
[0m02:14:27.882041 [debug] [ThreadPool]: Opening a new connection, currently in state init
[0m02:14:29.380337 [debug] [ThreadPool]: SQL status: SUCCESS 1 in 1.509 seconds
[0m02:14:29.380337 [debug] [MainThread]: Sending event: {'category': 'dbt', 'action': 'runnable_timing', 'label': '118cc1da-69ad-4af0-bd04-c636d20e2f75', 'context': [<snowplow_tracker.self_describing_json.SelfDescribingJson object at 0x0000026A04057380>]}
[0m02:14:29.396242 [debug] [Thread-2 (]: Began running node model.email_project.stg_gmail_data
[0m02:14:29.396242 [info ] [Thread-2 (]: 1 of 1 START sql view model raw_staging.stg_gmail_data ......................... [RUN]
[0m02:14:29.396242 [debug] [Thread-2 (]: Acquiring new snowflake connection 'model.email_project.stg_gmail_data'
[0m02:14:29.396242 [debug] [Thread-2 (]: Began compiling node model.email_project.stg_gmail_data
[0m02:14:29.396242 [debug] [Thread-2 (]: Writing injected SQL for node "model.email_project.stg_gmail_data"
[0m02:14:29.396242 [debug] [Thread-2 (]: Began executing node model.email_project.stg_gmail_data
[0m02:14:29.430860 [debug] [Thread-2 (]: Writing runtime sql for node "model.email_project.stg_gmail_data"
[0m02:14:29.430860 [debug] [Thread-2 (]: Using snowflake connection "model.email_project.stg_gmail_data"
[0m02:14:29.430860 [debug] [Thread-2 (]: On model.email_project.stg_gmail_data: create or replace   view email_db.raw_staging.stg_gmail_data
  
  
  
  
  as (
    
with msg_rank as(
    SELECT 
        MESSAGE_ID,
        SENDER_RAW,
        LOWER(SENDER_EMAIL) AS sender_email,
        SENDER_DISPLAY_NAME,
        SENDER_DOMAIN,
        SENDER_DOMAIN_TYPE,
        CC,
        RECIPIENT_COUNT,    
        SUBJECT,    
        TO_DATE(FULL_DATE ,'DD/MM/YYYY') as email_date,
        YEAR,
        QUARTER,
        MONTH,
        MONTH_NAME,
        WEEK,
        DAY_OF_WEEK,
        DAY_NAME,
        IS_WEEKEND,    
        FULL_TIME,
        HOUR,
        MINUTE,
        AM_PM,
        TIME_BUCKET,
        FOLDER,
        ALL_LABELS,    
        SIZE_BYTES,
        ATTACHMENT_COUNT,
        HAS_ATTACHMENTS,  
        IS_READ,
        IS_STARRED,
        IS_REPLIED,   
        THREAD_SUBJECT,
        THREAD_FIRST_MESSAGE_AT,    
        THREAD_DURATION_SEC,       
        THREAD_PARTICIPANT_COUNT,
        RANK () OVER (PARTITION BY MESSAGE_ID ORDER BY FULL_DATE desc) AS rnk
    from email_db.raw.gmail_data
)
SELECT         
        MESSAGE_ID,
        SENDER_RAW,
        sender_email,
        SENDER_DISPLAY_NAME,
        SENDER_DOMAIN,
        SENDER_DOMAIN_TYPE,
        CC,
        RECIPIENT_COUNT,    
        SUBJECT,    
        email_date,
        YEAR,
        QUARTER,
        MONTH,
        MONTH_NAME,
        WEEK,
        DAY_OF_WEEK,
        DAY_NAME,
        IS_WEEKEND,    
        FULL_TIME,
        HOUR,
        MINUTE,
        AM_PM,
        TIME_BUCKET,
        FOLDER,
        ALL_LABELS,    
        SIZE_BYTES,
        ATTACHMENT_COUNT,
        HAS_ATTACHMENTS,  
        IS_READ,
        IS_STARRED,
        IS_REPLIED,   
        THREAD_SUBJECT,
        THREAD_FIRST_MESSAGE_AT,    
        THREAD_DURATION_SEC,       
        THREAD_PARTICIPANT_COUNT, 
    FROM msg_rank WHERE rnk = 1
  )
/* {"app": "dbt", "dbt_version": "1.11.11", "profile_name": "email_project", "target_name": "dev", "node_id": "model.email_project.stg_gmail_data"} */;
[0m02:14:29.430860 [debug] [Thread-2 (]: Opening a new connection, currently in state init
[0m02:14:30.799811 [debug] [Thread-2 (]: SQL status: SUCCESS 1 in 1.360 seconds
[0m02:14:30.831009 [debug] [Thread-2 (]: Sending event: {'category': 'dbt', 'action': 'run_model', 'label': '118cc1da-69ad-4af0-bd04-c636d20e2f75', 'context': [<snowplow_tracker.self_describing_json.SelfDescribingJson object at 0x0000026A015CE030>]}
[0m02:14:30.831009 [info ] [Thread-2 (]: 1 of 1 OK created sql view model raw_staging.stg_gmail_data .................... [[32mSUCCESS 1[0m in 1.42s]
[0m02:14:30.831009 [debug] [Thread-2 (]: Finished running node model.email_project.stg_gmail_data
[0m02:14:30.831009 [debug] [MainThread]: Connection 'master' was properly closed.
[0m02:14:30.831009 [debug] [MainThread]: Connection 'list_email_db' was left open.
[0m02:14:30.831009 [debug] [MainThread]: On list_email_db: Close
[0m02:14:30.995204 [debug] [MainThread]: Connection 'list_email_db_raw_staging' was left open.
[0m02:14:30.995204 [debug] [MainThread]: On list_email_db_raw_staging: Close
[0m02:14:31.246520 [debug] [MainThread]: Connection 'model.email_project.stg_gmail_data' was left open.
[0m02:14:31.246520 [debug] [MainThread]: On model.email_project.stg_gmail_data: Close
[0m02:14:31.401287 [info ] [MainThread]: 
[0m02:14:31.401287 [info ] [MainThread]: Finished running 1 view model in 0 hours 0 minutes and 4.65 seconds (4.65s).
[0m02:14:31.401287 [debug] [MainThread]: Command end result
[0m02:14:31.445489 [debug] [MainThread]: Wrote artifact WritableManifest to F:\Projects\Data Engg Project\Data Engg Project on Emails - OC\new attempt\email_project\target\manifest.json
[0m02:14:31.448450 [debug] [MainThread]: Wrote artifact SemanticManifest to F:\Projects\Data Engg Project\Data Engg Project on Emails - OC\new attempt\email_project\target\semantic_manifest.json
[0m02:14:31.453379 [debug] [MainThread]: Wrote artifact RunExecutionResult to F:\Projects\Data Engg Project\Data Engg Project on Emails - OC\new attempt\email_project\target\run_results.json
[0m02:14:31.453379 [info ] [MainThread]: 
[0m02:14:31.453379 [info ] [MainThread]: [32mCompleted successfully[0m
[0m02:14:31.453379 [info ] [MainThread]: 
[0m02:14:31.453379 [info ] [MainThread]: Done. PASS=1 WARN=0 ERROR=0 SKIP=0 NO-OP=0 TOTAL=1
[0m02:14:31.453379 [debug] [MainThread]: Command `dbt run` succeeded at 02:14:31.453379 after 6.15 seconds
[0m02:14:31.453379 [debug] [MainThread]: Sending event: {'category': 'dbt', 'action': 'invocation', 'label': 'end', 'context': [<snowplow_tracker.self_describing_json.SelfDescribingJson object at 0x0000026A0137DD00>, <snowplow_tracker.self_describing_json.SelfDescribingJson object at 0x0000026A7FFDBE60>, <snowplow_tracker.self_describing_json.SelfDescribingJson object at 0x0000026A7D5A7500>]}
[0m02:14:31.453379 [debug] [MainThread]: Flushing usage events
[0m02:14:32.511411 [debug] [MainThread]: An error was encountered while trying to flush usage events
[0m02:17:50.605126 [debug] [MainThread]: Sending event: {'category': 'dbt', 'action': 'invocation', 'label': 'start', 'context': [<snowplow_tracker.self_describing_json.SelfDescribingJson object at 0x000002126477A060>, <snowplow_tracker.self_describing_json.SelfDescribingJson object at 0x0000021264049C70>, <snowplow_tracker.self_describing_json.SelfDescribingJson object at 0x0000021264049070>]}


============================== 02:17:50.611646 | 9913f7a6-835a-43b6-91d7-0f6d4347eb3e ==============================
[0m02:17:50.611646 [info ] [MainThread]: Running with dbt=1.11.11
[0m02:17:50.611646 [debug] [MainThread]: running dbt with arguments {'static_parser': 'True', 'no_print': 'None', 'version_check': 'True', 'warn_error_options': 'WarnErrorOptionsV2(error=[], warn=[], silence=[])', 'target_path': 'None', 'printer_width': '80', 'write_json': 'True', 'empty': 'False', 'log_cache_events': 'False', 'introspect': 'True', 'cache_selected_only': 'False', 'log_format': 'default', 'debug': 'False', 'fail_fast': 'False', 'profiles_dir': 'C:\\Users\\61452\\.dbt', 'send_anonymous_usage_stats': 'True', 'quiet': 'False', 'warn_error': 'None', 'partial_parse': 'True', 'use_colors': 'True', 'invocation_command': 'dbt run', 'indirect_selection': 'eager', 'use_experimental_parser': 'False', 'log_path': 'F:\\Projects\\Data Engg Project\\Data Engg Project on Emails - OC\\new attempt\\email_project\\logs'}
[0m02:17:51.160451 [debug] [MainThread]: Snowflake adapter: Setting snowflake.connector to ERROR (file logging only)
[0m02:17:51.160451 [debug] [MainThread]: Snowflake adapter: Setting botocore to ERROR (file logging only)
[0m02:17:51.161452 [debug] [MainThread]: Snowflake adapter: Setting boto3 to ERROR (file logging only)
[0m02:17:51.359173 [debug] [MainThread]: Sending event: {'category': 'dbt', 'action': 'project_id', 'label': '9913f7a6-835a-43b6-91d7-0f6d4347eb3e', 'context': [<snowplow_tracker.self_describing_json.SelfDescribingJson object at 0x0000021266C57E30>]}
[0m02:17:51.424740 [debug] [MainThread]: Sending event: {'category': 'dbt', 'action': 'adapter_info', 'label': '9913f7a6-835a-43b6-91d7-0f6d4347eb3e', 'context': [<snowplow_tracker.self_describing_json.SelfDescribingJson object at 0x00000212636C5E20>]}
[0m02:17:51.426749 [info ] [MainThread]: Registered adapter: snowflake=1.11.6
[0m02:17:51.809975 [debug] [MainThread]: checksum: 30a8cc8fdcbf66701b0944d4ccce3fa46dd04b61e5df68b9f16d57b2e0e3f0be, vars: {}, profile: , target: , version: 1.11.11
[0m02:17:51.930653 [debug] [MainThread]: Partial parsing enabled: 0 files deleted, 0 files added, 0 files changed.
[0m02:17:51.930653 [debug] [MainThread]: Nothing changed, skipping partial parsing.
[0m02:17:51.930653 [debug] [MainThread]: Partial parsing enabled, no changes found, skipping parsing
[0m02:17:51.962531 [debug] [MainThread]: Sending event: {'category': 'dbt', 'action': 'load_project', 'label': '9913f7a6-835a-43b6-91d7-0f6d4347eb3e', 'context': [<snowplow_tracker.self_describing_json.SelfDescribingJson object at 0x00000212675DB050>]}
[0m02:17:52.028317 [debug] [MainThread]: Wrote artifact WritableManifest to F:\Projects\Data Engg Project\Data Engg Project on Emails - OC\new attempt\email_project\target\manifest.json
[0m02:17:52.028317 [debug] [MainThread]: Wrote artifact SemanticManifest to F:\Projects\Data Engg Project\Data Engg Project on Emails - OC\new attempt\email_project\target\semantic_manifest.json
[0m02:17:52.054291 [debug] [MainThread]: Sending event: {'category': 'dbt', 'action': 'resource_counts', 'label': '9913f7a6-835a-43b6-91d7-0f6d4347eb3e', 'context': [<snowplow_tracker.self_describing_json.SelfDescribingJson object at 0x000002126785AE70>]}
[0m02:17:52.055270 [info ] [MainThread]: Found 1 model, 1 source, 537 macros
[0m02:17:52.056283 [debug] [MainThread]: Sending event: {'category': 'dbt', 'action': 'runnable_timing', 'label': '9913f7a6-835a-43b6-91d7-0f6d4347eb3e', 'context': [<snowplow_tracker.self_describing_json.SelfDescribingJson object at 0x0000021264E04EF0>]}
[0m02:17:52.058270 [info ] [MainThread]: 
[0m02:17:52.058270 [info ] [MainThread]: Concurrency: 1 threads (target='dev')
[0m02:17:52.059281 [info ] [MainThread]: 
[0m02:17:52.060789 [debug] [MainThread]: Acquiring new snowflake connection 'master'
[0m02:17:52.062795 [debug] [ThreadPool]: Acquiring new snowflake connection 'list_email_db'
[0m02:17:52.155333 [debug] [ThreadPool]: Using snowflake connection "list_email_db"
[0m02:17:52.155333 [debug] [ThreadPool]: On list_email_db: show terse schemas in database email_db
    limit 10000
/* {"app": "dbt", "dbt_version": "1.11.11", "profile_name": "email_project", "target_name": "dev", "connection_name": "list_email_db"} */
[0m02:17:52.155333 [debug] [ThreadPool]: Opening a new connection, currently in state init
[0m02:17:54.013843 [debug] [ThreadPool]: SQL status: SUCCESS 4 in 1.858 seconds
[0m02:17:54.016843 [debug] [ThreadPool]: Acquiring new snowflake connection 'list_email_db_raw_staging'
[0m02:17:54.030923 [debug] [ThreadPool]: Using snowflake connection "list_email_db_raw_staging"
[0m02:17:54.030923 [debug] [ThreadPool]: On list_email_db_raw_staging: show objects in email_db.raw_staging
    limit 10000
    

/* {"app": "dbt", "dbt_version": "1.11.11", "profile_name": "email_project", "target_name": "dev", "connection_name": "list_email_db_raw_staging"} */;
[0m02:17:54.030923 [debug] [ThreadPool]: Opening a new connection, currently in state init
[0m02:17:54.762312 [debug] [ThreadPool]: SQL status: SUCCESS 1 in 0.737 seconds
[0m02:17:54.762312 [debug] [MainThread]: Sending event: {'category': 'dbt', 'action': 'runnable_timing', 'label': '9913f7a6-835a-43b6-91d7-0f6d4347eb3e', 'context': [<snowplow_tracker.self_describing_json.SelfDescribingJson object at 0x0000021267859CA0>]}
[0m02:17:54.775948 [debug] [Thread-2 (]: Began running node model.email_project.stg_gmail_data
[0m02:17:54.775948 [info ] [Thread-2 (]: 1 of 1 START sql view model raw_staging.stg_gmail_data ......................... [RUN]
[0m02:17:54.777964 [debug] [Thread-2 (]: Acquiring new snowflake connection 'model.email_project.stg_gmail_data'
[0m02:17:54.777964 [debug] [Thread-2 (]: Began compiling node model.email_project.stg_gmail_data
[0m02:17:54.777964 [debug] [Thread-2 (]: Writing injected SQL for node "model.email_project.stg_gmail_data"
[0m02:17:54.777964 [debug] [Thread-2 (]: Began executing node model.email_project.stg_gmail_data
[0m02:17:54.816018 [debug] [Thread-2 (]: Writing runtime sql for node "model.email_project.stg_gmail_data"
[0m02:17:54.816018 [debug] [Thread-2 (]: Using snowflake connection "model.email_project.stg_gmail_data"
[0m02:17:54.816018 [debug] [Thread-2 (]: On model.email_project.stg_gmail_data: create or replace   view email_db.raw_staging.stg_gmail_data
  
  
  
  
  as (
    
with msg_rank as(
    SELECT 
        MESSAGE_ID,
        SENDER_RAW,
        LOWER(SENDER_EMAIL) AS sender_email,
        SENDER_DISPLAY_NAME,
        SENDER_DOMAIN,
        SENDER_DOMAIN_TYPE,
        CASE
            WHEN CC IS NULL THEN 'None'
            ELSE CC
        END AS CC,
        RECIPIENT_COUNT,    
        SUBJECT,    
        TO_DATE(FULL_DATE ,'DD/MM/YYYY') as email_date,
        YEAR,
        QUARTER,
        MONTH,
        MONTH_NAME,
        WEEK,
        DAY_OF_WEEK,
        DAY_NAME,
        IS_WEEKEND,    
        FULL_TIME,
        HOUR,
        MINUTE,
        AM_PM,
        TIME_BUCKET,
        FOLDER,
        ALL_LABELS,    
        SIZE_BYTES,
        ATTACHMENT_COUNT,
        HAS_ATTACHMENTS,  
        IS_READ,
        IS_STARRED,
        IS_REPLIED,   
        THREAD_SUBJECT,
        THREAD_FIRST_MESSAGE_AT,    
        THREAD_DURATION_SEC,       
        THREAD_PARTICIPANT_COUNT,
        RANK () OVER (PARTITION BY MESSAGE_ID ORDER BY FULL_DATE desc) AS rnk
    from email_db.raw.gmail_data
)
SELECT         
        MESSAGE_ID,
        SENDER_RAW,
        sender_email,
        SENDER_DISPLAY_NAME,
        SENDER_DOMAIN,
        SENDER_DOMAIN_TYPE,
        CC,
        RECIPIENT_COUNT,    
        SUBJECT,    
        email_date,
        YEAR,
        QUARTER,
        MONTH,
        MONTH_NAME,
        WEEK,
        DAY_OF_WEEK,
        DAY_NAME,
        IS_WEEKEND,    
        FULL_TIME,
        HOUR,
        MINUTE,
        AM_PM,
        TIME_BUCKET,
        FOLDER,
        ALL_LABELS,    
        SIZE_BYTES,
        ATTACHMENT_COUNT,
        HAS_ATTACHMENTS,  
        IS_READ,
        IS_STARRED,
        IS_REPLIED,   
        THREAD_SUBJECT,
        THREAD_FIRST_MESSAGE_AT,    
        THREAD_DURATION_SEC,       
        THREAD_PARTICIPANT_COUNT, 
    FROM msg_rank WHERE rnk = 1
  )
/* {"app": "dbt", "dbt_version": "1.11.11", "profile_name": "email_project", "target_name": "dev", "node_id": "model.email_project.stg_gmail_data"} */;
[0m02:17:54.816018 [debug] [Thread-2 (]: Opening a new connection, currently in state init
[0m02:17:55.830935 [debug] [Thread-2 (]: SQL status: SUCCESS 1 in 1.019 seconds
[0m02:17:55.862529 [debug] [Thread-2 (]: Sending event: {'category': 'dbt', 'action': 'run_model', 'label': '9913f7a6-835a-43b6-91d7-0f6d4347eb3e', 'context': [<snowplow_tracker.self_describing_json.SelfDescribingJson object at 0x000002126503DEE0>]}
[0m02:17:55.868914 [info ] [Thread-2 (]: 1 of 1 OK created sql view model raw_staging.stg_gmail_data .................... [[32mSUCCESS 1[0m in 1.08s]
[0m02:17:55.868914 [debug] [Thread-2 (]: Finished running node model.email_project.stg_gmail_data
[0m02:17:55.868914 [debug] [MainThread]: Connection 'master' was properly closed.
[0m02:17:55.868914 [debug] [MainThread]: Connection 'list_email_db' was left open.
[0m02:17:55.868914 [debug] [MainThread]: On list_email_db: Close
[0m02:17:56.031348 [debug] [MainThread]: Connection 'list_email_db_raw_staging' was left open.
[0m02:17:56.031348 [debug] [MainThread]: On list_email_db_raw_staging: Close
[0m02:17:56.180071 [debug] [MainThread]: Connection 'model.email_project.stg_gmail_data' was left open.
[0m02:17:56.180071 [debug] [MainThread]: On model.email_project.stg_gmail_data: Close
[0m02:17:56.369166 [info ] [MainThread]: 
[0m02:17:56.369166 [info ] [MainThread]: Finished running 1 view model in 0 hours 0 minutes and 4.31 seconds (4.31s).
[0m02:17:56.369166 [debug] [MainThread]: Command end result
[0m02:17:56.404779 [debug] [MainThread]: Wrote artifact WritableManifest to F:\Projects\Data Engg Project\Data Engg Project on Emails - OC\new attempt\email_project\target\manifest.json
[0m02:17:56.404779 [debug] [MainThread]: Wrote artifact SemanticManifest to F:\Projects\Data Engg Project\Data Engg Project on Emails - OC\new attempt\email_project\target\semantic_manifest.json
[0m02:17:56.404779 [debug] [MainThread]: Wrote artifact RunExecutionResult to F:\Projects\Data Engg Project\Data Engg Project on Emails - OC\new attempt\email_project\target\run_results.json
[0m02:17:56.414235 [info ] [MainThread]: 
[0m02:17:56.415106 [info ] [MainThread]: [32mCompleted successfully[0m
[0m02:17:56.417415 [info ] [MainThread]: 
[0m02:17:56.417415 [info ] [MainThread]: Done. PASS=1 WARN=0 ERROR=0 SKIP=0 NO-OP=0 TOTAL=1
[0m02:17:56.417415 [debug] [MainThread]: Command `dbt run` succeeded at 02:17:56.417415 after 6.03 seconds
[0m02:17:56.417415 [debug] [MainThread]: Sending event: {'category': 'dbt', 'action': 'invocation', 'label': 'end', 'context': [<snowplow_tracker.self_describing_json.SelfDescribingJson object at 0x0000021264E06E70>, <snowplow_tracker.self_describing_json.SelfDescribingJson object at 0x0000021261007380>, <snowplow_tracker.self_describing_json.SelfDescribingJson object at 0x0000021266B6F230>]}
[0m02:17:56.417415 [debug] [MainThread]: Flushing usage events
[0m02:17:57.682797 [debug] [MainThread]: An error was encountered while trying to flush usage events
[0m02:20:25.618099 [debug] [MainThread]: Sending event: {'category': 'dbt', 'action': 'invocation', 'label': 'start', 'context': [<snowplow_tracker.self_describing_json.SelfDescribingJson object at 0x0000021EBF39CB30>, <snowplow_tracker.self_describing_json.SelfDescribingJson object at 0x0000021EC0B68650>, <snowplow_tracker.self_describing_json.SelfDescribingJson object at 0x0000021EBCE5B320>]}


============================== 02:20:25.619851 | 7caeb13d-a523-4c95-8363-e1e1ae643d9f ==============================
[0m02:20:25.619851 [info ] [MainThread]: Running with dbt=1.11.11
[0m02:20:25.619851 [debug] [MainThread]: running dbt with arguments {'version_check': 'True', 'no_print': 'None', 'static_parser': 'True', 'warn_error_options': 'WarnErrorOptionsV2(error=[], warn=[], silence=[])', 'target_path': 'None', 'printer_width': '80', 'write_json': 'True', 'empty': 'False', 'log_cache_events': 'False', 'introspect': 'True', 'cache_selected_only': 'False', 'log_format': 'default', 'debug': 'False', 'fail_fast': 'False', 'profiles_dir': 'C:\\Users\\61452\\.dbt', 'send_anonymous_usage_stats': 'True', 'quiet': 'False', 'warn_error': 'None', 'partial_parse': 'True', 'indirect_selection': 'eager', 'use_colors': 'True', 'invocation_command': 'dbt run', 'use_experimental_parser': 'False', 'log_path': 'F:\\Projects\\Data Engg Project\\Data Engg Project on Emails - OC\\new attempt\\email_project\\logs'}
[0m02:20:26.183832 [debug] [MainThread]: Snowflake adapter: Setting snowflake.connector to ERROR (file logging only)
[0m02:20:26.183832 [debug] [MainThread]: Snowflake adapter: Setting botocore to ERROR (file logging only)
[0m02:20:26.183832 [debug] [MainThread]: Snowflake adapter: Setting boto3 to ERROR (file logging only)
[0m02:20:26.374193 [debug] [MainThread]: Sending event: {'category': 'dbt', 'action': 'project_id', 'label': '7caeb13d-a523-4c95-8363-e1e1ae643d9f', 'context': [<snowplow_tracker.self_describing_json.SelfDescribingJson object at 0x0000021EBD774260>]}
[0m02:20:26.436113 [debug] [MainThread]: Sending event: {'category': 'dbt', 'action': 'adapter_info', 'label': '7caeb13d-a523-4c95-8363-e1e1ae643d9f', 'context': [<snowplow_tracker.self_describing_json.SelfDescribingJson object at 0x0000021EC2225A00>]}
[0m02:20:26.438115 [info ] [MainThread]: Registered adapter: snowflake=1.11.6
[0m02:20:26.756199 [debug] [MainThread]: checksum: 30a8cc8fdcbf66701b0944d4ccce3fa46dd04b61e5df68b9f16d57b2e0e3f0be, vars: {}, profile: , target: , version: 1.11.11
[0m02:20:26.879091 [debug] [MainThread]: Partial parsing enabled: 0 files deleted, 0 files added, 0 files changed.
[0m02:20:26.879091 [debug] [MainThread]: Nothing changed, skipping partial parsing.
[0m02:20:26.880121 [debug] [MainThread]: Partial parsing enabled, no changes found, skipping parsing
[0m02:20:26.913648 [debug] [MainThread]: Sending event: {'category': 'dbt', 'action': 'load_project', 'label': '7caeb13d-a523-4c95-8363-e1e1ae643d9f', 'context': [<snowplow_tracker.self_describing_json.SelfDescribingJson object at 0x0000021EC0C83050>]}
[0m02:20:26.994917 [debug] [MainThread]: Wrote artifact WritableManifest to F:\Projects\Data Engg Project\Data Engg Project on Emails - OC\new attempt\email_project\target\manifest.json
[0m02:20:26.997508 [debug] [MainThread]: Wrote artifact SemanticManifest to F:\Projects\Data Engg Project\Data Engg Project on Emails - OC\new attempt\email_project\target\semantic_manifest.json
[0m02:20:27.011520 [debug] [MainThread]: Sending event: {'category': 'dbt', 'action': 'resource_counts', 'label': '7caeb13d-a523-4c95-8363-e1e1ae643d9f', 'context': [<snowplow_tracker.self_describing_json.SelfDescribingJson object at 0x0000021EC351AE70>]}
[0m02:20:27.012530 [info ] [MainThread]: Found 1 model, 1 source, 537 macros
[0m02:20:27.013527 [debug] [MainThread]: Sending event: {'category': 'dbt', 'action': 'runnable_timing', 'label': '7caeb13d-a523-4c95-8363-e1e1ae643d9f', 'context': [<snowplow_tracker.self_describing_json.SelfDescribingJson object at 0x0000021EC345BD40>]}
[0m02:20:27.014529 [info ] [MainThread]: 
[0m02:20:27.015528 [info ] [MainThread]: Concurrency: 1 threads (target='dev')
[0m02:20:27.016527 [info ] [MainThread]: 
[0m02:20:27.016527 [debug] [MainThread]: Acquiring new snowflake connection 'master'
[0m02:20:27.018526 [debug] [ThreadPool]: Acquiring new snowflake connection 'list_email_db'
[0m02:20:27.090623 [debug] [ThreadPool]: Using snowflake connection "list_email_db"
[0m02:20:27.090623 [debug] [ThreadPool]: On list_email_db: show terse schemas in database email_db
    limit 10000
/* {"app": "dbt", "dbt_version": "1.11.11", "profile_name": "email_project", "target_name": "dev", "connection_name": "list_email_db"} */
[0m02:20:27.091624 [debug] [ThreadPool]: Opening a new connection, currently in state init
[0m02:20:28.915913 [debug] [ThreadPool]: SQL status: SUCCESS 4 in 1.825 seconds
[0m02:20:28.917947 [debug] [ThreadPool]: Acquiring new snowflake connection 'list_email_db_raw_staging'
[0m02:20:28.931532 [debug] [ThreadPool]: Using snowflake connection "list_email_db_raw_staging"
[0m02:20:28.932529 [debug] [ThreadPool]: On list_email_db_raw_staging: show objects in email_db.raw_staging
    limit 10000
    

/* {"app": "dbt", "dbt_version": "1.11.11", "profile_name": "email_project", "target_name": "dev", "connection_name": "list_email_db_raw_staging"} */;
[0m02:20:28.933659 [debug] [ThreadPool]: Opening a new connection, currently in state init
[0m02:20:29.653530 [debug] [ThreadPool]: SQL status: SUCCESS 1 in 0.733 seconds
[0m02:20:29.669310 [debug] [MainThread]: Sending event: {'category': 'dbt', 'action': 'runnable_timing', 'label': '7caeb13d-a523-4c95-8363-e1e1ae643d9f', 'context': [<snowplow_tracker.self_describing_json.SelfDescribingJson object at 0x0000021EC30F4E00>]}
[0m02:20:29.669310 [debug] [Thread-2 (]: Began running node model.email_project.stg_gmail_data
[0m02:20:29.669310 [info ] [Thread-2 (]: 1 of 1 START sql view model raw_staging.stg_gmail_data ......................... [RUN]
[0m02:20:29.669310 [debug] [Thread-2 (]: Acquiring new snowflake connection 'model.email_project.stg_gmail_data'
[0m02:20:29.669310 [debug] [Thread-2 (]: Began compiling node model.email_project.stg_gmail_data
[0m02:20:29.669310 [debug] [Thread-2 (]: Writing injected SQL for node "model.email_project.stg_gmail_data"
[0m02:20:29.685651 [debug] [Thread-2 (]: Began executing node model.email_project.stg_gmail_data
[0m02:20:29.717250 [debug] [Thread-2 (]: Writing runtime sql for node "model.email_project.stg_gmail_data"
[0m02:20:29.722700 [debug] [Thread-2 (]: Using snowflake connection "model.email_project.stg_gmail_data"
[0m02:20:29.722700 [debug] [Thread-2 (]: On model.email_project.stg_gmail_data: create or replace   view email_db.raw_staging.stg_gmail_data
  
  
  
  
  as (
    
with msg_rank as(
    SELECT 
        MESSAGE_ID,
        SENDER_RAW,
        LOWER(SENDER_EMAIL) AS sender_email,
        SENDER_DISPLAY_NAME,
        SENDER_DOMAIN,
        SENDER_DOMAIN_TYPE,
        CASE
            WHEN CC IS NULL THEN 'None'
            ELSE CC
        END AS CC,
        RECIPIENT_COUNT,    
        SUBJECT,    
        TO_DATE(FULL_DATE ,'DD/MM/YYYY') as email_date,
        YEAR,
        QUARTER,
        MONTH,
        MONTH_NAME,
        WEEK,
        DAY_OF_WEEK,
        DAY_NAME,
        IS_WEEKEND,    
        FULL_TIME,
        HOUR,
        MINUTE,
        AM_PM,
        TIME_BUCKET,
        FOLDER,
        ALL_LABELS,    
        SIZE_BYTES,
        ATTACHMENT_COUNT,
        HAS_ATTACHMENTS,  
        IS_READ,
        IS_STARRED,
        IS_REPLIED,   
        THREAD_SUBJECT,
        CAST(THREAD_FIRST_MESSAGE_AT AS TIMESTAMP) AS THREAD_FIRST_MESSAGE_AT,    
        THREAD_DURATION_SEC,       
        THREAD_PARTICIPANT_COUNT,
        RANK () OVER (PARTITION BY MESSAGE_ID ORDER BY FULL_DATE desc) AS rnk
    from email_db.raw.gmail_data
)
SELECT         
        MESSAGE_ID,
        SENDER_RAW,
        sender_email,
        SENDER_DISPLAY_NAME,
        SENDER_DOMAIN,
        SENDER_DOMAIN_TYPE,
        CC,
        RECIPIENT_COUNT,    
        SUBJECT,    
        email_date,
        YEAR,
        QUARTER,
        MONTH,
        MONTH_NAME,
        WEEK,
        DAY_OF_WEEK,
        DAY_NAME,
        IS_WEEKEND,    
        FULL_TIME,
        HOUR,
        MINUTE,
        AM_PM,
        TIME_BUCKET,
        FOLDER,
        ALL_LABELS,    
        SIZE_BYTES,
        ATTACHMENT_COUNT,
        HAS_ATTACHMENTS,  
        IS_READ,
        IS_STARRED,
        IS_REPLIED,   
        THREAD_SUBJECT,
        THREAD_FIRST_MESSAGE_AT,    
        THREAD_DURATION_SEC,       
        THREAD_PARTICIPANT_COUNT, 
    FROM msg_rank WHERE rnk = 1
  )
/* {"app": "dbt", "dbt_version": "1.11.11", "profile_name": "email_project", "target_name": "dev", "node_id": "model.email_project.stg_gmail_data"} */;
[0m02:20:29.723709 [debug] [Thread-2 (]: Opening a new connection, currently in state init
[0m02:20:31.003616 [debug] [Thread-2 (]: SQL status: SUCCESS 1 in 1.288 seconds
[0m02:20:31.037206 [debug] [Thread-2 (]: Sending event: {'category': 'dbt', 'action': 'run_model', 'label': '7caeb13d-a523-4c95-8363-e1e1ae643d9f', 'context': [<snowplow_tracker.self_describing_json.SelfDescribingJson object at 0x0000021EC0D3DEE0>]}
[0m02:20:31.037206 [info ] [Thread-2 (]: 1 of 1 OK created sql view model raw_staging.stg_gmail_data .................... [[32mSUCCESS 1[0m in 1.37s]
[0m02:20:31.037206 [debug] [Thread-2 (]: Finished running node model.email_project.stg_gmail_data
[0m02:20:31.037206 [debug] [MainThread]: Connection 'master' was properly closed.
[0m02:20:31.047527 [debug] [MainThread]: Connection 'list_email_db' was left open.
[0m02:20:31.047527 [debug] [MainThread]: On list_email_db: Close
[0m02:20:31.191154 [debug] [MainThread]: Connection 'list_email_db_raw_staging' was left open.
[0m02:20:31.192158 [debug] [MainThread]: On list_email_db_raw_staging: Close
[0m02:20:31.337168 [debug] [MainThread]: Connection 'model.email_project.stg_gmail_data' was left open.
[0m02:20:31.337168 [debug] [MainThread]: On model.email_project.stg_gmail_data: Close
[0m02:20:31.489142 [info ] [MainThread]: 
[0m02:20:31.489142 [info ] [MainThread]: Finished running 1 view model in 0 hours 0 minutes and 4.47 seconds (4.47s).
[0m02:20:31.489142 [debug] [MainThread]: Command end result
[0m02:20:31.527385 [debug] [MainThread]: Wrote artifact WritableManifest to F:\Projects\Data Engg Project\Data Engg Project on Emails - OC\new attempt\email_project\target\manifest.json
[0m02:20:31.534131 [debug] [MainThread]: Wrote artifact SemanticManifest to F:\Projects\Data Engg Project\Data Engg Project on Emails - OC\new attempt\email_project\target\semantic_manifest.json
[0m02:20:31.538739 [debug] [MainThread]: Wrote artifact RunExecutionResult to F:\Projects\Data Engg Project\Data Engg Project on Emails - OC\new attempt\email_project\target\run_results.json
[0m02:20:31.538739 [info ] [MainThread]: 
[0m02:20:31.538739 [info ] [MainThread]: [32mCompleted successfully[0m
[0m02:20:31.538739 [info ] [MainThread]: 
[0m02:20:31.538739 [info ] [MainThread]: Done. PASS=1 WARN=0 ERROR=0 SKIP=0 NO-OP=0 TOTAL=1
[0m02:20:31.538739 [debug] [MainThread]: Command `dbt run` succeeded at 02:20:31.538739 after 6.13 seconds
[0m02:20:31.538739 [debug] [MainThread]: Sending event: {'category': 'dbt', 'action': 'invocation', 'label': 'end', 'context': [<snowplow_tracker.self_describing_json.SelfDescribingJson object at 0x0000021EC03BDC40>, <snowplow_tracker.self_describing_json.SelfDescribingJson object at 0x0000021EBCE5B320>, <snowplow_tracker.self_describing_json.SelfDescribingJson object at 0x0000021EC02E97F0>]}
[0m02:20:31.538739 [debug] [MainThread]: Flushing usage events
[0m02:20:32.713019 [debug] [MainThread]: An error was encountered while trying to flush usage events
[0m02:21:42.671843 [debug] [MainThread]: Sending event: {'category': 'dbt', 'action': 'invocation', 'label': 'start', 'context': [<snowplow_tracker.self_describing_json.SelfDescribingJson object at 0x00000214A61B7260>, <snowplow_tracker.self_describing_json.SelfDescribingJson object at 0x00000214A623B050>, <snowplow_tracker.self_describing_json.SelfDescribingJson object at 0x00000214A95C2C30>]}


============================== 02:21:42.677833 | a1b31d97-a2f9-4bc4-83f0-33da2c714e96 ==============================
[0m02:21:42.677833 [info ] [MainThread]: Running with dbt=1.11.11
[0m02:21:42.678841 [debug] [MainThread]: running dbt with arguments {'static_parser': 'True', 'no_print': 'None', 'version_check': 'True', 'target_path': 'None', 'warn_error_options': 'WarnErrorOptionsV2(error=[], warn=[], silence=[])', 'printer_width': '80', 'write_json': 'True', 'empty': 'False', 'log_cache_events': 'False', 'introspect': 'True', 'cache_selected_only': 'False', 'log_format': 'default', 'debug': 'False', 'fail_fast': 'False', 'partial_parse': 'True', 'send_anonymous_usage_stats': 'True', 'quiet': 'False', 'warn_error': 'None', 'profiles_dir': 'C:\\Users\\61452\\.dbt', 'indirect_selection': 'eager', 'use_colors': 'True', 'invocation_command': 'dbt run', 'use_experimental_parser': 'False', 'log_path': 'F:\\Projects\\Data Engg Project\\Data Engg Project on Emails - OC\\new attempt\\email_project\\logs'}
[0m02:21:43.256566 [debug] [MainThread]: Snowflake adapter: Setting snowflake.connector to ERROR (file logging only)
[0m02:21:43.257777 [debug] [MainThread]: Snowflake adapter: Setting botocore to ERROR (file logging only)
[0m02:21:43.257777 [debug] [MainThread]: Snowflake adapter: Setting boto3 to ERROR (file logging only)
[0m02:21:43.452311 [debug] [MainThread]: Sending event: {'category': 'dbt', 'action': 'project_id', 'label': 'a1b31d97-a2f9-4bc4-83f0-33da2c714e96', 'context': [<snowplow_tracker.self_describing_json.SelfDescribingJson object at 0x00000214A987A1B0>]}
[0m02:21:43.513457 [debug] [MainThread]: Sending event: {'category': 'dbt', 'action': 'adapter_info', 'label': 'a1b31d97-a2f9-4bc4-83f0-33da2c714e96', 'context': [<snowplow_tracker.self_describing_json.SelfDescribingJson object at 0x00000214ABAE2C60>]}
[0m02:21:43.514458 [info ] [MainThread]: Registered adapter: snowflake=1.11.6
[0m02:21:43.792180 [debug] [MainThread]: checksum: 30a8cc8fdcbf66701b0944d4ccce3fa46dd04b61e5df68b9f16d57b2e0e3f0be, vars: {}, profile: , target: , version: 1.11.11
[0m02:21:43.906207 [debug] [MainThread]: Partial parsing enabled: 0 files deleted, 0 files added, 0 files changed.
[0m02:21:43.906207 [debug] [MainThread]: Nothing changed, skipping partial parsing.
[0m02:21:43.906207 [debug] [MainThread]: Partial parsing enabled, no changes found, skipping parsing
[0m02:21:43.932896 [debug] [MainThread]: Sending event: {'category': 'dbt', 'action': 'load_project', 'label': 'a1b31d97-a2f9-4bc4-83f0-33da2c714e96', 'context': [<snowplow_tracker.self_describing_json.SelfDescribingJson object at 0x00000214AC689910>]}
[0m02:21:44.013423 [debug] [MainThread]: Wrote artifact WritableManifest to F:\Projects\Data Engg Project\Data Engg Project on Emails - OC\new attempt\email_project\target\manifest.json
[0m02:21:44.016423 [debug] [MainThread]: Wrote artifact SemanticManifest to F:\Projects\Data Engg Project\Data Engg Project on Emails - OC\new attempt\email_project\target\semantic_manifest.json
[0m02:21:44.026443 [debug] [MainThread]: Sending event: {'category': 'dbt', 'action': 'resource_counts', 'label': 'a1b31d97-a2f9-4bc4-83f0-33da2c714e96', 'context': [<snowplow_tracker.self_describing_json.SelfDescribingJson object at 0x00000214AC966690>]}
[0m02:21:44.026443 [info ] [MainThread]: Found 1 model, 1 source, 537 macros
[0m02:21:44.026443 [debug] [MainThread]: Sending event: {'category': 'dbt', 'action': 'runnable_timing', 'label': 'a1b31d97-a2f9-4bc4-83f0-33da2c714e96', 'context': [<snowplow_tracker.self_describing_json.SelfDescribingJson object at 0x00000214AC42E840>]}
[0m02:21:44.026443 [info ] [MainThread]: 
[0m02:21:44.026443 [info ] [MainThread]: Concurrency: 1 threads (target='dev')
[0m02:21:44.026443 [info ] [MainThread]: 
[0m02:21:44.026443 [debug] [MainThread]: Acquiring new snowflake connection 'master'
[0m02:21:44.026443 [debug] [ThreadPool]: Acquiring new snowflake connection 'list_email_db'
[0m02:21:44.108458 [debug] [ThreadPool]: Using snowflake connection "list_email_db"
[0m02:21:44.108458 [debug] [ThreadPool]: On list_email_db: show terse schemas in database email_db
    limit 10000
/* {"app": "dbt", "dbt_version": "1.11.11", "profile_name": "email_project", "target_name": "dev", "connection_name": "list_email_db"} */
[0m02:21:44.109469 [debug] [ThreadPool]: Opening a new connection, currently in state init
[0m02:21:45.487171 [debug] [ThreadPool]: SQL status: SUCCESS 4 in 1.378 seconds
[0m02:21:45.490182 [debug] [ThreadPool]: Acquiring new snowflake connection 'list_email_db_raw_staging'
[0m02:21:45.505191 [debug] [ThreadPool]: Using snowflake connection "list_email_db_raw_staging"
[0m02:21:45.506203 [debug] [ThreadPool]: On list_email_db_raw_staging: show objects in email_db.raw_staging
    limit 10000
    

/* {"app": "dbt", "dbt_version": "1.11.11", "profile_name": "email_project", "target_name": "dev", "connection_name": "list_email_db_raw_staging"} */;
[0m02:21:45.506203 [debug] [ThreadPool]: Opening a new connection, currently in state init
[0m02:21:46.191886 [debug] [ThreadPool]: SQL status: SUCCESS 1 in 0.686 seconds
[0m02:21:46.194889 [debug] [MainThread]: Sending event: {'category': 'dbt', 'action': 'runnable_timing', 'label': 'a1b31d97-a2f9-4bc4-83f0-33da2c714e96', 'context': [<snowplow_tracker.self_describing_json.SelfDescribingJson object at 0x00000214A73BA570>]}
[0m02:21:46.199914 [debug] [Thread-2 (]: Began running node model.email_project.stg_gmail_data
[0m02:21:46.199914 [info ] [Thread-2 (]: 1 of 1 START sql view model raw_staging.stg_gmail_data ......................... [RUN]
[0m02:21:46.201917 [debug] [Thread-2 (]: Acquiring new snowflake connection 'model.email_project.stg_gmail_data'
[0m02:21:46.201917 [debug] [Thread-2 (]: Began compiling node model.email_project.stg_gmail_data
[0m02:21:46.208904 [debug] [Thread-2 (]: Writing injected SQL for node "model.email_project.stg_gmail_data"
[0m02:21:46.210440 [debug] [Thread-2 (]: Began executing node model.email_project.stg_gmail_data
[0m02:21:46.238713 [debug] [Thread-2 (]: Writing runtime sql for node "model.email_project.stg_gmail_data"
[0m02:21:46.238713 [debug] [Thread-2 (]: Using snowflake connection "model.email_project.stg_gmail_data"
[0m02:21:46.238713 [debug] [Thread-2 (]: On model.email_project.stg_gmail_data: create or replace   view email_db.raw_staging.stg_gmail_data
  
  
  
  
  as (
    
with msg_rank as(
    SELECT 
        MESSAGE_ID,
        SENDER_RAW,
        LOWER(SENDER_EMAIL) AS sender_email,
        SENDER_DISPLAY_NAME,
        SENDER_DOMAIN,
        SENDER_DOMAIN_TYPE,
        CASE
            WHEN CC IS NULL THEN 'None'
            ELSE CC
        END AS CC,
        RECIPIENT_COUNT,    
        SUBJECT,    
        TO_DATE(FULL_DATE ,'DD/MM/YYYY') as email_date,
        YEAR,
        QUARTER,
        MONTH,
        MONTH_NAME,
        WEEK,
        DAY_OF_WEEK,
        DAY_NAME,
        IS_WEEKEND,    
        FULL_TIME,
        HOUR,
        MINUTE,
        AM_PM,
        TIME_BUCKET,
        FOLDER,
        ALL_LABELS,    
        SIZE_BYTES,
        ATTACHMENT_COUNT,
        HAS_ATTACHMENTS,  
        IS_READ,
        IS_STARRED,
        IS_REPLIED,   
        THREAD_SUBJECT,
        CAST(THREAD_FIRST_MESSAGE_AT, 'yyyy-mm-dd hh:mi:ss') AS THREAD_FIRST_MESSAGE_AT,    
        THREAD_DURATION_SEC,       
        THREAD_PARTICIPANT_COUNT,
        RANK () OVER (PARTITION BY MESSAGE_ID ORDER BY FULL_DATE desc) AS rnk
    from email_db.raw.gmail_data
)
SELECT         
        MESSAGE_ID,
        SENDER_RAW,
        sender_email,
        SENDER_DISPLAY_NAME,
        SENDER_DOMAIN,
        SENDER_DOMAIN_TYPE,
        CC,
        RECIPIENT_COUNT,    
        SUBJECT,    
        email_date,
        YEAR,
        QUARTER,
        MONTH,
        MONTH_NAME,
        WEEK,
        DAY_OF_WEEK,
        DAY_NAME,
        IS_WEEKEND,    
        FULL_TIME,
        HOUR,
        MINUTE,
        AM_PM,
        TIME_BUCKET,
        FOLDER,
        ALL_LABELS,    
        SIZE_BYTES,
        ATTACHMENT_COUNT,
        HAS_ATTACHMENTS,  
        IS_READ,
        IS_STARRED,
        IS_REPLIED,   
        THREAD_SUBJECT,
        THREAD_FIRST_MESSAGE_AT,    
        THREAD_DURATION_SEC,       
        THREAD_PARTICIPANT_COUNT, 
    FROM msg_rank WHERE rnk = 1
  )
/* {"app": "dbt", "dbt_version": "1.11.11", "profile_name": "email_project", "target_name": "dev", "node_id": "model.email_project.stg_gmail_data"} */;
[0m02:21:46.238713 [debug] [Thread-2 (]: Opening a new connection, currently in state init
[0m02:21:46.911266 [debug] [Thread-2 (]: Snowflake adapter: Snowflake query id: 01c5992d-0003-5116-0003-1fe2000bb65e
[0m02:21:46.911266 [debug] [Thread-2 (]: Snowflake adapter: Snowflake error: 001003 (42000): SQL compilation error:
syntax error line 45 at position 36 unexpected ','.
syntax error line 45 at position 61 unexpected 'AS'.
syntax error line 48 at position 16 unexpected 'OVER'.
[0m02:21:46.915067 [debug] [Thread-2 (]: Database Error in model stg_gmail_data (models\staging\stg_gmail_data.sql)
  001003 (42000): SQL compilation error:
  syntax error line 45 at position 36 unexpected ','.
  syntax error line 45 at position 61 unexpected 'AS'.
  syntax error line 48 at position 16 unexpected 'OVER'.
  compiled code at target\run\email_project\models\staging\stg_gmail_data.sql
[0m02:21:46.915067 [debug] [Thread-2 (]: Sending event: {'category': 'dbt', 'action': 'run_model', 'label': 'a1b31d97-a2f9-4bc4-83f0-33da2c714e96', 'context': [<snowplow_tracker.self_describing_json.SelfDescribingJson object at 0x00000214A9195100>]}
[0m02:21:46.915067 [error] [Thread-2 (]: 1 of 1 ERROR creating sql view model raw_staging.stg_gmail_data ................ [[31mERROR[0m in 0.71s]
[0m02:21:46.915067 [debug] [Thread-2 (]: Finished running node model.email_project.stg_gmail_data
[0m02:21:46.915067 [debug] [Thread-5 (]: Marking all children of 'model.email_project.stg_gmail_data' to be skipped because of status 'error'.  Reason: Database Error in model stg_gmail_data (models\staging\stg_gmail_data.sql)
  001003 (42000): SQL compilation error:
  syntax error line 45 at position 36 unexpected ','.
  syntax error line 45 at position 61 unexpected 'AS'.
  syntax error line 48 at position 16 unexpected 'OVER'.
  compiled code at target\run\email_project\models\staging\stg_gmail_data.sql.
[0m02:21:46.922366 [debug] [MainThread]: Connection 'master' was properly closed.
[0m02:21:46.922366 [debug] [MainThread]: Connection 'list_email_db' was left open.
[0m02:21:46.922366 [debug] [MainThread]: On list_email_db: Close
[0m02:21:47.089515 [debug] [MainThread]: Connection 'list_email_db_raw_staging' was left open.
[0m02:21:47.089515 [debug] [MainThread]: On list_email_db_raw_staging: Close
[0m02:21:47.254506 [debug] [MainThread]: Connection 'model.email_project.stg_gmail_data' was left open.
[0m02:21:47.255504 [debug] [MainThread]: On model.email_project.stg_gmail_data: Close
[0m02:21:47.402824 [info ] [MainThread]: 
[0m02:21:47.402824 [info ] [MainThread]: Finished running 1 view model in 0 hours 0 minutes and 3.38 seconds (3.38s).
[0m02:21:47.402824 [debug] [MainThread]: Command end result
[0m02:21:47.437615 [debug] [MainThread]: Wrote artifact WritableManifest to F:\Projects\Data Engg Project\Data Engg Project on Emails - OC\new attempt\email_project\target\manifest.json
[0m02:21:47.437615 [debug] [MainThread]: Wrote artifact SemanticManifest to F:\Projects\Data Engg Project\Data Engg Project on Emails - OC\new attempt\email_project\target\semantic_manifest.json
[0m02:21:47.451901 [debug] [MainThread]: Wrote artifact RunExecutionResult to F:\Projects\Data Engg Project\Data Engg Project on Emails - OC\new attempt\email_project\target\run_results.json
[0m02:21:47.451901 [info ] [MainThread]: 
[0m02:21:47.452911 [info ] [MainThread]: [31mCompleted with 1 error, 0 partial successes, and 0 warnings:[0m
[0m02:21:47.453909 [info ] [MainThread]: 
[0m02:21:47.453909 [error] [MainThread]: [31mFailure in model stg_gmail_data (models\staging\stg_gmail_data.sql)[0m
[0m02:21:47.454910 [error] [MainThread]:   Database Error in model stg_gmail_data (models\staging\stg_gmail_data.sql)
  001003 (42000): SQL compilation error:
  syntax error line 45 at position 36 unexpected ','.
  syntax error line 45 at position 61 unexpected 'AS'.
  syntax error line 48 at position 16 unexpected 'OVER'.
  compiled code at target\run\email_project\models\staging\stg_gmail_data.sql
[0m02:21:47.454910 [info ] [MainThread]: 
[0m02:21:47.455899 [info ] [MainThread]:   compiled code at target\compiled\email_project\models\staging\stg_gmail_data.sql
[0m02:21:47.455899 [info ] [MainThread]: 
[0m02:21:47.456908 [info ] [MainThread]: Done. PASS=0 WARN=0 ERROR=1 SKIP=0 NO-OP=0 TOTAL=1
[0m02:21:47.457899 [debug] [MainThread]: Command `dbt run` failed at 02:21:47.457899 after 4.94 seconds
[0m02:21:47.458910 [debug] [MainThread]: Sending event: {'category': 'dbt', 'action': 'invocation', 'label': 'end', 'context': [<snowplow_tracker.self_describing_json.SelfDescribingJson object at 0x00000214A95C2C30>, <snowplow_tracker.self_describing_json.SelfDescribingJson object at 0x00000214AA0DB440>, <snowplow_tracker.self_describing_json.SelfDescribingJson object at 0x00000214AA0DA750>]}
[0m02:21:47.458910 [debug] [MainThread]: Flushing usage events
[0m02:21:48.621610 [debug] [MainThread]: An error was encountered while trying to flush usage events
[0m02:24:35.308398 [debug] [MainThread]: Sending event: {'category': 'dbt', 'action': 'invocation', 'label': 'start', 'context': [<snowplow_tracker.self_describing_json.SelfDescribingJson object at 0x0000024A19CFB830>, <snowplow_tracker.self_describing_json.SelfDescribingJson object at 0x0000024A16667110>, <snowplow_tracker.self_describing_json.SelfDescribingJson object at 0x0000024A19CC9460>]}


============================== 02:24:35.312566 | 017377e8-9fd6-413c-ae06-6fbbe0472b02 ==============================
[0m02:24:35.312566 [info ] [MainThread]: Running with dbt=1.11.11
[0m02:24:35.313658 [debug] [MainThread]: running dbt with arguments {'version_check': 'True', 'no_print': 'None', 'static_parser': 'True', 'target_path': 'None', 'warn_error_options': 'WarnErrorOptionsV2(error=[], warn=[], silence=[])', 'printer_width': '80', 'write_json': 'True', 'introspect': 'True', 'log_cache_events': 'False', 'empty': 'False', 'cache_selected_only': 'False', 'log_format': 'default', 'debug': 'False', 'fail_fast': 'False', 'partial_parse': 'True', 'send_anonymous_usage_stats': 'True', 'quiet': 'False', 'warn_error': 'None', 'profiles_dir': 'C:\\Users\\61452\\.dbt', 'use_colors': 'True', 'invocation_command': 'dbt run', 'indirect_selection': 'eager', 'use_experimental_parser': 'False', 'log_path': 'F:\\Projects\\Data Engg Project\\Data Engg Project on Emails - OC\\new attempt\\email_project\\logs'}
[0m02:24:35.846440 [debug] [MainThread]: Snowflake adapter: Setting snowflake.connector to ERROR (file logging only)
[0m02:24:35.846440 [debug] [MainThread]: Snowflake adapter: Setting botocore to ERROR (file logging only)
[0m02:24:35.846440 [debug] [MainThread]: Snowflake adapter: Setting boto3 to ERROR (file logging only)
[0m02:24:36.027740 [debug] [MainThread]: Sending event: {'category': 'dbt', 'action': 'project_id', 'label': '017377e8-9fd6-413c-ae06-6fbbe0472b02', 'context': [<snowplow_tracker.self_describing_json.SelfDescribingJson object at 0x0000024A1BDD3590>]}
[0m02:24:36.089917 [debug] [MainThread]: Sending event: {'category': 'dbt', 'action': 'adapter_info', 'label': '017377e8-9fd6-413c-ae06-6fbbe0472b02', 'context': [<snowplow_tracker.self_describing_json.SelfDescribingJson object at 0x0000024A1B618E30>]}
[0m02:24:36.089917 [info ] [MainThread]: Registered adapter: snowflake=1.11.6
[0m02:24:36.388017 [debug] [MainThread]: checksum: 30a8cc8fdcbf66701b0944d4ccce3fa46dd04b61e5df68b9f16d57b2e0e3f0be, vars: {}, profile: , target: , version: 1.11.11
[0m02:24:36.526459 [debug] [MainThread]: Partial parsing enabled: 0 files deleted, 0 files added, 0 files changed.
[0m02:24:36.526459 [debug] [MainThread]: Nothing changed, skipping partial parsing.
[0m02:24:36.526459 [debug] [MainThread]: Partial parsing enabled, no changes found, skipping parsing
[0m02:24:36.564178 [debug] [MainThread]: Sending event: {'category': 'dbt', 'action': 'load_project', 'label': '017377e8-9fd6-413c-ae06-6fbbe0472b02', 'context': [<snowplow_tracker.self_describing_json.SelfDescribingJson object at 0x0000024A1CA005C0>]}
[0m02:24:36.635545 [debug] [MainThread]: Wrote artifact WritableManifest to F:\Projects\Data Engg Project\Data Engg Project on Emails - OC\new attempt\email_project\target\manifest.json
[0m02:24:36.635545 [debug] [MainThread]: Wrote artifact SemanticManifest to F:\Projects\Data Engg Project\Data Engg Project on Emails - OC\new attempt\email_project\target\semantic_manifest.json
[0m02:24:36.651538 [debug] [MainThread]: Sending event: {'category': 'dbt', 'action': 'resource_counts', 'label': '017377e8-9fd6-413c-ae06-6fbbe0472b02', 'context': [<snowplow_tracker.self_describing_json.SelfDescribingJson object at 0x0000024A1CCFAD20>]}
[0m02:24:36.651538 [info ] [MainThread]: Found 1 model, 1 source, 537 macros
[0m02:24:36.651538 [debug] [MainThread]: Sending event: {'category': 'dbt', 'action': 'runnable_timing', 'label': '017377e8-9fd6-413c-ae06-6fbbe0472b02', 'context': [<snowplow_tracker.self_describing_json.SelfDescribingJson object at 0x0000024A1C044530>]}
[0m02:24:36.651538 [info ] [MainThread]: 
[0m02:24:36.651538 [info ] [MainThread]: Concurrency: 1 threads (target='dev')
[0m02:24:36.651538 [info ] [MainThread]: 
[0m02:24:36.651538 [debug] [MainThread]: Acquiring new snowflake connection 'master'
[0m02:24:36.651538 [debug] [ThreadPool]: Acquiring new snowflake connection 'list_email_db'
[0m02:24:36.738395 [debug] [ThreadPool]: Using snowflake connection "list_email_db"
[0m02:24:36.739395 [debug] [ThreadPool]: On list_email_db: show terse schemas in database email_db
    limit 10000
/* {"app": "dbt", "dbt_version": "1.11.11", "profile_name": "email_project", "target_name": "dev", "connection_name": "list_email_db"} */
[0m02:24:36.739395 [debug] [ThreadPool]: Opening a new connection, currently in state init
[0m02:24:38.885422 [debug] [ThreadPool]: SQL status: SUCCESS 4 in 2.146 seconds
[0m02:24:38.889422 [debug] [ThreadPool]: Acquiring new snowflake connection 'list_email_db_raw_staging'
[0m02:24:38.903950 [debug] [ThreadPool]: Using snowflake connection "list_email_db_raw_staging"
[0m02:24:38.904950 [debug] [ThreadPool]: On list_email_db_raw_staging: show objects in email_db.raw_staging
    limit 10000
    

/* {"app": "dbt", "dbt_version": "1.11.11", "profile_name": "email_project", "target_name": "dev", "connection_name": "list_email_db_raw_staging"} */;
[0m02:24:38.904950 [debug] [ThreadPool]: Opening a new connection, currently in state init
[0m02:24:40.010491 [debug] [ThreadPool]: SQL status: SUCCESS 1 in 1.108 seconds
[0m02:24:40.010491 [debug] [MainThread]: Sending event: {'category': 'dbt', 'action': 'runnable_timing', 'label': '017377e8-9fd6-413c-ae06-6fbbe0472b02', 'context': [<snowplow_tracker.self_describing_json.SelfDescribingJson object at 0x0000024A1CCF9CA0>]}
[0m02:24:40.010491 [debug] [Thread-2 (]: Began running node model.email_project.stg_gmail_data
[0m02:24:40.010491 [info ] [Thread-2 (]: 1 of 1 START sql view model raw_staging.stg_gmail_data ......................... [RUN]
[0m02:24:40.010491 [debug] [Thread-2 (]: Acquiring new snowflake connection 'model.email_project.stg_gmail_data'
[0m02:24:40.010491 [debug] [Thread-2 (]: Began compiling node model.email_project.stg_gmail_data
[0m02:24:40.030950 [debug] [Thread-2 (]: Writing injected SQL for node "model.email_project.stg_gmail_data"
[0m02:24:40.032025 [debug] [Thread-2 (]: Began executing node model.email_project.stg_gmail_data
[0m02:24:40.091732 [debug] [Thread-2 (]: Writing runtime sql for node "model.email_project.stg_gmail_data"
[0m02:24:40.093738 [debug] [Thread-2 (]: Using snowflake connection "model.email_project.stg_gmail_data"
[0m02:24:40.094730 [debug] [Thread-2 (]: On model.email_project.stg_gmail_data: create or replace   view email_db.raw_staging.stg_gmail_data
  
  
  
  
  as (
    
with msg_rank as(
    SELECT 
        MESSAGE_ID,
        SENDER_RAW,
        LOWER(SENDER_EMAIL) AS sender_email,
        SENDER_DISPLAY_NAME,
        SENDER_DOMAIN,
        SENDER_DOMAIN_TYPE,
        CASE
            WHEN CC IS NULL THEN 'None'
            ELSE CC
        END AS CC,
        RECIPIENT_COUNT,    
        SUBJECT,    
        TO_DATE(FULL_DATE ,'DD/MM/YYYY') as email_date,
        YEAR,
        QUARTER,
        MONTH,
        MONTH_NAME,
        WEEK,
        DAY_OF_WEEK,
        DAY_NAME,
        IS_WEEKEND,    
        FULL_TIME,
        HOUR,
        MINUTE,
        AM_PM,
        TIME_BUCKET,
        FOLDER,
        ALL_LABELS,    
        SIZE_BYTES,
        ATTACHMENT_COUNT,
        HAS_ATTACHMENTS,  
        IS_READ,
        IS_STARRED,
        IS_REPLIED,   
        THREAD_SUBJECT,
        CAST(THREAD_FIRST_MESSAGE_AT, 'DD/MM/YYYY hh:mi') AS THREAD_FIRST_MESSAGE_AT,    
        THREAD_DURATION_SEC,       
        THREAD_PARTICIPANT_COUNT,
        RANK () OVER (PARTITION BY MESSAGE_ID ORDER BY FULL_DATE desc) AS rnk
    from email_db.raw.gmail_data
)
SELECT         
        MESSAGE_ID,
        SENDER_RAW,
        sender_email,
        SENDER_DISPLAY_NAME,
        SENDER_DOMAIN,
        SENDER_DOMAIN_TYPE,
        CC,
        RECIPIENT_COUNT,    
        SUBJECT,    
        email_date,
        YEAR,
        QUARTER,
        MONTH,
        MONTH_NAME,
        WEEK,
        DAY_OF_WEEK,
        DAY_NAME,
        IS_WEEKEND,    
        FULL_TIME,
        HOUR,
        MINUTE,
        AM_PM,
        TIME_BUCKET,
        FOLDER,
        ALL_LABELS,    
        SIZE_BYTES,
        ATTACHMENT_COUNT,
        HAS_ATTACHMENTS,  
        IS_READ,
        IS_STARRED,
        IS_REPLIED,   
        THREAD_SUBJECT,
        THREAD_FIRST_MESSAGE_AT,    
        THREAD_DURATION_SEC,       
        THREAD_PARTICIPANT_COUNT, 
    FROM msg_rank WHERE rnk = 1
  )
/* {"app": "dbt", "dbt_version": "1.11.11", "profile_name": "email_project", "target_name": "dev", "node_id": "model.email_project.stg_gmail_data"} */;
[0m02:24:40.094730 [debug] [Thread-2 (]: Opening a new connection, currently in state init
[0m02:24:40.715446 [debug] [Thread-2 (]: Snowflake adapter: Snowflake query id: 01c59930-0003-5124-0003-1fe2000bc0a2
[0m02:24:40.715446 [debug] [Thread-2 (]: Snowflake adapter: Snowflake error: 001003 (42000): SQL compilation error:
syntax error line 45 at position 36 unexpected ','.
syntax error line 45 at position 58 unexpected 'AS'.
syntax error line 48 at position 16 unexpected 'OVER'.
[0m02:24:40.717459 [debug] [Thread-2 (]: Database Error in model stg_gmail_data (models\staging\stg_gmail_data.sql)
  001003 (42000): SQL compilation error:
  syntax error line 45 at position 36 unexpected ','.
  syntax error line 45 at position 58 unexpected 'AS'.
  syntax error line 48 at position 16 unexpected 'OVER'.
  compiled code at target\run\email_project\models\staging\stg_gmail_data.sql
[0m02:24:40.719471 [debug] [Thread-2 (]: Sending event: {'category': 'dbt', 'action': 'run_model', 'label': '017377e8-9fd6-413c-ae06-6fbbe0472b02', 'context': [<snowplow_tracker.self_describing_json.SelfDescribingJson object at 0x0000024A1D2B1310>]}
[0m02:24:40.719471 [error] [Thread-2 (]: 1 of 1 ERROR creating sql view model raw_staging.stg_gmail_data ................ [[31mERROR[0m in 0.71s]
[0m02:24:40.719471 [debug] [Thread-2 (]: Finished running node model.email_project.stg_gmail_data
[0m02:24:40.719471 [debug] [Thread-5 (]: Marking all children of 'model.email_project.stg_gmail_data' to be skipped because of status 'error'.  Reason: Database Error in model stg_gmail_data (models\staging\stg_gmail_data.sql)
  001003 (42000): SQL compilation error:
  syntax error line 45 at position 36 unexpected ','.
  syntax error line 45 at position 58 unexpected 'AS'.
  syntax error line 48 at position 16 unexpected 'OVER'.
  compiled code at target\run\email_project\models\staging\stg_gmail_data.sql.
[0m02:24:40.719471 [debug] [MainThread]: Connection 'master' was properly closed.
[0m02:24:40.719471 [debug] [MainThread]: Connection 'list_email_db' was left open.
[0m02:24:40.719471 [debug] [MainThread]: On list_email_db: Close
[0m02:24:40.873454 [debug] [MainThread]: Connection 'list_email_db_raw_staging' was left open.
[0m02:24:40.874465 [debug] [MainThread]: On list_email_db_raw_staging: Close
[0m02:24:41.013871 [debug] [MainThread]: Connection 'model.email_project.stg_gmail_data' was left open.
[0m02:24:41.027890 [debug] [MainThread]: On model.email_project.stg_gmail_data: Close
[0m02:24:41.179721 [info ] [MainThread]: 
[0m02:24:41.179721 [info ] [MainThread]: Finished running 1 view model in 0 hours 0 minutes and 4.53 seconds (4.53s).
[0m02:24:41.179721 [debug] [MainThread]: Command end result
[0m02:24:41.223248 [debug] [MainThread]: Wrote artifact WritableManifest to F:\Projects\Data Engg Project\Data Engg Project on Emails - OC\new attempt\email_project\target\manifest.json
[0m02:24:41.226254 [debug] [MainThread]: Wrote artifact SemanticManifest to F:\Projects\Data Engg Project\Data Engg Project on Emails - OC\new attempt\email_project\target\semantic_manifest.json
[0m02:24:41.233741 [debug] [MainThread]: Wrote artifact RunExecutionResult to F:\Projects\Data Engg Project\Data Engg Project on Emails - OC\new attempt\email_project\target\run_results.json
[0m02:24:41.233741 [info ] [MainThread]: 
[0m02:24:41.233741 [info ] [MainThread]: [31mCompleted with 1 error, 0 partial successes, and 0 warnings:[0m
[0m02:24:41.233741 [info ] [MainThread]: 
[0m02:24:41.233741 [error] [MainThread]: [31mFailure in model stg_gmail_data (models\staging\stg_gmail_data.sql)[0m
[0m02:24:41.233741 [error] [MainThread]:   Database Error in model stg_gmail_data (models\staging\stg_gmail_data.sql)
  001003 (42000): SQL compilation error:
  syntax error line 45 at position 36 unexpected ','.
  syntax error line 45 at position 58 unexpected 'AS'.
  syntax error line 48 at position 16 unexpected 'OVER'.
  compiled code at target\run\email_project\models\staging\stg_gmail_data.sql
[0m02:24:41.233741 [info ] [MainThread]: 
[0m02:24:41.233741 [info ] [MainThread]:   compiled code at target\compiled\email_project\models\staging\stg_gmail_data.sql
[0m02:24:41.233741 [info ] [MainThread]: 
[0m02:24:41.240654 [info ] [MainThread]: Done. PASS=0 WARN=0 ERROR=1 SKIP=0 NO-OP=0 TOTAL=1
[0m02:24:41.241674 [debug] [MainThread]: Command `dbt run` failed at 02:24:41.240654 after 6.06 seconds
[0m02:24:41.241674 [debug] [MainThread]: Sending event: {'category': 'dbt', 'action': 'invocation', 'label': 'end', 'context': [<snowplow_tracker.self_describing_json.SelfDescribingJson object at 0x0000024A1A390800>, <snowplow_tracker.self_describing_json.SelfDescribingJson object at 0x0000024A1A53D220>, <snowplow_tracker.self_describing_json.SelfDescribingJson object at 0x0000024A1A52B860>]}
[0m02:24:41.241674 [debug] [MainThread]: Flushing usage events
[0m02:24:43.198126 [debug] [MainThread]: An error was encountered while trying to flush usage events
[0m02:32:37.541883 [debug] [MainThread]: Sending event: {'category': 'dbt', 'action': 'invocation', 'label': 'start', 'context': [<snowplow_tracker.self_describing_json.SelfDescribingJson object at 0x000001FBF8B87650>, <snowplow_tracker.self_describing_json.SelfDescribingJson object at 0x000001FBF89B6720>, <snowplow_tracker.self_describing_json.SelfDescribingJson object at 0x000001FBF89B6A20>]}


============================== 02:32:37.550033 | 784b3dcf-1e52-4e9e-8169-3691b6e60523 ==============================
[0m02:32:37.550033 [info ] [MainThread]: Running with dbt=1.11.11
[0m02:32:37.550033 [debug] [MainThread]: running dbt with arguments {'version_check': 'True', 'no_print': 'None', 'static_parser': 'True', 'target_path': 'None', 'warn_error_options': 'WarnErrorOptionsV2(error=[], warn=[], silence=[])', 'printer_width': '80', 'write_json': 'True', 'empty': 'False', 'log_cache_events': 'False', 'introspect': 'True', 'cache_selected_only': 'False', 'fail_fast': 'False', 'debug': 'False', 'log_format': 'default', 'partial_parse': 'True', 'send_anonymous_usage_stats': 'True', 'quiet': 'False', 'warn_error': 'None', 'profiles_dir': 'C:\\Users\\61452\\.dbt', 'indirect_selection': 'eager', 'invocation_command': 'dbt run', 'use_colors': 'True', 'use_experimental_parser': 'False', 'log_path': 'F:\\Projects\\Data Engg Project\\Data Engg Project on Emails - OC\\new attempt\\email_project\\logs'}
[0m02:32:38.088679 [debug] [MainThread]: Snowflake adapter: Setting snowflake.connector to ERROR (file logging only)
[0m02:32:38.088679 [debug] [MainThread]: Snowflake adapter: Setting botocore to ERROR (file logging only)
[0m02:32:38.088679 [debug] [MainThread]: Snowflake adapter: Setting boto3 to ERROR (file logging only)
[0m02:32:38.261080 [debug] [MainThread]: Sending event: {'category': 'dbt', 'action': 'project_id', 'label': '784b3dcf-1e52-4e9e-8169-3691b6e60523', 'context': [<snowplow_tracker.self_describing_json.SelfDescribingJson object at 0x000001FBFA414680>]}
[0m02:32:38.325647 [debug] [MainThread]: Sending event: {'category': 'dbt', 'action': 'adapter_info', 'label': '784b3dcf-1e52-4e9e-8169-3691b6e60523', 'context': [<snowplow_tracker.self_describing_json.SelfDescribingJson object at 0x000001FBFAF4F2C0>]}
[0m02:32:38.325647 [info ] [MainThread]: Registered adapter: snowflake=1.11.6
[0m02:32:38.605236 [debug] [MainThread]: checksum: 30a8cc8fdcbf66701b0944d4ccce3fa46dd04b61e5df68b9f16d57b2e0e3f0be, vars: {}, profile: , target: , version: 1.11.11
[0m02:32:38.713941 [debug] [MainThread]: Partial parsing enabled: 0 files deleted, 0 files added, 0 files changed.
[0m02:32:38.713941 [debug] [MainThread]: Nothing changed, skipping partial parsing.
[0m02:32:38.713941 [debug] [MainThread]: Partial parsing enabled, no changes found, skipping parsing
[0m02:32:38.757802 [debug] [MainThread]: Sending event: {'category': 'dbt', 'action': 'load_project', 'label': '784b3dcf-1e52-4e9e-8169-3691b6e60523', 'context': [<snowplow_tracker.self_describing_json.SelfDescribingJson object at 0x000001FBFB997C50>]}
[0m02:32:38.824791 [debug] [MainThread]: Wrote artifact WritableManifest to F:\Projects\Data Engg Project\Data Engg Project on Emails - OC\new attempt\email_project\target\manifest.json
[0m02:32:38.824791 [debug] [MainThread]: Wrote artifact SemanticManifest to F:\Projects\Data Engg Project\Data Engg Project on Emails - OC\new attempt\email_project\target\semantic_manifest.json
[0m02:32:38.840529 [debug] [MainThread]: Sending event: {'category': 'dbt', 'action': 'resource_counts', 'label': '784b3dcf-1e52-4e9e-8169-3691b6e60523', 'context': [<snowplow_tracker.self_describing_json.SelfDescribingJson object at 0x000001FBFBC5AD50>]}
[0m02:32:38.840529 [info ] [MainThread]: Found 1 model, 1 source, 537 macros
[0m02:32:38.840529 [debug] [MainThread]: Sending event: {'category': 'dbt', 'action': 'runnable_timing', 'label': '784b3dcf-1e52-4e9e-8169-3691b6e60523', 'context': [<snowplow_tracker.self_describing_json.SelfDescribingJson object at 0x000001FBFBB9BC20>]}
[0m02:32:38.856195 [info ] [MainThread]: 
[0m02:32:38.856195 [info ] [MainThread]: Concurrency: 1 threads (target='dev')
[0m02:32:38.856195 [info ] [MainThread]: 
[0m02:32:38.856195 [debug] [MainThread]: Acquiring new snowflake connection 'master'
[0m02:32:38.859301 [debug] [ThreadPool]: Acquiring new snowflake connection 'list_email_db'
[0m02:32:38.916887 [debug] [ThreadPool]: Using snowflake connection "list_email_db"
[0m02:32:38.916887 [debug] [ThreadPool]: On list_email_db: show terse schemas in database email_db
    limit 10000
/* {"app": "dbt", "dbt_version": "1.11.11", "profile_name": "email_project", "target_name": "dev", "connection_name": "list_email_db"} */
[0m02:32:38.916887 [debug] [ThreadPool]: Opening a new connection, currently in state init
[0m02:32:40.228717 [debug] [ThreadPool]: SQL status: SUCCESS 4 in 1.298 seconds
[0m02:32:40.232712 [debug] [ThreadPool]: Acquiring new snowflake connection 'list_email_db_raw_staging'
[0m02:32:40.245775 [debug] [ThreadPool]: Using snowflake connection "list_email_db_raw_staging"
[0m02:32:40.245775 [debug] [ThreadPool]: On list_email_db_raw_staging: show objects in email_db.raw_staging
    limit 10000
    

/* {"app": "dbt", "dbt_version": "1.11.11", "profile_name": "email_project", "target_name": "dev", "connection_name": "list_email_db_raw_staging"} */;
[0m02:32:40.245775 [debug] [ThreadPool]: Opening a new connection, currently in state init
[0m02:32:40.973192 [debug] [ThreadPool]: SQL status: SUCCESS 1 in 0.727 seconds
[0m02:32:40.975222 [debug] [MainThread]: Sending event: {'category': 'dbt', 'action': 'runnable_timing', 'label': '784b3dcf-1e52-4e9e-8169-3691b6e60523', 'context': [<snowplow_tracker.self_describing_json.SelfDescribingJson object at 0x000001FBFB994AA0>]}
[0m02:32:40.980212 [debug] [Thread-2 (]: Began running node model.email_project.stg_gmail_data
[0m02:32:40.980212 [info ] [Thread-2 (]: 1 of 1 START sql view model raw_staging.stg_gmail_data ......................... [RUN]
[0m02:32:40.980212 [debug] [Thread-2 (]: Acquiring new snowflake connection 'model.email_project.stg_gmail_data'
[0m02:32:40.980212 [debug] [Thread-2 (]: Began compiling node model.email_project.stg_gmail_data
[0m02:32:40.983714 [debug] [Thread-2 (]: Writing injected SQL for node "model.email_project.stg_gmail_data"
[0m02:32:40.983714 [debug] [Thread-2 (]: Began executing node model.email_project.stg_gmail_data
[0m02:32:41.014848 [debug] [Thread-2 (]: Writing runtime sql for node "model.email_project.stg_gmail_data"
[0m02:32:41.014848 [debug] [Thread-2 (]: Using snowflake connection "model.email_project.stg_gmail_data"
[0m02:32:41.014848 [debug] [Thread-2 (]: On model.email_project.stg_gmail_data: create or replace   view email_db.raw_staging.stg_gmail_data
  
  
  
  
  as (
    
with msg_rank as(
    SELECT 
        MESSAGE_ID,
        SENDER_RAW,
        LOWER(SENDER_EMAIL) AS sender_email,
        SENDER_DISPLAY_NAME,
        SENDER_DOMAIN,
        SENDER_DOMAIN_TYPE,
        CASE
            WHEN CC IS NULL THEN 'None'
            ELSE CC
        END AS CC,
        RECIPIENT_COUNT,    
        SUBJECT,    
        TO_DATE(FULL_DATE ,'DD/MM/YYYY') as email_date,
        YEAR,
        QUARTER,
        MONTH,
        MONTH_NAME,
        WEEK,
        DAY_OF_WEEK,
        DAY_NAME,
        IS_WEEKEND,    
        FULL_TIME,
        HOUR,
        MINUTE,
        AM_PM,
        TIME_BUCKET,
        FOLDER,
        ALL_LABELS,    
        SIZE_BYTES,
        ATTACHMENT_COUNT,
        HAS_ATTACHMENTS,  
        IS_READ,
        IS_STARRED,
        IS_REPLIED,   
        THREAD_SUBJECT,
        TO_DATE(THREAD_FIRST_MESSAGE_AT, 'DD/MM/YYYY hh:mi') AS THREAD_FIRST_MESSAGE_AT,    
        THREAD_DURATION_SEC,       
        THREAD_PARTICIPANT_COUNT,
        RANK () OVER (PARTITION BY MESSAGE_ID ORDER BY FULL_DATE desc) AS rnk
    from email_db.raw.gmail_data
)
SELECT         
        MESSAGE_ID,
        SENDER_RAW,
        sender_email,
        SENDER_DISPLAY_NAME,
        SENDER_DOMAIN,
        SENDER_DOMAIN_TYPE,
        CC,
        RECIPIENT_COUNT,    
        SUBJECT,    
        email_date,
        YEAR,
        QUARTER,
        MONTH,
        MONTH_NAME,
        WEEK,
        DAY_OF_WEEK,
        DAY_NAME,
        IS_WEEKEND,    
        FULL_TIME,
        HOUR,
        MINUTE,
        AM_PM,
        TIME_BUCKET,
        FOLDER,
        ALL_LABELS,    
        SIZE_BYTES,
        ATTACHMENT_COUNT,
        HAS_ATTACHMENTS,  
        IS_READ,
        IS_STARRED,
        IS_REPLIED,   
        THREAD_SUBJECT,
        THREAD_FIRST_MESSAGE_AT,    
        THREAD_DURATION_SEC,       
        THREAD_PARTICIPANT_COUNT, 
    FROM msg_rank WHERE rnk = 1
  )
/* {"app": "dbt", "dbt_version": "1.11.11", "profile_name": "email_project", "target_name": "dev", "node_id": "model.email_project.stg_gmail_data"} */;
[0m02:32:41.014848 [debug] [Thread-2 (]: Opening a new connection, currently in state init
[0m02:32:42.113816 [debug] [Thread-2 (]: SQL status: SUCCESS 1 in 1.091 seconds
[0m02:32:42.129671 [debug] [Thread-2 (]: Sending event: {'category': 'dbt', 'action': 'run_model', 'label': '784b3dcf-1e52-4e9e-8169-3691b6e60523', 'context': [<snowplow_tracker.self_describing_json.SelfDescribingJson object at 0x000001FBFA4BDF70>]}
[0m02:32:42.129671 [info ] [Thread-2 (]: 1 of 1 OK created sql view model raw_staging.stg_gmail_data .................... [[32mSUCCESS 1[0m in 1.15s]
[0m02:32:42.129671 [debug] [Thread-2 (]: Finished running node model.email_project.stg_gmail_data
[0m02:32:42.147235 [debug] [MainThread]: Connection 'master' was properly closed.
[0m02:32:42.147958 [debug] [MainThread]: Connection 'list_email_db' was left open.
[0m02:32:42.147958 [debug] [MainThread]: On list_email_db: Close
[0m02:32:42.331670 [debug] [MainThread]: Connection 'list_email_db_raw_staging' was left open.
[0m02:32:42.331670 [debug] [MainThread]: On list_email_db_raw_staging: Close
[0m02:32:42.511943 [debug] [MainThread]: Connection 'model.email_project.stg_gmail_data' was left open.
[0m02:32:42.511943 [debug] [MainThread]: On model.email_project.stg_gmail_data: Close
[0m02:32:42.652750 [info ] [MainThread]: 
[0m02:32:42.652750 [info ] [MainThread]: Finished running 1 view model in 0 hours 0 minutes and 3.80 seconds (3.80s).
[0m02:32:42.652750 [debug] [MainThread]: Command end result
[0m02:32:42.693634 [debug] [MainThread]: Wrote artifact WritableManifest to F:\Projects\Data Engg Project\Data Engg Project on Emails - OC\new attempt\email_project\target\manifest.json
[0m02:32:42.698940 [debug] [MainThread]: Wrote artifact SemanticManifest to F:\Projects\Data Engg Project\Data Engg Project on Emails - OC\new attempt\email_project\target\semantic_manifest.json
[0m02:32:42.704447 [debug] [MainThread]: Wrote artifact RunExecutionResult to F:\Projects\Data Engg Project\Data Engg Project on Emails - OC\new attempt\email_project\target\run_results.json
[0m02:32:42.705462 [info ] [MainThread]: 
[0m02:32:42.706464 [info ] [MainThread]: [32mCompleted successfully[0m
[0m02:32:42.706464 [info ] [MainThread]: 
[0m02:32:42.707466 [info ] [MainThread]: Done. PASS=1 WARN=0 ERROR=0 SKIP=0 NO-OP=0 TOTAL=1
[0m02:32:42.709464 [debug] [MainThread]: Command `dbt run` succeeded at 02:32:42.708465 after 5.30 seconds
[0m02:32:42.709464 [debug] [MainThread]: Sending event: {'category': 'dbt', 'action': 'invocation', 'label': 'end', 'context': [<snowplow_tracker.self_describing_json.SelfDescribingJson object at 0x000001FBF623E8A0>, <snowplow_tracker.self_describing_json.SelfDescribingJson object at 0x000001FBF893F8F0>, <snowplow_tracker.self_describing_json.SelfDescribingJson object at 0x000001FBFB8F6090>]}
[0m02:32:42.710486 [debug] [MainThread]: Flushing usage events
[0m02:32:43.865781 [debug] [MainThread]: An error was encountered while trying to flush usage events
[0m02:33:27.245598 [debug] [MainThread]: Sending event: {'category': 'dbt', 'action': 'invocation', 'label': 'start', 'context': [<snowplow_tracker.self_describing_json.SelfDescribingJson object at 0x000002ACD4C8B0E0>, <snowplow_tracker.self_describing_json.SelfDescribingJson object at 0x000002ACD2C90650>, <snowplow_tracker.self_describing_json.SelfDescribingJson object at 0x000002ACD52F2000>]}


============================== 02:33:27.252218 | 61038693-f195-43b7-90bc-a3e2f85cf3c1 ==============================
[0m02:33:27.252218 [info ] [MainThread]: Running with dbt=1.11.11
[0m02:33:27.252218 [debug] [MainThread]: running dbt with arguments {'static_parser': 'True', 'no_print': 'None', 'version_check': 'True', 'warn_error_options': 'WarnErrorOptionsV2(error=[], warn=[], silence=[])', 'target_path': 'None', 'printer_width': '80', 'write_json': 'True', 'introspect': 'True', 'log_cache_events': 'False', 'empty': 'False', 'cache_selected_only': 'False', 'fail_fast': 'False', 'debug': 'False', 'log_format': 'default', 'partial_parse': 'True', 'send_anonymous_usage_stats': 'True', 'quiet': 'False', 'warn_error': 'None', 'profiles_dir': 'C:\\Users\\61452\\.dbt', 'indirect_selection': 'eager', 'use_colors': 'True', 'invocation_command': 'dbt run', 'use_experimental_parser': 'False', 'log_path': 'F:\\Projects\\Data Engg Project\\Data Engg Project on Emails - OC\\new attempt\\email_project\\logs'}
[0m02:33:27.844632 [debug] [MainThread]: Snowflake adapter: Setting snowflake.connector to ERROR (file logging only)
[0m02:33:27.845194 [debug] [MainThread]: Snowflake adapter: Setting botocore to ERROR (file logging only)
[0m02:33:27.845684 [debug] [MainThread]: Snowflake adapter: Setting boto3 to ERROR (file logging only)
[0m02:33:28.027436 [debug] [MainThread]: Sending event: {'category': 'dbt', 'action': 'project_id', 'label': '61038693-f195-43b7-90bc-a3e2f85cf3c1', 'context': [<snowplow_tracker.self_describing_json.SelfDescribingJson object at 0x000002ACD7611940>]}
[0m02:33:28.080438 [debug] [MainThread]: Sending event: {'category': 'dbt', 'action': 'adapter_info', 'label': '61038693-f195-43b7-90bc-a3e2f85cf3c1', 'context': [<snowplow_tracker.self_describing_json.SelfDescribingJson object at 0x000002ACD54F4EF0>]}
[0m02:33:28.080438 [info ] [MainThread]: Registered adapter: snowflake=1.11.6
[0m02:33:28.371865 [debug] [MainThread]: checksum: 30a8cc8fdcbf66701b0944d4ccce3fa46dd04b61e5df68b9f16d57b2e0e3f0be, vars: {}, profile: , target: , version: 1.11.11
[0m02:33:28.480939 [debug] [MainThread]: Partial parsing enabled: 0 files deleted, 0 files added, 0 files changed.
[0m02:33:28.480939 [debug] [MainThread]: Nothing changed, skipping partial parsing.
[0m02:33:28.496622 [debug] [MainThread]: Partial parsing enabled, no changes found, skipping parsing
[0m02:33:28.526816 [debug] [MainThread]: Sending event: {'category': 'dbt', 'action': 'load_project', 'label': '61038693-f195-43b7-90bc-a3e2f85cf3c1', 'context': [<snowplow_tracker.self_describing_json.SelfDescribingJson object at 0x000002ACD8517C80>]}
[0m02:33:28.598317 [debug] [MainThread]: Wrote artifact WritableManifest to F:\Projects\Data Engg Project\Data Engg Project on Emails - OC\new attempt\email_project\target\manifest.json
[0m02:33:28.598317 [debug] [MainThread]: Wrote artifact SemanticManifest to F:\Projects\Data Engg Project\Data Engg Project on Emails - OC\new attempt\email_project\target\semantic_manifest.json
[0m02:33:28.619679 [debug] [MainThread]: Sending event: {'category': 'dbt', 'action': 'resource_counts', 'label': '61038693-f195-43b7-90bc-a3e2f85cf3c1', 'context': [<snowplow_tracker.self_describing_json.SelfDescribingJson object at 0x000002ACD880AE40>]}
[0m02:33:28.619679 [info ] [MainThread]: Found 1 model, 1 source, 537 macros
[0m02:33:28.619679 [debug] [MainThread]: Sending event: {'category': 'dbt', 'action': 'runnable_timing', 'label': '61038693-f195-43b7-90bc-a3e2f85cf3c1', 'context': [<snowplow_tracker.self_describing_json.SelfDescribingJson object at 0x000002ACD874BD70>]}
[0m02:33:28.619679 [info ] [MainThread]: 
[0m02:33:28.619679 [info ] [MainThread]: Concurrency: 1 threads (target='dev')
[0m02:33:28.619679 [info ] [MainThread]: 
[0m02:33:28.619679 [debug] [MainThread]: Acquiring new snowflake connection 'master'
[0m02:33:28.619679 [debug] [ThreadPool]: Acquiring new snowflake connection 'list_email_db'
[0m02:33:28.699306 [debug] [ThreadPool]: Using snowflake connection "list_email_db"
[0m02:33:28.700308 [debug] [ThreadPool]: On list_email_db: show terse schemas in database email_db
    limit 10000
/* {"app": "dbt", "dbt_version": "1.11.11", "profile_name": "email_project", "target_name": "dev", "connection_name": "list_email_db"} */
[0m02:33:28.700308 [debug] [ThreadPool]: Opening a new connection, currently in state init
[0m02:33:29.933554 [debug] [ThreadPool]: SQL status: SUCCESS 4 in 1.244 seconds
[0m02:33:29.933554 [debug] [ThreadPool]: Acquiring new snowflake connection 'list_email_db_raw_staging'
[0m02:33:29.961298 [debug] [ThreadPool]: Using snowflake connection "list_email_db_raw_staging"
[0m02:33:29.961298 [debug] [ThreadPool]: On list_email_db_raw_staging: show objects in email_db.raw_staging
    limit 10000
    

/* {"app": "dbt", "dbt_version": "1.11.11", "profile_name": "email_project", "target_name": "dev", "connection_name": "list_email_db_raw_staging"} */;
[0m02:33:29.961298 [debug] [ThreadPool]: Opening a new connection, currently in state init
[0m02:33:30.668909 [debug] [ThreadPool]: SQL status: SUCCESS 1 in 0.710 seconds
[0m02:33:30.668909 [debug] [MainThread]: Sending event: {'category': 'dbt', 'action': 'runnable_timing', 'label': '61038693-f195-43b7-90bc-a3e2f85cf3c1', 'context': [<snowplow_tracker.self_describing_json.SelfDescribingJson object at 0x000002ACD8C6CF20>]}
[0m02:33:30.668909 [debug] [Thread-2 (]: Began running node model.email_project.stg_gmail_data
[0m02:33:30.668909 [info ] [Thread-2 (]: 1 of 1 START sql view model raw_staging.stg_gmail_data ......................... [RUN]
[0m02:33:30.668909 [debug] [Thread-2 (]: Acquiring new snowflake connection 'model.email_project.stg_gmail_data'
[0m02:33:30.668909 [debug] [Thread-2 (]: Began compiling node model.email_project.stg_gmail_data
[0m02:33:30.690602 [debug] [Thread-2 (]: Writing injected SQL for node "model.email_project.stg_gmail_data"
[0m02:33:30.691606 [debug] [Thread-2 (]: Began executing node model.email_project.stg_gmail_data
[0m02:33:30.721839 [debug] [Thread-2 (]: Writing runtime sql for node "model.email_project.stg_gmail_data"
[0m02:33:30.721839 [debug] [Thread-2 (]: Using snowflake connection "model.email_project.stg_gmail_data"
[0m02:33:30.721839 [debug] [Thread-2 (]: On model.email_project.stg_gmail_data: create or replace   view email_db.raw_staging.stg_gmail_data
  
  
  
  
  as (
    
with msg_rank as(
    SELECT 
        MESSAGE_ID,
        SENDER_RAW,
        LOWER(SENDER_EMAIL) AS sender_email,
        SENDER_DISPLAY_NAME,
        SENDER_DOMAIN,
        SENDER_DOMAIN_TYPE,
        CASE
            WHEN CC IS NULL THEN 'None'
            ELSE CC
        END AS CC,
        RECIPIENT_COUNT,    
        SUBJECT,    
        TO_DATE(FULL_DATE ,'DD/MM/YYYY') as email_date,
        YEAR,
        QUARTER,
        MONTH,
        MONTH_NAME,
        WEEK,
        DAY_OF_WEEK,
        DAY_NAME,
        IS_WEEKEND,    
        FULL_TIME,
        HOUR,
        MINUTE,
        AM_PM,
        TIME_BUCKET,
        FOLDER,
        ALL_LABELS,    
        SIZE_BYTES,
        ATTACHMENT_COUNT,
        HAS_ATTACHMENTS,  
        IS_READ,
        IS_STARRED,
        IS_REPLIED,   
        THREAD_SUBJECT,
        TO_DATE(THREAD_FIRST_MESSAGE_AT, 'DD/MM/YYYY hh:mi:ss') AS THREAD_FIRST_MESSAGE_AT,    
        THREAD_DURATION_SEC,       
        THREAD_PARTICIPANT_COUNT,
        RANK () OVER (PARTITION BY MESSAGE_ID ORDER BY FULL_DATE desc) AS rnk
    from email_db.raw.gmail_data
)
SELECT         
        MESSAGE_ID,
        SENDER_RAW,
        sender_email,
        SENDER_DISPLAY_NAME,
        SENDER_DOMAIN,
        SENDER_DOMAIN_TYPE,
        CC,
        RECIPIENT_COUNT,    
        SUBJECT,    
        email_date,
        YEAR,
        QUARTER,
        MONTH,
        MONTH_NAME,
        WEEK,
        DAY_OF_WEEK,
        DAY_NAME,
        IS_WEEKEND,    
        FULL_TIME,
        HOUR,
        MINUTE,
        AM_PM,
        TIME_BUCKET,
        FOLDER,
        ALL_LABELS,    
        SIZE_BYTES,
        ATTACHMENT_COUNT,
        HAS_ATTACHMENTS,  
        IS_READ,
        IS_STARRED,
        IS_REPLIED,   
        THREAD_SUBJECT,
        THREAD_FIRST_MESSAGE_AT,    
        THREAD_DURATION_SEC,       
        THREAD_PARTICIPANT_COUNT, 
    FROM msg_rank WHERE rnk = 1
  )
/* {"app": "dbt", "dbt_version": "1.11.11", "profile_name": "email_project", "target_name": "dev", "node_id": "model.email_project.stg_gmail_data"} */;
[0m02:33:30.721839 [debug] [Thread-2 (]: Opening a new connection, currently in state init
[0m02:33:31.947021 [debug] [Thread-2 (]: SQL status: SUCCESS 1 in 1.222 seconds
[0m02:33:31.967939 [debug] [Thread-2 (]: Sending event: {'category': 'dbt', 'action': 'run_model', 'label': '61038693-f195-43b7-90bc-a3e2f85cf3c1', 'context': [<snowplow_tracker.self_describing_json.SelfDescribingJson object at 0x000002ACD606DF40>]}
[0m02:33:31.967939 [info ] [Thread-2 (]: 1 of 1 OK created sql view model raw_staging.stg_gmail_data .................... [[32mSUCCESS 1[0m in 1.30s]
[0m02:33:31.967939 [debug] [Thread-2 (]: Finished running node model.email_project.stg_gmail_data
[0m02:33:31.967939 [debug] [MainThread]: Connection 'master' was properly closed.
[0m02:33:31.967939 [debug] [MainThread]: Connection 'list_email_db' was left open.
[0m02:33:31.981210 [debug] [MainThread]: On list_email_db: Close
[0m02:33:32.159944 [debug] [MainThread]: Connection 'list_email_db_raw_staging' was left open.
[0m02:33:32.160890 [debug] [MainThread]: On list_email_db_raw_staging: Close
[0m02:33:32.327731 [debug] [MainThread]: Connection 'model.email_project.stg_gmail_data' was left open.
[0m02:33:32.327731 [debug] [MainThread]: On model.email_project.stg_gmail_data: Close
[0m02:33:32.516515 [info ] [MainThread]: 
[0m02:33:32.516515 [info ] [MainThread]: Finished running 1 view model in 0 hours 0 minutes and 3.90 seconds (3.90s).
[0m02:33:32.516515 [debug] [MainThread]: Command end result
[0m02:33:32.550296 [debug] [MainThread]: Wrote artifact WritableManifest to F:\Projects\Data Engg Project\Data Engg Project on Emails - OC\new attempt\email_project\target\manifest.json
[0m02:33:32.553305 [debug] [MainThread]: Wrote artifact SemanticManifest to F:\Projects\Data Engg Project\Data Engg Project on Emails - OC\new attempt\email_project\target\semantic_manifest.json
[0m02:33:32.556323 [debug] [MainThread]: Wrote artifact RunExecutionResult to F:\Projects\Data Engg Project\Data Engg Project on Emails - OC\new attempt\email_project\target\run_results.json
[0m02:33:32.556323 [info ] [MainThread]: 
[0m02:33:32.556323 [info ] [MainThread]: [32mCompleted successfully[0m
[0m02:33:32.556323 [info ] [MainThread]: 
[0m02:33:32.562147 [info ] [MainThread]: Done. PASS=1 WARN=0 ERROR=0 SKIP=0 NO-OP=0 TOTAL=1
[0m02:33:32.562147 [debug] [MainThread]: Command `dbt run` succeeded at 02:33:32.562147 after 5.45 seconds
[0m02:33:32.562147 [debug] [MainThread]: Sending event: {'category': 'dbt', 'action': 'invocation', 'label': 'end', 'context': [<snowplow_tracker.self_describing_json.SelfDescribingJson object at 0x000002ACD5E1FD40>, <snowplow_tracker.self_describing_json.SelfDescribingJson object at 0x000002ACD515AB40>, <snowplow_tracker.self_describing_json.SelfDescribingJson object at 0x000002ACD5D7F6E0>]}
[0m02:33:32.562147 [debug] [MainThread]: Flushing usage events
[0m02:33:33.623308 [debug] [MainThread]: An error was encountered while trying to flush usage events
[0m02:35:51.215350 [debug] [MainThread]: Sending event: {'category': 'dbt', 'action': 'invocation', 'label': 'start', 'context': [<snowplow_tracker.self_describing_json.SelfDescribingJson object at 0x00000235A43BEE70>, <snowplow_tracker.self_describing_json.SelfDescribingJson object at 0x00000235A1FA1EB0>, <snowplow_tracker.self_describing_json.SelfDescribingJson object at 0x00000235A1FA2D80>]}


============================== 02:35:51.220922 | bbcdef2d-99cf-478c-85e4-daa31da07753 ==============================
[0m02:35:51.220922 [info ] [MainThread]: Running with dbt=1.11.11
[0m02:35:51.220922 [debug] [MainThread]: running dbt with arguments {'static_parser': 'True', 'no_print': 'None', 'version_check': 'True', 'warn_error_options': 'WarnErrorOptionsV2(error=[], warn=[], silence=[])', 'target_path': 'None', 'printer_width': '80', 'write_json': 'True', 'empty': 'False', 'log_cache_events': 'False', 'introspect': 'True', 'cache_selected_only': 'False', 'fail_fast': 'False', 'debug': 'False', 'log_format': 'default', 'partial_parse': 'True', 'send_anonymous_usage_stats': 'True', 'quiet': 'False', 'warn_error': 'None', 'profiles_dir': 'C:\\Users\\61452\\.dbt', 'use_colors': 'True', 'invocation_command': 'dbt run', 'indirect_selection': 'eager', 'use_experimental_parser': 'False', 'log_path': 'F:\\Projects\\Data Engg Project\\Data Engg Project on Emails - OC\\new attempt\\email_project\\logs'}
[0m02:35:51.782479 [debug] [MainThread]: Snowflake adapter: Setting snowflake.connector to ERROR (file logging only)
[0m02:35:51.782479 [debug] [MainThread]: Snowflake adapter: Setting botocore to ERROR (file logging only)
[0m02:35:51.782479 [debug] [MainThread]: Snowflake adapter: Setting boto3 to ERROR (file logging only)
[0m02:35:51.981949 [debug] [MainThread]: Sending event: {'category': 'dbt', 'action': 'project_id', 'label': 'bbcdef2d-99cf-478c-85e4-daa31da07753', 'context': [<snowplow_tracker.self_describing_json.SelfDescribingJson object at 0x00000235A6D87DA0>]}
[0m02:35:52.053204 [debug] [MainThread]: Sending event: {'category': 'dbt', 'action': 'adapter_info', 'label': 'bbcdef2d-99cf-478c-85e4-daa31da07753', 'context': [<snowplow_tracker.self_describing_json.SelfDescribingJson object at 0x00000235A6E9F2C0>]}
[0m02:35:52.055204 [info ] [MainThread]: Registered adapter: snowflake=1.11.6
[0m02:35:52.348990 [debug] [MainThread]: checksum: 30a8cc8fdcbf66701b0944d4ccce3fa46dd04b61e5df68b9f16d57b2e0e3f0be, vars: {}, profile: , target: , version: 1.11.11
[0m02:35:52.486690 [debug] [MainThread]: Partial parsing enabled: 0 files deleted, 0 files added, 0 files changed.
[0m02:35:52.486690 [debug] [MainThread]: Nothing changed, skipping partial parsing.
[0m02:35:52.486690 [debug] [MainThread]: Partial parsing enabled, no changes found, skipping parsing
[0m02:35:52.515674 [debug] [MainThread]: Sending event: {'category': 'dbt', 'action': 'load_project', 'label': 'bbcdef2d-99cf-478c-85e4-daa31da07753', 'context': [<snowplow_tracker.self_describing_json.SelfDescribingJson object at 0x00000235A6FC96D0>]}
[0m02:35:52.600562 [debug] [MainThread]: Wrote artifact WritableManifest to F:\Projects\Data Engg Project\Data Engg Project on Emails - OC\new attempt\email_project\target\manifest.json
[0m02:35:52.603665 [debug] [MainThread]: Wrote artifact SemanticManifest to F:\Projects\Data Engg Project\Data Engg Project on Emails - OC\new attempt\email_project\target\semantic_manifest.json
[0m02:35:52.618060 [debug] [MainThread]: Sending event: {'category': 'dbt', 'action': 'resource_counts', 'label': 'bbcdef2d-99cf-478c-85e4-daa31da07753', 'context': [<snowplow_tracker.self_describing_json.SelfDescribingJson object at 0x00000235A737AD20>]}
[0m02:35:52.618060 [info ] [MainThread]: Found 1 model, 1 source, 537 macros
[0m02:35:52.619062 [debug] [MainThread]: Sending event: {'category': 'dbt', 'action': 'runnable_timing', 'label': 'bbcdef2d-99cf-478c-85e4-daa31da07753', 'context': [<snowplow_tracker.self_describing_json.SelfDescribingJson object at 0x00000235A72BBD10>]}
[0m02:35:52.621066 [info ] [MainThread]: 
[0m02:35:52.621066 [info ] [MainThread]: Concurrency: 1 threads (target='dev')
[0m02:35:52.622066 [info ] [MainThread]: 
[0m02:35:52.623084 [debug] [MainThread]: Acquiring new snowflake connection 'master'
[0m02:35:52.625062 [debug] [ThreadPool]: Acquiring new snowflake connection 'list_email_db'
[0m02:35:52.702089 [debug] [ThreadPool]: Using snowflake connection "list_email_db"
[0m02:35:52.703100 [debug] [ThreadPool]: On list_email_db: show terse schemas in database email_db
    limit 10000
/* {"app": "dbt", "dbt_version": "1.11.11", "profile_name": "email_project", "target_name": "dev", "connection_name": "list_email_db"} */
[0m02:35:52.703100 [debug] [ThreadPool]: Opening a new connection, currently in state init
[0m02:35:53.659606 [debug] [ThreadPool]: SQL status: SUCCESS 4 in 0.957 seconds
[0m02:35:53.662616 [debug] [ThreadPool]: Acquiring new snowflake connection 'list_email_db_raw_staging'
[0m02:35:53.665599 [debug] [ThreadPool]: Using snowflake connection "list_email_db_raw_staging"
[0m02:35:53.665599 [debug] [ThreadPool]: On list_email_db_raw_staging: show objects in email_db.raw_staging
    limit 10000
    

/* {"app": "dbt", "dbt_version": "1.11.11", "profile_name": "email_project", "target_name": "dev", "connection_name": "list_email_db_raw_staging"} */;
[0m02:35:53.678254 [debug] [ThreadPool]: Opening a new connection, currently in state init
[0m02:35:54.382732 [debug] [ThreadPool]: SQL status: SUCCESS 1 in 0.705 seconds
[0m02:35:54.385963 [debug] [MainThread]: Sending event: {'category': 'dbt', 'action': 'runnable_timing', 'label': 'bbcdef2d-99cf-478c-85e4-daa31da07753', 'context': [<snowplow_tracker.self_describing_json.SelfDescribingJson object at 0x00000235A7513FE0>]}
[0m02:35:54.390249 [debug] [Thread-2 (]: Began running node model.email_project.stg_gmail_data
[0m02:35:54.391265 [info ] [Thread-2 (]: 1 of 1 START sql view model raw_staging.stg_gmail_data ......................... [RUN]
[0m02:35:54.392254 [debug] [Thread-2 (]: Acquiring new snowflake connection 'model.email_project.stg_gmail_data'
[0m02:35:54.392254 [debug] [Thread-2 (]: Began compiling node model.email_project.stg_gmail_data
[0m02:35:54.401544 [debug] [Thread-2 (]: Writing injected SQL for node "model.email_project.stg_gmail_data"
[0m02:35:54.402554 [debug] [Thread-2 (]: Began executing node model.email_project.stg_gmail_data
[0m02:35:54.434097 [debug] [Thread-2 (]: Writing runtime sql for node "model.email_project.stg_gmail_data"
[0m02:35:54.438104 [debug] [Thread-2 (]: Using snowflake connection "model.email_project.stg_gmail_data"
[0m02:35:54.439115 [debug] [Thread-2 (]: On model.email_project.stg_gmail_data: create or replace   view email_db.raw_staging.stg_gmail_data
  
  
  
  
  as (
    
with msg_rank as(
    SELECT 
        MESSAGE_ID,
        SENDER_RAW,
        LOWER(SENDER_EMAIL) AS sender_email,
        SENDER_DISPLAY_NAME,
        SENDER_DOMAIN,
        SENDER_DOMAIN_TYPE,
        CASE
            WHEN CC IS NULL THEN 'None'
            ELSE CC
        END AS CC,
        RECIPIENT_COUNT,    
        SUBJECT,    
        TO_DATE(FULL_DATE ,'DD/MM/YYYY') as email_date,
        YEAR,
        QUARTER,
        MONTH,
        MONTH_NAME,
        WEEK,
        DAY_OF_WEEK,
        DAY_NAME,
        IS_WEEKEND,    
        FULL_TIME,
        HOUR,
        MINUTE,
        AM_PM,
        TIME_BUCKET,
        FOLDER,
        ALL_LABELS,    
        SIZE_BYTES,
        ATTACHMENT_COUNT,
        HAS_ATTACHMENTS,  
        IS_READ,
        IS_STARRED,
        IS_REPLIED,   
        THREAD_SUBJECT,
        TO_TIMESTAMP(THREAD_FIRST_MESSAGE_AT, 'DD/MM/YYYY HH24:MI') AS THREAD_FIRST_MESSAGE_AT,    
        THREAD_DURATION_SEC,       
        THREAD_PARTICIPANT_COUNT,
        RANK () OVER (PARTITION BY MESSAGE_ID ORDER BY FULL_DATE desc) AS rnk
    from email_db.raw.gmail_data
)
SELECT         
        MESSAGE_ID,
        SENDER_RAW,
        sender_email,
        SENDER_DISPLAY_NAME,
        SENDER_DOMAIN,
        SENDER_DOMAIN_TYPE,
        CC,
        RECIPIENT_COUNT,    
        SUBJECT,    
        email_date,
        YEAR,
        QUARTER,
        MONTH,
        MONTH_NAME,
        WEEK,
        DAY_OF_WEEK,
        DAY_NAME,
        IS_WEEKEND,    
        FULL_TIME,
        HOUR,
        MINUTE,
        AM_PM,
        TIME_BUCKET,
        FOLDER,
        ALL_LABELS,    
        SIZE_BYTES,
        ATTACHMENT_COUNT,
        HAS_ATTACHMENTS,  
        IS_READ,
        IS_STARRED,
        IS_REPLIED,   
        THREAD_SUBJECT,
        THREAD_FIRST_MESSAGE_AT,    
        THREAD_DURATION_SEC,       
        THREAD_PARTICIPANT_COUNT, 
    FROM msg_rank WHERE rnk = 1
  )
/* {"app": "dbt", "dbt_version": "1.11.11", "profile_name": "email_project", "target_name": "dev", "node_id": "model.email_project.stg_gmail_data"} */;
[0m02:35:54.439115 [debug] [Thread-2 (]: Opening a new connection, currently in state init
[0m02:35:55.087231 [debug] [Thread-2 (]: SQL status: SUCCESS 1 in 0.648 seconds
[0m02:35:55.115444 [debug] [Thread-2 (]: Sending event: {'category': 'dbt', 'action': 'run_model', 'label': 'bbcdef2d-99cf-478c-85e4-daa31da07753', 'context': [<snowplow_tracker.self_describing_json.SelfDescribingJson object at 0x00000235A4C0E000>]}
[0m02:35:55.115444 [info ] [Thread-2 (]: 1 of 1 OK created sql view model raw_staging.stg_gmail_data .................... [[32mSUCCESS 1[0m in 0.71s]
[0m02:35:55.115444 [debug] [Thread-2 (]: Finished running node model.email_project.stg_gmail_data
[0m02:35:55.115444 [debug] [MainThread]: Connection 'master' was properly closed.
[0m02:35:55.115444 [debug] [MainThread]: Connection 'list_email_db' was left open.
[0m02:35:55.115444 [debug] [MainThread]: On list_email_db: Close
[0m02:35:55.266965 [debug] [MainThread]: Connection 'list_email_db_raw_staging' was left open.
[0m02:35:55.266965 [debug] [MainThread]: On list_email_db_raw_staging: Close
[0m02:35:55.416400 [debug] [MainThread]: Connection 'model.email_project.stg_gmail_data' was left open.
[0m02:35:55.431918 [debug] [MainThread]: On model.email_project.stg_gmail_data: Close
[0m02:35:55.566572 [info ] [MainThread]: 
[0m02:35:55.566572 [info ] [MainThread]: Finished running 1 view model in 0 hours 0 minutes and 2.94 seconds (2.94s).
[0m02:35:55.566572 [debug] [MainThread]: Command end result
[0m02:35:55.610076 [debug] [MainThread]: Wrote artifact WritableManifest to F:\Projects\Data Engg Project\Data Engg Project on Emails - OC\new attempt\email_project\target\manifest.json
[0m02:35:55.612079 [debug] [MainThread]: Wrote artifact SemanticManifest to F:\Projects\Data Engg Project\Data Engg Project on Emails - OC\new attempt\email_project\target\semantic_manifest.json
[0m02:35:55.619076 [debug] [MainThread]: Wrote artifact RunExecutionResult to F:\Projects\Data Engg Project\Data Engg Project on Emails - OC\new attempt\email_project\target\run_results.json
[0m02:35:55.619076 [info ] [MainThread]: 
[0m02:35:55.620078 [info ] [MainThread]: [32mCompleted successfully[0m
[0m02:35:55.621108 [info ] [MainThread]: 
[0m02:35:55.622071 [info ] [MainThread]: Done. PASS=1 WARN=0 ERROR=0 SKIP=0 NO-OP=0 TOTAL=1
[0m02:35:55.623076 [debug] [MainThread]: Command `dbt run` succeeded at 02:35:55.623076 after 4.54 seconds
[0m02:35:55.624076 [debug] [MainThread]: Sending event: {'category': 'dbt', 'action': 'invocation', 'label': 'end', 'context': [<snowplow_tracker.self_describing_json.SelfDescribingJson object at 0x00000235A42ED760>, <snowplow_tracker.self_describing_json.SelfDescribingJson object at 0x00000235A42ED910>, <snowplow_tracker.self_describing_json.SelfDescribingJson object at 0x00000235A43372C0>]}
[0m02:35:55.624076 [debug] [MainThread]: Flushing usage events
[0m02:35:56.907867 [debug] [MainThread]: An error was encountered while trying to flush usage events
[0m02:42:47.787735 [debug] [MainThread]: Sending event: {'category': 'dbt', 'action': 'invocation', 'label': 'start', 'context': [<snowplow_tracker.self_describing_json.SelfDescribingJson object at 0x000001DE4510BC80>, <snowplow_tracker.self_describing_json.SelfDescribingJson object at 0x000001DE421D7140>, <snowplow_tracker.self_describing_json.SelfDescribingJson object at 0x000001DE458361B0>]}


============================== 02:42:47.791737 | 67644c6a-3ee6-436f-bb0a-bdab6d60ec9a ==============================
[0m02:42:47.791737 [info ] [MainThread]: Running with dbt=1.11.11
[0m02:42:47.791737 [debug] [MainThread]: running dbt with arguments {'version_check': 'True', 'no_print': 'None', 'static_parser': 'True', 'warn_error_options': 'WarnErrorOptionsV2(error=[], warn=[], silence=[])', 'target_path': 'None', 'printer_width': '80', 'write_json': 'True', 'introspect': 'True', 'log_cache_events': 'False', 'empty': 'False', 'cache_selected_only': 'False', 'fail_fast': 'False', 'debug': 'False', 'log_format': 'default', 'profiles_dir': 'C:\\Users\\61452\\.dbt', 'send_anonymous_usage_stats': 'True', 'quiet': 'False', 'warn_error': 'None', 'partial_parse': 'True', 'invocation_command': 'dbt run', 'indirect_selection': 'eager', 'use_colors': 'True', 'use_experimental_parser': 'False', 'log_path': 'F:\\Projects\\Data Engg Project\\Data Engg Project on Emails - OC\\new attempt\\email_project\\logs'}
[0m02:42:48.374968 [debug] [MainThread]: Snowflake adapter: Setting snowflake.connector to ERROR (file logging only)
[0m02:42:48.374968 [debug] [MainThread]: Snowflake adapter: Setting botocore to ERROR (file logging only)
[0m02:42:48.374968 [debug] [MainThread]: Snowflake adapter: Setting boto3 to ERROR (file logging only)
[0m02:42:48.570657 [debug] [MainThread]: Sending event: {'category': 'dbt', 'action': 'project_id', 'label': '67644c6a-3ee6-436f-bb0a-bdab6d60ec9a', 'context': [<snowplow_tracker.self_describing_json.SelfDescribingJson object at 0x000001DE451090D0>]}
[0m02:42:48.652475 [debug] [MainThread]: Sending event: {'category': 'dbt', 'action': 'adapter_info', 'label': '67644c6a-3ee6-436f-bb0a-bdab6d60ec9a', 'context': [<snowplow_tracker.self_describing_json.SelfDescribingJson object at 0x000001DE47024B00>]}
[0m02:42:48.654488 [info ] [MainThread]: Registered adapter: snowflake=1.11.6
[0m02:42:48.953661 [debug] [MainThread]: checksum: 30a8cc8fdcbf66701b0944d4ccce3fa46dd04b61e5df68b9f16d57b2e0e3f0be, vars: {}, profile: , target: , version: 1.11.11
[0m02:42:49.061085 [debug] [MainThread]: Partial parsing enabled: 0 files deleted, 0 files added, 0 files changed.
[0m02:42:49.061085 [debug] [MainThread]: Nothing changed, skipping partial parsing.
[0m02:42:49.061085 [debug] [MainThread]: Partial parsing enabled, no changes found, skipping parsing
[0m02:42:49.089288 [debug] [MainThread]: Sending event: {'category': 'dbt', 'action': 'load_project', 'label': '67644c6a-3ee6-436f-bb0a-bdab6d60ec9a', 'context': [<snowplow_tracker.self_describing_json.SelfDescribingJson object at 0x000001DE488F85C0>]}
[0m02:42:49.177462 [debug] [MainThread]: Wrote artifact WritableManifest to F:\Projects\Data Engg Project\Data Engg Project on Emails - OC\new attempt\email_project\target\manifest.json
[0m02:42:49.180468 [debug] [MainThread]: Wrote artifact SemanticManifest to F:\Projects\Data Engg Project\Data Engg Project on Emails - OC\new attempt\email_project\target\semantic_manifest.json
[0m02:42:49.194889 [debug] [MainThread]: Sending event: {'category': 'dbt', 'action': 'resource_counts', 'label': '67644c6a-3ee6-436f-bb0a-bdab6d60ec9a', 'context': [<snowplow_tracker.self_describing_json.SelfDescribingJson object at 0x000001DE488FAD80>]}
[0m02:42:49.194889 [info ] [MainThread]: Found 1 model, 1 source, 537 macros
[0m02:42:49.195897 [debug] [MainThread]: Sending event: {'category': 'dbt', 'action': 'runnable_timing', 'label': '67644c6a-3ee6-436f-bb0a-bdab6d60ec9a', 'context': [<snowplow_tracker.self_describing_json.SelfDescribingJson object at 0x000001DE48549280>]}
[0m02:42:49.197899 [info ] [MainThread]: 
[0m02:42:49.197899 [info ] [MainThread]: Concurrency: 1 threads (target='dev')
[0m02:42:49.198895 [info ] [MainThread]: 
[0m02:42:49.198895 [debug] [MainThread]: Acquiring new snowflake connection 'master'
[0m02:42:49.198895 [debug] [ThreadPool]: Acquiring new snowflake connection 'list_email_db'
[0m02:42:49.272020 [debug] [ThreadPool]: Using snowflake connection "list_email_db"
[0m02:42:49.273060 [debug] [ThreadPool]: On list_email_db: show terse schemas in database email_db
    limit 10000
/* {"app": "dbt", "dbt_version": "1.11.11", "profile_name": "email_project", "target_name": "dev", "connection_name": "list_email_db"} */
[0m02:42:49.273060 [debug] [ThreadPool]: Opening a new connection, currently in state init
[0m02:42:50.556084 [debug] [ThreadPool]: SQL status: SUCCESS 4 in 1.283 seconds
[0m02:42:50.558097 [debug] [ThreadPool]: Acquiring new snowflake connection 'list_email_db_raw_staging'
[0m02:42:50.558097 [debug] [ThreadPool]: Using snowflake connection "list_email_db_raw_staging"
[0m02:42:50.573781 [debug] [ThreadPool]: On list_email_db_raw_staging: show objects in email_db.raw_staging
    limit 10000
    

/* {"app": "dbt", "dbt_version": "1.11.11", "profile_name": "email_project", "target_name": "dev", "connection_name": "list_email_db_raw_staging"} */;
[0m02:42:50.573781 [debug] [ThreadPool]: Opening a new connection, currently in state init
[0m02:42:53.335280 [debug] [ThreadPool]: SQL status: SUCCESS 1 in 2.771 seconds
[0m02:42:53.335280 [debug] [MainThread]: Sending event: {'category': 'dbt', 'action': 'runnable_timing', 'label': '67644c6a-3ee6-436f-bb0a-bdab6d60ec9a', 'context': [<snowplow_tracker.self_describing_json.SelfDescribingJson object at 0x000001DE4867CE90>]}
[0m02:42:53.353323 [debug] [Thread-2 (]: Began running node model.email_project.stg_gmail_data
[0m02:42:53.354323 [info ] [Thread-2 (]: 1 of 1 START sql view model raw_staging.stg_gmail_data ......................... [RUN]
[0m02:42:53.355324 [debug] [Thread-2 (]: Acquiring new snowflake connection 'model.email_project.stg_gmail_data'
[0m02:42:53.355994 [debug] [Thread-2 (]: Began compiling node model.email_project.stg_gmail_data
[0m02:42:53.364042 [debug] [Thread-2 (]: Writing injected SQL for node "model.email_project.stg_gmail_data"
[0m02:42:53.365043 [debug] [Thread-2 (]: Began executing node model.email_project.stg_gmail_data
[0m02:42:53.400951 [debug] [Thread-2 (]: Writing runtime sql for node "model.email_project.stg_gmail_data"
[0m02:42:53.401933 [debug] [Thread-2 (]: Using snowflake connection "model.email_project.stg_gmail_data"
[0m02:42:53.401933 [debug] [Thread-2 (]: On model.email_project.stg_gmail_data: create or replace   view email_db.raw_staging.stg_gmail_data
  
  
  
  
  as (
    
with msg_rank as(
    SELECT 
        MESSAGE_ID,
        SENDER_RAW,
        LOWER(SENDER_EMAIL) AS sender_email,
        SENDER_DISPLAY_NAME,
        SENDER_DOMAIN,
        SENDER_DOMAIN_TYPE,
        CASE
            WHEN CC IS NULL THEN 'None'
            ELSE CC
        END AS CC,
        RECIPIENT_COUNT,    
        SUBJECT,    
        TO_DATE(FULL_DATE ,'DD/MM/YYYY') as email_date,
        --YEAR,
        --QUARTER,
        --MONTH,
        --MONTH_NAME,
        --WEEK,
        DAY_OF_WEEK,
        --DAY_NAME,
        --IS_WEEKEND,    
        --FULL_TIME,
        --HOUR,
        --MINUTE,
        --AM_PM,
        --TIME_BUCKET,
        FOLDER,
        ALL_LABELS,    
        SIZE_BYTES,
        ATTACHMENT_COUNT,
        HAS_ATTACHMENTS,  
        IS_READ,
        IS_STARRED,
        IS_REPLIED,   
        THREAD_SUBJECT,
        TO_TIMESTAMP(THREAD_FIRST_MESSAGE_AT, 'DD/MM/YYYY HH24:MI') AS THREAD_FIRST_MESSAGE_AT,    
        --THREAD_DURATION_SEC,       
        THREAD_PARTICIPANT_COUNT,
        RANK () OVER (PARTITION BY MESSAGE_ID ORDER BY FULL_DATE desc) AS rnk
    from email_db.raw.gmail_data
)
SELECT         
        MESSAGE_ID,
        SENDER_RAW,
        sender_email,
        SENDER_DISPLAY_NAME,
        SENDER_DOMAIN,
        SENDER_DOMAIN_TYPE,
        CC,
        RECIPIENT_COUNT,    
        SUBJECT,    
        email_date,
        YEAR,
        QUARTER,
        MONTH,
        MONTH_NAME,
        WEEK,
        DAY_OF_WEEK,
        DAY_NAME,
        IS_WEEKEND,    
        FULL_TIME,
        HOUR,
        MINUTE,
        AM_PM,
        TIME_BUCKET,
        FOLDER,
        ALL_LABELS,    
        SIZE_BYTES,
        ATTACHMENT_COUNT,
        HAS_ATTACHMENTS,  
        IS_READ,
        IS_STARRED,
        IS_REPLIED,   
        THREAD_SUBJECT,
        THREAD_FIRST_MESSAGE_AT,    
        THREAD_DURATION_SEC,       
        THREAD_PARTICIPANT_COUNT, 
    FROM msg_rank WHERE rnk = 1
  )
/* {"app": "dbt", "dbt_version": "1.11.11", "profile_name": "email_project", "target_name": "dev", "node_id": "model.email_project.stg_gmail_data"} */;
[0m02:42:53.401933 [debug] [Thread-2 (]: Opening a new connection, currently in state init
[0m02:42:53.916089 [debug] [Thread-2 (]: Snowflake adapter: Snowflake query id: 01c59942-0003-4ef0-0003-1fe2000b86be
[0m02:42:53.916089 [debug] [Thread-2 (]: Snowflake adapter: Snowflake error: 000904 (42000): SQL compilation error: error line 62 at position 8
invalid identifier 'YEAR'
[0m02:42:53.916089 [debug] [Thread-2 (]: Database Error in model stg_gmail_data (models\staging\stg_gmail_data.sql)
  000904 (42000): SQL compilation error: error line 62 at position 8
  invalid identifier 'YEAR'
  compiled code at target\run\email_project\models\staging\stg_gmail_data.sql
[0m02:42:53.916089 [debug] [Thread-2 (]: Sending event: {'category': 'dbt', 'action': 'run_model', 'label': '67644c6a-3ee6-436f-bb0a-bdab6d60ec9a', 'context': [<snowplow_tracker.self_describing_json.SelfDescribingJson object at 0x000001DE451544A0>]}
[0m02:42:53.916089 [error] [Thread-2 (]: 1 of 1 ERROR creating sql view model raw_staging.stg_gmail_data ................ [[31mERROR[0m in 0.56s]
[0m02:42:53.916089 [debug] [Thread-2 (]: Finished running node model.email_project.stg_gmail_data
[0m02:42:53.916089 [debug] [Thread-5 (]: Marking all children of 'model.email_project.stg_gmail_data' to be skipped because of status 'error'.  Reason: Database Error in model stg_gmail_data (models\staging\stg_gmail_data.sql)
  000904 (42000): SQL compilation error: error line 62 at position 8
  invalid identifier 'YEAR'
  compiled code at target\run\email_project\models\staging\stg_gmail_data.sql.
[0m02:42:53.932577 [debug] [MainThread]: Connection 'master' was properly closed.
[0m02:42:53.933586 [debug] [MainThread]: Connection 'list_email_db' was left open.
[0m02:42:53.933586 [debug] [MainThread]: On list_email_db: Close
[0m02:42:54.083031 [debug] [MainThread]: Connection 'list_email_db_raw_staging' was left open.
[0m02:42:54.083031 [debug] [MainThread]: On list_email_db_raw_staging: Close
[0m02:42:54.240217 [debug] [MainThread]: Connection 'model.email_project.stg_gmail_data' was left open.
[0m02:42:54.241213 [debug] [MainThread]: On model.email_project.stg_gmail_data: Close
[0m02:42:54.984165 [info ] [MainThread]: 
[0m02:42:54.985180 [info ] [MainThread]: Finished running 1 view model in 0 hours 0 minutes and 5.79 seconds (5.79s).
[0m02:42:54.986201 [debug] [MainThread]: Command end result
[0m02:42:55.016899 [debug] [MainThread]: Wrote artifact WritableManifest to F:\Projects\Data Engg Project\Data Engg Project on Emails - OC\new attempt\email_project\target\manifest.json
[0m02:42:55.020894 [debug] [MainThread]: Wrote artifact SemanticManifest to F:\Projects\Data Engg Project\Data Engg Project on Emails - OC\new attempt\email_project\target\semantic_manifest.json
[0m02:42:55.027543 [debug] [MainThread]: Wrote artifact RunExecutionResult to F:\Projects\Data Engg Project\Data Engg Project on Emails - OC\new attempt\email_project\target\run_results.json
[0m02:42:55.027543 [info ] [MainThread]: 
[0m02:42:55.027543 [info ] [MainThread]: [31mCompleted with 1 error, 0 partial successes, and 0 warnings:[0m
[0m02:42:55.027543 [info ] [MainThread]: 
[0m02:42:55.027543 [error] [MainThread]: [31mFailure in model stg_gmail_data (models\staging\stg_gmail_data.sql)[0m
[0m02:42:55.031492 [error] [MainThread]:   Database Error in model stg_gmail_data (models\staging\stg_gmail_data.sql)
  000904 (42000): SQL compilation error: error line 62 at position 8
  invalid identifier 'YEAR'
  compiled code at target\run\email_project\models\staging\stg_gmail_data.sql
[0m02:42:55.032503 [info ] [MainThread]: 
[0m02:42:55.033500 [info ] [MainThread]:   compiled code at target\compiled\email_project\models\staging\stg_gmail_data.sql
[0m02:42:55.034502 [info ] [MainThread]: 
[0m02:42:55.034502 [info ] [MainThread]: Done. PASS=0 WARN=0 ERROR=1 SKIP=0 NO-OP=0 TOTAL=1
[0m02:42:55.036499 [debug] [MainThread]: Command `dbt run` failed at 02:42:55.035499 after 7.39 seconds
[0m02:42:55.036499 [debug] [MainThread]: Sending event: {'category': 'dbt', 'action': 'invocation', 'label': 'end', 'context': [<snowplow_tracker.self_describing_json.SelfDescribingJson object at 0x000001DE4521D550>, <snowplow_tracker.self_describing_json.SelfDescribingJson object at 0x000001DE4355A420>, <snowplow_tracker.self_describing_json.SelfDescribingJson object at 0x000001DE450E7320>]}
[0m02:42:55.037499 [debug] [MainThread]: Flushing usage events
[0m02:42:56.544400 [debug] [MainThread]: An error was encountered while trying to flush usage events
[0m02:44:42.077038 [debug] [MainThread]: Sending event: {'category': 'dbt', 'action': 'invocation', 'label': 'start', 'context': [<snowplow_tracker.self_describing_json.SelfDescribingJson object at 0x0000027392647110>, <snowplow_tracker.self_describing_json.SelfDescribingJson object at 0x0000027395890650>, <snowplow_tracker.self_describing_json.SelfDescribingJson object at 0x00000273958905C0>]}


============================== 02:44:42.082050 | bf6e115d-b87c-4e7a-b649-b848a021e59a ==============================
[0m02:44:42.082050 [info ] [MainThread]: Running with dbt=1.11.11
[0m02:44:42.082050 [debug] [MainThread]: running dbt with arguments {'version_check': 'True', 'no_print': 'None', 'static_parser': 'True', 'warn_error_options': 'WarnErrorOptionsV2(error=[], warn=[], silence=[])', 'target_path': 'None', 'printer_width': '80', 'write_json': 'True', 'empty': 'False', 'log_cache_events': 'False', 'introspect': 'True', 'cache_selected_only': 'False', 'log_format': 'default', 'debug': 'False', 'fail_fast': 'False', 'profiles_dir': 'C:\\Users\\61452\\.dbt', 'send_anonymous_usage_stats': 'True', 'quiet': 'False', 'warn_error': 'None', 'partial_parse': 'True', 'invocation_command': 'dbt run', 'indirect_selection': 'eager', 'use_colors': 'True', 'use_experimental_parser': 'False', 'log_path': 'F:\\Projects\\Data Engg Project\\Data Engg Project on Emails - OC\\new attempt\\email_project\\logs'}
[0m02:44:42.631533 [debug] [MainThread]: Snowflake adapter: Setting snowflake.connector to ERROR (file logging only)
[0m02:44:42.631533 [debug] [MainThread]: Snowflake adapter: Setting botocore to ERROR (file logging only)
[0m02:44:42.639529 [debug] [MainThread]: Snowflake adapter: Setting boto3 to ERROR (file logging only)
[0m02:44:42.808595 [debug] [MainThread]: Sending event: {'category': 'dbt', 'action': 'project_id', 'label': 'bf6e115d-b87c-4e7a-b649-b848a021e59a', 'context': [<snowplow_tracker.self_describing_json.SelfDescribingJson object at 0x00000273988C97C0>]}
[0m02:44:42.865130 [debug] [MainThread]: Sending event: {'category': 'dbt', 'action': 'adapter_info', 'label': 'bf6e115d-b87c-4e7a-b649-b848a021e59a', 'context': [<snowplow_tracker.self_describing_json.SelfDescribingJson object at 0x0000027398917890>]}
[0m02:44:42.881680 [info ] [MainThread]: Registered adapter: snowflake=1.11.6
[0m02:44:43.168116 [debug] [MainThread]: checksum: 30a8cc8fdcbf66701b0944d4ccce3fa46dd04b61e5df68b9f16d57b2e0e3f0be, vars: {}, profile: , target: , version: 1.11.11
[0m02:44:43.276481 [debug] [MainThread]: Partial parsing enabled: 0 files deleted, 0 files added, 0 files changed.
[0m02:44:43.276481 [debug] [MainThread]: Nothing changed, skipping partial parsing.
[0m02:44:43.276481 [debug] [MainThread]: Partial parsing enabled, no changes found, skipping parsing
[0m02:44:43.308550 [debug] [MainThread]: Sending event: {'category': 'dbt', 'action': 'load_project', 'label': 'bf6e115d-b87c-4e7a-b649-b848a021e59a', 'context': [<snowplow_tracker.self_describing_json.SelfDescribingJson object at 0x0000027395C6B920>]}
[0m02:44:43.386724 [debug] [MainThread]: Wrote artifact WritableManifest to F:\Projects\Data Engg Project\Data Engg Project on Emails - OC\new attempt\email_project\target\manifest.json
[0m02:44:43.386724 [debug] [MainThread]: Wrote artifact SemanticManifest to F:\Projects\Data Engg Project\Data Engg Project on Emails - OC\new attempt\email_project\target\semantic_manifest.json
[0m02:44:43.402829 [debug] [MainThread]: Sending event: {'category': 'dbt', 'action': 'resource_counts', 'label': 'bf6e115d-b87c-4e7a-b649-b848a021e59a', 'context': [<snowplow_tracker.self_describing_json.SelfDescribingJson object at 0x0000027398C7AF00>]}
[0m02:44:43.402829 [info ] [MainThread]: Found 1 model, 1 source, 537 macros
[0m02:44:43.402829 [debug] [MainThread]: Sending event: {'category': 'dbt', 'action': 'runnable_timing', 'label': 'bf6e115d-b87c-4e7a-b649-b848a021e59a', 'context': [<snowplow_tracker.self_describing_json.SelfDescribingJson object at 0x0000027395509280>]}
[0m02:44:43.402829 [info ] [MainThread]: 
[0m02:44:43.402829 [info ] [MainThread]: Concurrency: 1 threads (target='dev')
[0m02:44:43.402829 [info ] [MainThread]: 
[0m02:44:43.402829 [debug] [MainThread]: Acquiring new snowflake connection 'master'
[0m02:44:43.402829 [debug] [ThreadPool]: Acquiring new snowflake connection 'list_email_db'
[0m02:44:43.479341 [debug] [ThreadPool]: Using snowflake connection "list_email_db"
[0m02:44:43.479341 [debug] [ThreadPool]: On list_email_db: show terse schemas in database email_db
    limit 10000
/* {"app": "dbt", "dbt_version": "1.11.11", "profile_name": "email_project", "target_name": "dev", "connection_name": "list_email_db"} */
[0m02:44:43.479341 [debug] [ThreadPool]: Opening a new connection, currently in state init
[0m02:44:44.597158 [debug] [ThreadPool]: SQL status: SUCCESS 4 in 1.121 seconds
[0m02:44:44.597158 [debug] [ThreadPool]: Acquiring new snowflake connection 'list_email_db_raw_staging'
[0m02:44:44.610233 [debug] [ThreadPool]: Using snowflake connection "list_email_db_raw_staging"
[0m02:44:44.610233 [debug] [ThreadPool]: On list_email_db_raw_staging: show objects in email_db.raw_staging
    limit 10000
    

/* {"app": "dbt", "dbt_version": "1.11.11", "profile_name": "email_project", "target_name": "dev", "connection_name": "list_email_db_raw_staging"} */;
[0m02:44:44.610233 [debug] [ThreadPool]: Opening a new connection, currently in state init
[0m02:44:45.532567 [debug] [ThreadPool]: SQL status: SUCCESS 1 in 0.916 seconds
[0m02:44:45.532567 [debug] [MainThread]: Sending event: {'category': 'dbt', 'action': 'runnable_timing', 'label': 'bf6e115d-b87c-4e7a-b649-b848a021e59a', 'context': [<snowplow_tracker.self_describing_json.SelfDescribingJson object at 0x0000027399313E30>]}
[0m02:44:45.532567 [debug] [Thread-2 (]: Began running node model.email_project.stg_gmail_data
[0m02:44:45.532567 [info ] [Thread-2 (]: 1 of 1 START sql view model raw_staging.stg_gmail_data ......................... [RUN]
[0m02:44:45.532567 [debug] [Thread-2 (]: Acquiring new snowflake connection 'model.email_project.stg_gmail_data'
[0m02:44:45.532567 [debug] [Thread-2 (]: Began compiling node model.email_project.stg_gmail_data
[0m02:44:45.551846 [debug] [Thread-2 (]: Writing injected SQL for node "model.email_project.stg_gmail_data"
[0m02:44:45.552371 [debug] [Thread-2 (]: Began executing node model.email_project.stg_gmail_data
[0m02:44:45.580208 [debug] [Thread-2 (]: Writing runtime sql for node "model.email_project.stg_gmail_data"
[0m02:44:45.583862 [debug] [Thread-2 (]: Using snowflake connection "model.email_project.stg_gmail_data"
[0m02:44:45.583862 [debug] [Thread-2 (]: On model.email_project.stg_gmail_data: create or replace   view email_db.raw_staging.stg_gmail_data
  
  
  
  
  as (
    
with msg_rank as(
    SELECT 
        MESSAGE_ID,
        SENDER_RAW,
        LOWER(SENDER_EMAIL) AS sender_email,
        SENDER_DISPLAY_NAME,
        SENDER_DOMAIN,
        SENDER_DOMAIN_TYPE,
        CASE
            WHEN CC IS NULL THEN 'None'
            ELSE CC
        END AS CC,
        RECIPIENT_COUNT,    
        SUBJECT,    
        TO_DATE(FULL_DATE ,'DD/MM/YYYY') as email_date,
        --YEAR,
        --QUARTER,
        --MONTH,
        --MONTH_NAME,
        --WEEK,
        DAY_OF_WEEK,
        --DAY_NAME,
        --IS_WEEKEND,    
        --FULL_TIME,
        --HOUR,
        --MINUTE,
        --AM_PM,
        --TIME_BUCKET,
        FOLDER,
        ALL_LABELS,    
        SIZE_BYTES,
        ATTACHMENT_COUNT,
        HAS_ATTACHMENTS,  
        IS_READ,
        IS_STARRED,
        IS_REPLIED,   
        THREAD_SUBJECT,
        TO_TIMESTAMP(THREAD_FIRST_MESSAGE_AT, 'DD/MM/YYYY HH24:MI') AS THREAD_FIRST_MESSAGE_AT,    
        --THREAD_DURATION_SEC,       
        THREAD_PARTICIPANT_COUNT,
        RANK () OVER (PARTITION BY MESSAGE_ID ORDER BY FULL_DATE desc) AS rnk
    from email_db.raw.gmail_data
)
SELECT         
        MESSAGE_ID,
        SENDER_RAW,
        sender_email,
        SENDER_DISPLAY_NAME,
        SENDER_DOMAIN,
        SENDER_DOMAIN_TYPE,
        CC,
        RECIPIENT_COUNT,    
        SUBJECT,    
        email_date,
        --YEAR,
        --QUARTER,
        --MONTH,
        --MONTH_NAME,
        --WEEK,
        DAY_OF_WEEK,
        --DAY_NAME,
        --IS_WEEKEND,    
        --FULL_TIME,
        --HOUR,
        --MINUTE,
        --AM_PM,
        --TIME_BUCKET,
        FOLDER,
        ALL_LABELS,    
        SIZE_BYTES,
        ATTACHMENT_COUNT,
        HAS_ATTACHMENTS,  
        IS_READ,
        IS_STARRED,
        IS_REPLIED,   
        THREAD_SUBJECT,
        THREAD_FIRST_MESSAGE_AT,    
        --THREAD_DURATION_SEC,        
        THREAD_PARTICIPANT_COUNT, 
    FROM msg_rank WHERE rnk = 1
  )
/* {"app": "dbt", "dbt_version": "1.11.11", "profile_name": "email_project", "target_name": "dev", "node_id": "model.email_project.stg_gmail_data"} */;
[0m02:44:45.583862 [debug] [Thread-2 (]: Opening a new connection, currently in state init
[0m02:44:47.873427 [debug] [Thread-2 (]: SQL status: SUCCESS 1 in 2.291 seconds
[0m02:44:47.903339 [debug] [Thread-2 (]: Sending event: {'category': 'dbt', 'action': 'run_model', 'label': 'bf6e115d-b87c-4e7a-b649-b848a021e59a', 'context': [<snowplow_tracker.self_describing_json.SelfDescribingJson object at 0x000002739650DD90>]}
[0m02:44:47.903339 [info ] [Thread-2 (]: 1 of 1 OK created sql view model raw_staging.stg_gmail_data .................... [[32mSUCCESS 1[0m in 2.36s]
[0m02:44:47.903339 [debug] [Thread-2 (]: Finished running node model.email_project.stg_gmail_data
[0m02:44:47.903339 [debug] [MainThread]: Connection 'master' was properly closed.
[0m02:44:47.903339 [debug] [MainThread]: Connection 'list_email_db' was left open.
[0m02:44:47.903339 [debug] [MainThread]: On list_email_db: Close
[0m02:44:48.064799 [debug] [MainThread]: Connection 'list_email_db_raw_staging' was left open.
[0m02:44:48.064799 [debug] [MainThread]: On list_email_db_raw_staging: Close
[0m02:44:49.479092 [debug] [MainThread]: Connection 'model.email_project.stg_gmail_data' was left open.
[0m02:44:49.479092 [debug] [MainThread]: On model.email_project.stg_gmail_data: Close
[0m02:44:49.620519 [info ] [MainThread]: 
[0m02:44:49.636326 [info ] [MainThread]: Finished running 1 view model in 0 hours 0 minutes and 6.22 seconds (6.22s).
[0m02:44:49.636326 [debug] [MainThread]: Command end result
[0m02:44:49.667562 [debug] [MainThread]: Wrote artifact WritableManifest to F:\Projects\Data Engg Project\Data Engg Project on Emails - OC\new attempt\email_project\target\manifest.json
[0m02:44:49.670570 [debug] [MainThread]: Wrote artifact SemanticManifest to F:\Projects\Data Engg Project\Data Engg Project on Emails - OC\new attempt\email_project\target\semantic_manifest.json
[0m02:44:49.673904 [debug] [MainThread]: Wrote artifact RunExecutionResult to F:\Projects\Data Engg Project\Data Engg Project on Emails - OC\new attempt\email_project\target\run_results.json
[0m02:44:49.673904 [info ] [MainThread]: 
[0m02:44:49.673904 [info ] [MainThread]: [32mCompleted successfully[0m
[0m02:44:49.673904 [info ] [MainThread]: 
[0m02:44:49.673904 [info ] [MainThread]: Done. PASS=1 WARN=0 ERROR=0 SKIP=0 NO-OP=0 TOTAL=1
[0m02:44:49.680667 [debug] [MainThread]: Command `dbt run` succeeded at 02:44:49.680667 after 7.73 seconds
[0m02:44:49.681596 [debug] [MainThread]: Sending event: {'category': 'dbt', 'action': 'invocation', 'label': 'end', 'context': [<snowplow_tracker.self_describing_json.SelfDescribingJson object at 0x00000273956B9C40>, <snowplow_tracker.self_describing_json.SelfDescribingJson object at 0x0000027396310800>, <snowplow_tracker.self_describing_json.SelfDescribingJson object at 0x000002739594E300>]}
[0m02:44:49.681596 [debug] [MainThread]: Flushing usage events
[0m02:44:51.289415 [debug] [MainThread]: An error was encountered while trying to flush usage events
[0m12:29:55.466170 [debug] [MainThread]: Sending event: {'category': 'dbt', 'action': 'invocation', 'label': 'start', 'context': [<snowplow_tracker.self_describing_json.SelfDescribingJson object at 0x000001930A37B950>, <snowplow_tracker.self_describing_json.SelfDescribingJson object at 0x000001930D5848F0>, <snowplow_tracker.self_describing_json.SelfDescribingJson object at 0x000001930D584740>]}


============================== 12:29:55.470168 | 585e58d1-d294-40b6-8fd6-80eeb3a3e02b ==============================
[0m12:29:55.470168 [info ] [MainThread]: Running with dbt=1.11.11
[0m12:29:55.471178 [debug] [MainThread]: running dbt with arguments {'version_check': 'True', 'no_print': 'None', 'static_parser': 'True', 'warn_error_options': 'WarnErrorOptionsV2(error=[], warn=[], silence=[])', 'target_path': 'None', 'printer_width': '80', 'write_json': 'True', 'introspect': 'True', 'log_cache_events': 'False', 'empty': 'None', 'cache_selected_only': 'False', 'log_format': 'default', 'debug': 'False', 'fail_fast': 'False', 'profiles_dir': 'C:\\Users\\61452\\.dbt', 'send_anonymous_usage_stats': 'True', 'quiet': 'False', 'warn_error': 'None', 'partial_parse': 'True', 'indirect_selection': 'eager', 'use_colors': 'True', 'invocation_command': 'dbt ', 'use_experimental_parser': 'False', 'log_path': 'f:\\Projects\\Data Engg Project\\Data Engg Project on Emails - OC\\new attempt\\email_project\\logs'}
[0m12:29:55.641425 [debug] [MainThread]: Sending event: {'category': 'dbt', 'action': 'project_id', 'label': '585e58d1-d294-40b6-8fd6-80eeb3a3e02b', 'context': [<snowplow_tracker.self_describing_json.SelfDescribingJson object at 0x000001930F3DF770>]}
[0m12:29:55.670007 [info ] [MainThread]: Warning: No packages were found in packages.yml
[0m12:29:55.671003 [info ] [MainThread]: Warning: No packages were found in packages.yml
[0m12:29:55.672989 [debug] [MainThread]: Command `cli deps` succeeded at 12:29:55.671991 after 0.35 seconds
[0m12:29:55.672989 [debug] [MainThread]: Sending event: {'category': 'dbt', 'action': 'invocation', 'label': 'end', 'context': [<snowplow_tracker.self_describing_json.SelfDescribingJson object at 0x000001930D328CE0>, <snowplow_tracker.self_describing_json.SelfDescribingJson object at 0x000001930DFA79B0>, <snowplow_tracker.self_describing_json.SelfDescribingJson object at 0x000001930DFA7FB0>]}
[0m12:29:55.672989 [debug] [MainThread]: Flushing usage events
[0m12:29:57.044852 [debug] [MainThread]: An error was encountered while trying to flush usage events
[0m12:39:22.111792 [debug] [MainThread]: Sending event: {'category': 'dbt', 'action': 'invocation', 'label': 'start', 'context': [<snowplow_tracker.self_describing_json.SelfDescribingJson object at 0x000002385532B890>, <snowplow_tracker.self_describing_json.SelfDescribingJson object at 0x0000023851C9AED0>, <snowplow_tracker.self_describing_json.SelfDescribingJson object at 0x0000023854CAA9F0>]}


============================== 12:39:22.111792 | f119b5d4-98aa-4be0-b23a-0684a4211f54 ==============================
[0m12:39:22.111792 [info ] [MainThread]: Running with dbt=1.11.11
[0m12:39:22.111792 [debug] [MainThread]: running dbt with arguments {'static_parser': 'True', 'no_print': 'None', 'version_check': 'True', 'warn_error_options': 'WarnErrorOptionsV2(error=[], warn=[], silence=[])', 'target_path': 'None', 'printer_width': '80', 'write_json': 'True', 'introspect': 'True', 'log_cache_events': 'False', 'empty': 'False', 'cache_selected_only': 'False', 'log_format': 'default', 'debug': 'False', 'fail_fast': 'False', 'profiles_dir': 'C:\\Users\\61452\\.dbt', 'send_anonymous_usage_stats': 'True', 'quiet': 'False', 'warn_error': 'None', 'partial_parse': 'True', 'use_colors': 'True', 'invocation_command': 'dbt run', 'indirect_selection': 'eager', 'use_experimental_parser': 'False', 'log_path': 'F:\\Projects\\Data Engg Project\\Data Engg Project on Emails - OC\\new attempt\\email_project\\logs'}
[0m12:39:22.553331 [debug] [MainThread]: Snowflake adapter: Setting snowflake.connector to ERROR (file logging only)
[0m12:39:22.553331 [debug] [MainThread]: Snowflake adapter: Setting botocore to ERROR (file logging only)
[0m12:39:22.553331 [debug] [MainThread]: Snowflake adapter: Setting boto3 to ERROR (file logging only)
[0m12:39:22.756237 [debug] [MainThread]: Sending event: {'category': 'dbt', 'action': 'project_id', 'label': 'f119b5d4-98aa-4be0-b23a-0684a4211f54', 'context': [<snowplow_tracker.self_describing_json.SelfDescribingJson object at 0x0000023855BBFA70>]}
[0m12:39:22.828058 [debug] [MainThread]: Sending event: {'category': 'dbt', 'action': 'adapter_info', 'label': 'f119b5d4-98aa-4be0-b23a-0684a4211f54', 'context': [<snowplow_tracker.self_describing_json.SelfDescribingJson object at 0x0000023856BC1E50>]}
[0m12:39:22.828058 [info ] [MainThread]: Registered adapter: snowflake=1.11.6
[0m12:39:23.273567 [debug] [MainThread]: checksum: 30a8cc8fdcbf66701b0944d4ccce3fa46dd04b61e5df68b9f16d57b2e0e3f0be, vars: {}, profile: , target: , version: 1.11.11
[0m12:39:23.409648 [debug] [MainThread]: Partial parsing enabled: 0 files deleted, 0 files added, 0 files changed.
[0m12:39:23.409648 [debug] [MainThread]: Nothing changed, skipping partial parsing.
[0m12:39:23.409648 [debug] [MainThread]: Partial parsing enabled, no changes found, skipping parsing
[0m12:39:23.441468 [debug] [MainThread]: Sending event: {'category': 'dbt', 'action': 'load_project', 'label': 'f119b5d4-98aa-4be0-b23a-0684a4211f54', 'context': [<snowplow_tracker.self_describing_json.SelfDescribingJson object at 0x0000023858089790>]}
[0m12:39:23.521401 [debug] [MainThread]: Wrote artifact WritableManifest to F:\Projects\Data Engg Project\Data Engg Project on Emails - OC\new attempt\email_project\target\manifest.json
[0m12:39:23.554724 [debug] [MainThread]: Wrote artifact SemanticManifest to F:\Projects\Data Engg Project\Data Engg Project on Emails - OC\new attempt\email_project\target\semantic_manifest.json
[0m12:39:23.554724 [debug] [MainThread]: Sending event: {'category': 'dbt', 'action': 'resource_counts', 'label': 'f119b5d4-98aa-4be0-b23a-0684a4211f54', 'context': [<snowplow_tracker.self_describing_json.SelfDescribingJson object at 0x000002385831EE70>]}
[0m12:39:23.554724 [info ] [MainThread]: Found 2 models, 1 source, 537 macros
[0m12:39:23.554724 [debug] [MainThread]: Sending event: {'category': 'dbt', 'action': 'runnable_timing', 'label': 'f119b5d4-98aa-4be0-b23a-0684a4211f54', 'context': [<snowplow_tracker.self_describing_json.SelfDescribingJson object at 0x000002385826A2A0>]}
[0m12:39:23.569836 [info ] [MainThread]: 
[0m12:39:23.572347 [info ] [MainThread]: Concurrency: 1 threads (target='dev')
[0m12:39:23.572347 [info ] [MainThread]: 
[0m12:39:23.572347 [debug] [MainThread]: Acquiring new snowflake connection 'master'
[0m12:39:23.572347 [debug] [ThreadPool]: Acquiring new snowflake connection 'list_email_db'
[0m12:39:26.927435 [debug] [ThreadPool]: Using snowflake connection "list_email_db"
[0m12:39:26.927435 [debug] [ThreadPool]: On list_email_db: show terse schemas in database email_db
    limit 10000
/* {"app": "dbt", "dbt_version": "1.11.11", "profile_name": "email_project", "target_name": "dev", "connection_name": "list_email_db"} */
[0m12:39:26.927435 [debug] [ThreadPool]: Opening a new connection, currently in state init
[0m12:39:28.295103 [debug] [ThreadPool]: SQL status: SUCCESS 4 in 1.356 seconds
[0m12:39:28.298589 [debug] [ThreadPool]: Acquiring new snowflake connection 'list_email_db_raw'
[0m12:39:28.313460 [debug] [ThreadPool]: Using snowflake connection "list_email_db_raw"
[0m12:39:28.313460 [debug] [ThreadPool]: On list_email_db_raw: show objects in email_db.raw
    limit 10000
    

/* {"app": "dbt", "dbt_version": "1.11.11", "profile_name": "email_project", "target_name": "dev", "connection_name": "list_email_db_raw"} */;
[0m12:39:28.313460 [debug] [ThreadPool]: Opening a new connection, currently in state init
[0m12:39:28.901147 [debug] [ThreadPool]: SQL status: SUCCESS 1 in 0.587 seconds
[0m12:39:28.910472 [debug] [ThreadPool]: Re-using an available connection from the pool (formerly list_email_db_raw, now list_email_db_raw_staging)
[0m12:39:28.913665 [debug] [ThreadPool]: Using snowflake connection "list_email_db_raw_staging"
[0m12:39:28.914663 [debug] [ThreadPool]: On list_email_db_raw_staging: show objects in email_db.raw_staging
    limit 10000
    

/* {"app": "dbt", "dbt_version": "1.11.11", "profile_name": "email_project", "target_name": "dev", "connection_name": "list_email_db_raw_staging"} */;
[0m12:39:29.118198 [debug] [ThreadPool]: SQL status: SUCCESS 1 in 0.206 seconds
[0m12:39:29.130217 [debug] [MainThread]: Sending event: {'category': 'dbt', 'action': 'runnable_timing', 'label': 'f119b5d4-98aa-4be0-b23a-0684a4211f54', 'context': [<snowplow_tracker.self_describing_json.SelfDescribingJson object at 0x000002385875E120>]}
[0m12:39:29.137400 [debug] [Thread-2 (]: Began running node model.email_project.stg_gmail_data
[0m12:39:29.138414 [info ] [Thread-2 (]: 1 of 1 START sql view model raw_staging.stg_gmail_data ......................... [RUN]
[0m12:39:29.139411 [debug] [Thread-2 (]: Acquiring new snowflake connection 'model.email_project.stg_gmail_data'
[0m12:39:29.139411 [debug] [Thread-2 (]: Began compiling node model.email_project.stg_gmail_data
[0m12:39:29.147415 [debug] [Thread-2 (]: Writing injected SQL for node "model.email_project.stg_gmail_data"
[0m12:39:29.149411 [debug] [Thread-2 (]: Began executing node model.email_project.stg_gmail_data
[0m12:39:29.168846 [debug] [Thread-2 (]: Writing runtime sql for node "model.email_project.stg_gmail_data"
[0m12:39:29.182177 [debug] [Thread-2 (]: Using snowflake connection "model.email_project.stg_gmail_data"
[0m12:39:29.182177 [debug] [Thread-2 (]: On model.email_project.stg_gmail_data: create or replace   view email_db.raw_staging.stg_gmail_data
  
  
  
  
  as (
    
with msg_rank as(
    SELECT 
        MESSAGE_ID,
        --SENDER_RAW,
        LOWER(SENDER_EMAIL) AS sender_email,
        SENDER_DISPLAY_NAME AS SENDER_NAME,
        SENDER_DOMAIN,
        SENDER_DOMAIN_TYPE,
        CASE
            WHEN CC IS NULL THEN 'None'
            ELSE CC
        END AS CC,
        RECIPIENT_COUNT,    
        SUBJECT,    
        TO_DATE(FULL_DATE ,'DD/MM/YYYY') as email_date,
        --YEAR,
        --QUARTER,
        --MONTH,
        --MONTH_NAME,
        --WEEK,
        DAY_OF_WEEK,
        --DAY_NAME,
        --IS_WEEKEND,    
        --FULL_TIME,
        --HOUR,
        --MINUTE,
        --AM_PM,
        --TIME_BUCKET,
        FOLDER,
        ALL_LABELS,    
        SIZE_BYTES,
        ATTACHMENT_COUNT,
        HAS_ATTACHMENTS,  
        IS_READ,
        IS_STARRED,
        IS_REPLIED,   
        --THREAD_SUBJECT,
        TO_TIMESTAMP(THREAD_FIRST_MESSAGE_AT, 'DD/MM/YYYY HH24:MI') AS THREAD_FIRST_MESSAGE_AT,    
        --THREAD_DURATION_SEC,       
        THREAD_PARTICIPANT_COUNT,
        RANK () OVER (PARTITION BY MESSAGE_ID ORDER BY FULL_DATE desc) AS rnk
    from email_db.raw.gmail_data
)
SELECT         
        MESSAGE_ID,
        SENDER_NAME,
        sender_email,
        SENDER_DOMAIN,
        SENDER_DOMAIN_TYPE,
        CC,
        RECIPIENT_COUNT,    
        SUBJECT,    
        email_date,
        DAY_OF_WEEK,
        FOLDER,
        ALL_LABELS,    
        SIZE_BYTES,
        ATTACHMENT_COUNT,
        HAS_ATTACHMENTS,  
        IS_READ,
        IS_STARRED,
        IS_REPLIED, 
        THREAD_FIRST_MESSAGE_AT,           
        THREAD_PARTICIPANT_COUNT, 
    FROM msg_rank WHERE rnk = 1
  )
/* {"app": "dbt", "dbt_version": "1.11.11", "profile_name": "email_project", "target_name": "dev", "node_id": "model.email_project.stg_gmail_data"} */;
[0m12:39:29.183164 [debug] [Thread-2 (]: Opening a new connection, currently in state init
[0m12:39:30.019306 [debug] [Thread-2 (]: SQL status: SUCCESS 1 in 0.836 seconds
[0m12:39:30.044060 [debug] [Thread-2 (]: Sending event: {'category': 'dbt', 'action': 'run_model', 'label': 'f119b5d4-98aa-4be0-b23a-0684a4211f54', 'context': [<snowplow_tracker.self_describing_json.SelfDescribingJson object at 0x0000023855BBDFA0>]}
[0m12:39:30.044060 [info ] [Thread-2 (]: 1 of 1 OK created sql view model raw_staging.stg_gmail_data .................... [[32mSUCCESS 1[0m in 0.90s]
[0m12:39:30.044060 [debug] [Thread-2 (]: Finished running node model.email_project.stg_gmail_data
[0m12:39:30.044060 [debug] [MainThread]: Connection 'master' was properly closed.
[0m12:39:30.044060 [debug] [MainThread]: Connection 'list_email_db' was left open.
[0m12:39:30.044060 [debug] [MainThread]: On list_email_db: Close
[0m12:39:30.199541 [debug] [MainThread]: Connection 'list_email_db_raw_staging' was left open.
[0m12:39:30.199541 [debug] [MainThread]: On list_email_db_raw_staging: Close
[0m12:39:30.346324 [debug] [MainThread]: Connection 'model.email_project.stg_gmail_data' was left open.
[0m12:39:30.346324 [debug] [MainThread]: On model.email_project.stg_gmail_data: Close
[0m12:39:30.521329 [info ] [MainThread]: 
[0m12:39:30.521329 [info ] [MainThread]: Finished running 1 view model in 0 hours 0 minutes and 6.95 seconds (6.95s).
[0m12:39:30.522333 [debug] [MainThread]: Command end result
[0m12:39:30.553163 [debug] [MainThread]: Wrote artifact WritableManifest to F:\Projects\Data Engg Project\Data Engg Project on Emails - OC\new attempt\email_project\target\manifest.json
[0m12:39:30.553999 [debug] [MainThread]: Wrote artifact SemanticManifest to F:\Projects\Data Engg Project\Data Engg Project on Emails - OC\new attempt\email_project\target\semantic_manifest.json
[0m12:39:30.566818 [debug] [MainThread]: Wrote artifact RunExecutionResult to F:\Projects\Data Engg Project\Data Engg Project on Emails - OC\new attempt\email_project\target\run_results.json
[0m12:39:30.566818 [info ] [MainThread]: 
[0m12:39:30.566818 [info ] [MainThread]: [32mCompleted successfully[0m
[0m12:39:30.566818 [info ] [MainThread]: 
[0m12:39:30.571211 [info ] [MainThread]: Done. PASS=1 WARN=0 ERROR=0 SKIP=0 NO-OP=0 TOTAL=1
[0m12:39:30.571211 [debug] [MainThread]: Command `dbt run` succeeded at 12:39:30.571211 after 8.60 seconds
[0m12:39:30.571211 [debug] [MainThread]: Sending event: {'category': 'dbt', 'action': 'invocation', 'label': 'end', 'context': [<snowplow_tracker.self_describing_json.SelfDescribingJson object at 0x000002385278C980>, <snowplow_tracker.self_describing_json.SelfDescribingJson object at 0x0000023854EB1C40>, <snowplow_tracker.self_describing_json.SelfDescribingJson object at 0x0000023851B873E0>]}
[0m12:39:30.571211 [debug] [MainThread]: Flushing usage events
[0m12:39:31.679193 [debug] [MainThread]: An error was encountered while trying to flush usage events
[0m12:45:32.735627 [debug] [MainThread]: Sending event: {'category': 'dbt', 'action': 'invocation', 'label': 'start', 'context': [<snowplow_tracker.self_describing_json.SelfDescribingJson object at 0x000001F6D86EBBF0>, <snowplow_tracker.self_describing_json.SelfDescribingJson object at 0x000001F6DC6693A0>, <snowplow_tracker.self_describing_json.SelfDescribingJson object at 0x000001F6DC1B7920>]}


============================== 12:45:32.751770 | b2136992-5fec-4559-ad16-4429fd427336 ==============================
[0m12:45:32.751770 [info ] [MainThread]: Running with dbt=1.11.11
[0m12:45:32.751770 [debug] [MainThread]: running dbt with arguments {'version_check': 'True', 'no_print': 'None', 'static_parser': 'True', 'target_path': 'None', 'warn_error_options': 'WarnErrorOptionsV2(error=[], warn=[], silence=[])', 'printer_width': '80', 'write_json': 'True', 'introspect': 'True', 'log_cache_events': 'False', 'empty': 'False', 'cache_selected_only': 'False', 'log_format': 'default', 'debug': 'False', 'fail_fast': 'False', 'profiles_dir': 'C:\\Users\\61452\\.dbt', 'send_anonymous_usage_stats': 'True', 'quiet': 'False', 'warn_error': 'None', 'partial_parse': 'True', 'indirect_selection': 'eager', 'invocation_command': 'dbt run', 'use_colors': 'True', 'use_experimental_parser': 'False', 'log_path': 'F:\\Projects\\Data Engg Project\\Data Engg Project on Emails - OC\\new attempt\\email_project\\logs'}
[0m12:45:33.125973 [debug] [MainThread]: Snowflake adapter: Setting snowflake.connector to ERROR (file logging only)
[0m12:45:33.125973 [debug] [MainThread]: Snowflake adapter: Setting botocore to ERROR (file logging only)
[0m12:45:33.125973 [debug] [MainThread]: Snowflake adapter: Setting boto3 to ERROR (file logging only)
[0m12:45:33.309317 [debug] [MainThread]: Sending event: {'category': 'dbt', 'action': 'project_id', 'label': 'b2136992-5fec-4559-ad16-4429fd427336', 'context': [<snowplow_tracker.self_describing_json.SelfDescribingJson object at 0x000001F6DDC08590>]}
[0m12:45:33.357340 [debug] [MainThread]: Sending event: {'category': 'dbt', 'action': 'adapter_info', 'label': 'b2136992-5fec-4559-ad16-4429fd427336', 'context': [<snowplow_tracker.self_describing_json.SelfDescribingJson object at 0x000001F6DE6BF0B0>]}
[0m12:45:33.357340 [info ] [MainThread]: Registered adapter: snowflake=1.11.6
[0m12:45:33.643187 [debug] [MainThread]: checksum: 30a8cc8fdcbf66701b0944d4ccce3fa46dd04b61e5df68b9f16d57b2e0e3f0be, vars: {}, profile: , target: , version: 1.11.11
[0m12:45:33.733569 [info ] [MainThread]: Unable to do partial parsing because a project config has changed
[0m12:45:33.735582 [debug] [MainThread]: Sending event: {'category': 'dbt', 'action': 'partial_parser', 'label': 'b2136992-5fec-4559-ad16-4429fd427336', 'context': [<snowplow_tracker.self_describing_json.SelfDescribingJson object at 0x000001F6DF4616D0>]}
[0m12:45:34.727505 [error] [MainThread]: Encountered an error:
Parsing Error
  at path ['materialized']: Undefined is not of type 'string'
[0m12:45:34.727505 [debug] [MainThread]: Command `dbt run` failed at 12:45:34.727505 after 2.17 seconds
[0m12:45:34.731163 [debug] [MainThread]: Sending event: {'category': 'dbt', 'action': 'invocation', 'label': 'end', 'context': [<snowplow_tracker.self_describing_json.SelfDescribingJson object at 0x000001F6DBFA1EB0>, <snowplow_tracker.self_describing_json.SelfDescribingJson object at 0x000001F6DF641160>, <snowplow_tracker.self_describing_json.SelfDescribingJson object at 0x000001F6DF361C70>]}
[0m12:45:34.731163 [debug] [MainThread]: Flushing usage events
[0m12:45:35.907394 [debug] [MainThread]: An error was encountered while trying to flush usage events
[0m12:45:57.055378 [debug] [MainThread]: Sending event: {'category': 'dbt', 'action': 'invocation', 'label': 'start', 'context': [<snowplow_tracker.self_describing_json.SelfDescribingJson object at 0x000002DF9EA21CA0>, <snowplow_tracker.self_describing_json.SelfDescribingJson object at 0x000002DFA06F1C40>, <snowplow_tracker.self_describing_json.SelfDescribingJson object at 0x000002DF9E747770>]}


============================== 12:45:57.055378 | 9486eb15-3cd6-43e1-bb2a-9004eeff3637 ==============================
[0m12:45:57.055378 [info ] [MainThread]: Running with dbt=1.11.11
[0m12:45:57.055378 [debug] [MainThread]: running dbt with arguments {'version_check': 'True', 'no_print': 'None', 'static_parser': 'True', 'warn_error_options': 'WarnErrorOptionsV2(error=[], warn=[], silence=[])', 'target_path': 'None', 'printer_width': '80', 'write_json': 'True', 'empty': 'False', 'log_cache_events': 'False', 'introspect': 'True', 'cache_selected_only': 'False', 'log_format': 'default', 'debug': 'False', 'fail_fast': 'False', 'partial_parse': 'True', 'send_anonymous_usage_stats': 'True', 'quiet': 'False', 'warn_error': 'None', 'profiles_dir': 'C:\\Users\\61452\\.dbt', 'use_colors': 'True', 'indirect_selection': 'eager', 'invocation_command': 'dbt run', 'use_experimental_parser': 'False', 'log_path': 'F:\\Projects\\Data Engg Project\\Data Engg Project on Emails - OC\\new attempt\\email_project\\logs'}
[0m12:45:57.426930 [debug] [MainThread]: Snowflake adapter: Setting snowflake.connector to ERROR (file logging only)
[0m12:45:57.426930 [debug] [MainThread]: Snowflake adapter: Setting botocore to ERROR (file logging only)
[0m12:45:57.426930 [debug] [MainThread]: Snowflake adapter: Setting boto3 to ERROR (file logging only)
[0m12:45:57.616190 [debug] [MainThread]: Sending event: {'category': 'dbt', 'action': 'project_id', 'label': '9486eb15-3cd6-43e1-bb2a-9004eeff3637', 'context': [<snowplow_tracker.self_describing_json.SelfDescribingJson object at 0x000002DFA3466420>]}
[0m12:45:57.673028 [debug] [MainThread]: Sending event: {'category': 'dbt', 'action': 'adapter_info', 'label': '9486eb15-3cd6-43e1-bb2a-9004eeff3637', 'context': [<snowplow_tracker.self_describing_json.SelfDescribingJson object at 0x000002DFA36A66F0>]}
[0m12:45:57.675045 [info ] [MainThread]: Registered adapter: snowflake=1.11.6
[0m12:45:57.955894 [debug] [MainThread]: checksum: 30a8cc8fdcbf66701b0944d4ccce3fa46dd04b61e5df68b9f16d57b2e0e3f0be, vars: {}, profile: , target: , version: 1.11.11
[0m12:45:58.018604 [info ] [MainThread]: Unable to do partial parsing because a project config has changed
[0m12:45:58.034400 [debug] [MainThread]: Sending event: {'category': 'dbt', 'action': 'partial_parser', 'label': '9486eb15-3cd6-43e1-bb2a-9004eeff3637', 'context': [<snowplow_tracker.self_describing_json.SelfDescribingJson object at 0x000002DFA0C55DC0>]}
[0m12:45:59.261343 [debug] [MainThread]: Sending event: {'category': 'dbt', 'action': 'load_project', 'label': '9486eb15-3cd6-43e1-bb2a-9004eeff3637', 'context': [<snowplow_tracker.self_describing_json.SelfDescribingJson object at 0x000002DFA4001790>]}
[0m12:45:59.325278 [debug] [MainThread]: Wrote artifact WritableManifest to F:\Projects\Data Engg Project\Data Engg Project on Emails - OC\new attempt\email_project\target\manifest.json
[0m12:45:59.341002 [debug] [MainThread]: Wrote artifact SemanticManifest to F:\Projects\Data Engg Project\Data Engg Project on Emails - OC\new attempt\email_project\target\semantic_manifest.json
[0m12:45:59.341002 [debug] [MainThread]: Sending event: {'category': 'dbt', 'action': 'resource_counts', 'label': '9486eb15-3cd6-43e1-bb2a-9004eeff3637', 'context': [<snowplow_tracker.self_describing_json.SelfDescribingJson object at 0x000002DFA39A5F10>]}
[0m12:45:59.341002 [info ] [MainThread]: Found 2 models, 1 source, 537 macros
[0m12:45:59.341002 [debug] [MainThread]: Sending event: {'category': 'dbt', 'action': 'runnable_timing', 'label': '9486eb15-3cd6-43e1-bb2a-9004eeff3637', 'context': [<snowplow_tracker.self_describing_json.SelfDescribingJson object at 0x000002DFA3CD49E0>]}
[0m12:45:59.356692 [info ] [MainThread]: 
[0m12:45:59.356692 [info ] [MainThread]: Concurrency: 1 threads (target='dev')
[0m12:45:59.356692 [info ] [MainThread]: 
[0m12:45:59.359210 [debug] [MainThread]: Acquiring new snowflake connection 'master'
[0m12:45:59.363855 [debug] [ThreadPool]: Acquiring new snowflake connection 'list_email_db'
[0m12:45:59.434129 [debug] [ThreadPool]: Using snowflake connection "list_email_db"
[0m12:45:59.434129 [debug] [ThreadPool]: On list_email_db: show terse schemas in database email_db
    limit 10000
/* {"app": "dbt", "dbt_version": "1.11.11", "profile_name": "email_project", "target_name": "dev", "connection_name": "list_email_db"} */
[0m12:45:59.435126 [debug] [ThreadPool]: Opening a new connection, currently in state init
[0m12:46:04.779526 [debug] [ThreadPool]: SQL status: SUCCESS 4 in 5.346 seconds
[0m12:46:04.779526 [debug] [ThreadPool]: Using snowflake connection "list_email_db"
[0m12:46:04.779526 [debug] [ThreadPool]: On list_email_db: show terse schemas in database email_db
    limit 10000
/* {"app": "dbt", "dbt_version": "1.11.11", "profile_name": "email_project", "target_name": "dev", "connection_name": "list_email_db"} */
[0m12:46:04.948689 [debug] [ThreadPool]: SQL status: SUCCESS 4 in 0.162 seconds
[0m12:46:04.948689 [debug] [ThreadPool]: Re-using an available connection from the pool (formerly list_email_db, now create_email_db_raw_warehouseWH)
[0m12:46:04.958857 [debug] [ThreadPool]: Creating schema "database: "email_db"
schema: "raw_warehouseWH"
"
[0m12:46:04.964498 [debug] [ThreadPool]: Using snowflake connection "create_email_db_raw_warehouseWH"
[0m12:46:04.964498 [debug] [ThreadPool]: On create_email_db_raw_warehouseWH: create schema if not exists email_db.raw_warehouseWH
/* {"app": "dbt", "dbt_version": "1.11.11", "profile_name": "email_project", "target_name": "dev", "connection_name": "create_email_db_raw_warehouseWH"} */
[0m12:46:05.143205 [debug] [ThreadPool]: SQL status: SUCCESS 1 in 0.187 seconds
[0m12:46:05.143205 [debug] [ThreadPool]: Acquiring new snowflake connection 'list_email_db_raw_warehouseWH'
[0m12:46:05.161021 [debug] [ThreadPool]: Using snowflake connection "list_email_db_raw_warehouseWH"
[0m12:46:05.161021 [debug] [ThreadPool]: On list_email_db_raw_warehouseWH: show objects in email_db.raw_warehouseWH
    limit 10000
    

/* {"app": "dbt", "dbt_version": "1.11.11", "profile_name": "email_project", "target_name": "dev", "connection_name": "list_email_db_raw_warehouseWH"} */;
[0m12:46:05.161021 [debug] [ThreadPool]: Opening a new connection, currently in state init
[0m12:46:05.885461 [debug] [ThreadPool]: SQL status: SUCCESS 0 in 0.717 seconds
[0m12:46:05.885461 [debug] [ThreadPool]: Re-using an available connection from the pool (formerly list_email_db_raw_warehouseWH, now list_email_db_raw_staging)
[0m12:46:05.885461 [debug] [ThreadPool]: Using snowflake connection "list_email_db_raw_staging"
[0m12:46:05.885461 [debug] [ThreadPool]: On list_email_db_raw_staging: show objects in email_db.raw_staging
    limit 10000
    

/* {"app": "dbt", "dbt_version": "1.11.11", "profile_name": "email_project", "target_name": "dev", "connection_name": "list_email_db_raw_staging"} */;
[0m12:46:06.061797 [debug] [ThreadPool]: SQL status: SUCCESS 1 in 0.176 seconds
[0m12:46:06.061797 [debug] [MainThread]: Sending event: {'category': 'dbt', 'action': 'runnable_timing', 'label': '9486eb15-3cd6-43e1-bb2a-9004eeff3637', 'context': [<snowplow_tracker.self_describing_json.SelfDescribingJson object at 0x000002DFA3E51730>]}
[0m12:46:06.061797 [debug] [Thread-2 (]: Began running node model.email_project.stg_gmail_data
[0m12:46:06.061797 [info ] [Thread-2 (]: 1 of 2 START sql view model raw_staging.stg_gmail_data ......................... [RUN]
[0m12:46:06.061797 [debug] [Thread-2 (]: Acquiring new snowflake connection 'model.email_project.stg_gmail_data'
[0m12:46:06.077760 [debug] [Thread-2 (]: Began compiling node model.email_project.stg_gmail_data
[0m12:46:06.077760 [debug] [Thread-2 (]: Writing injected SQL for node "model.email_project.stg_gmail_data"
[0m12:46:06.077760 [debug] [Thread-2 (]: Began executing node model.email_project.stg_gmail_data
[0m12:46:06.114306 [debug] [Thread-2 (]: Writing runtime sql for node "model.email_project.stg_gmail_data"
[0m12:46:06.117511 [debug] [Thread-2 (]: Using snowflake connection "model.email_project.stg_gmail_data"
[0m12:46:06.118117 [debug] [Thread-2 (]: On model.email_project.stg_gmail_data: create or replace   view email_db.raw_staging.stg_gmail_data
  
  
  
  
  as (
    
with msg_rank as(
    SELECT 
        MESSAGE_ID,
        --SENDER_RAW,
        LOWER(SENDER_EMAIL) AS sender_email,
        SENDER_DISPLAY_NAME AS SENDER_NAME,
        SENDER_DOMAIN,
        SENDER_DOMAIN_TYPE,
        CASE
            WHEN CC IS NULL THEN 'None'
            ELSE CC
        END AS CC,
        RECIPIENT_COUNT,    
        SUBJECT,    
        TO_DATE(FULL_DATE ,'DD/MM/YYYY') as email_date,
        --YEAR,
        --QUARTER,
        --MONTH,
        --MONTH_NAME,
        --WEEK,
        DAY_OF_WEEK,
        --DAY_NAME,
        --IS_WEEKEND,    
        --FULL_TIME,
        --HOUR,
        --MINUTE,
        --AM_PM,
        --TIME_BUCKET,
        FOLDER,
        ALL_LABELS,    
        SIZE_BYTES,
        ATTACHMENT_COUNT,
        HAS_ATTACHMENTS,  
        IS_READ,
        IS_STARRED,
        IS_REPLIED,   
        --THREAD_SUBJECT,
        TO_TIMESTAMP(THREAD_FIRST_MESSAGE_AT, 'DD/MM/YYYY HH24:MI') AS THREAD_FIRST_MESSAGE_AT,    
        --THREAD_DURATION_SEC,       
        THREAD_PARTICIPANT_COUNT,
        RANK () OVER (PARTITION BY MESSAGE_ID ORDER BY FULL_DATE desc) AS rnk
    from email_db.raw.gmail_data
)
SELECT         
        MESSAGE_ID,
        SENDER_NAME,
        sender_email,
        SENDER_DOMAIN,
        SENDER_DOMAIN_TYPE,
        CC,
        RECIPIENT_COUNT,    
        SUBJECT,    
        email_date,
        DAY_OF_WEEK,
        FOLDER,
        ALL_LABELS,    
        SIZE_BYTES,
        ATTACHMENT_COUNT,
        HAS_ATTACHMENTS,  
        IS_READ,
        IS_STARRED,
        IS_REPLIED, 
        THREAD_FIRST_MESSAGE_AT,           
        THREAD_PARTICIPANT_COUNT, 
    FROM msg_rank WHERE rnk = 1
  )
/* {"app": "dbt", "dbt_version": "1.11.11", "profile_name": "email_project", "target_name": "dev", "node_id": "model.email_project.stg_gmail_data"} */;
[0m12:46:06.118889 [debug] [Thread-2 (]: Opening a new connection, currently in state init
[0m12:46:07.291891 [debug] [Thread-2 (]: SQL status: SUCCESS 1 in 1.177 seconds
[0m12:46:07.326058 [debug] [Thread-2 (]: Sending event: {'category': 'dbt', 'action': 'run_model', 'label': '9486eb15-3cd6-43e1-bb2a-9004eeff3637', 'context': [<snowplow_tracker.self_describing_json.SelfDescribingJson object at 0x000002DFA0574B90>]}
[0m12:46:07.326058 [info ] [Thread-2 (]: 1 of 2 OK created sql view model raw_staging.stg_gmail_data .................... [[32mSUCCESS 1[0m in 1.26s]
[0m12:46:07.326058 [debug] [Thread-2 (]: Finished running node model.email_project.stg_gmail_data
[0m12:46:07.339733 [debug] [Thread-2 (]: Began running node model.email_project.sender_dim
[0m12:46:07.339733 [info ] [Thread-2 (]: 2 of 2 START sql table model raw_warehouseWH.sender_dim ........................ [RUN]
[0m12:46:07.341744 [debug] [Thread-2 (]: Re-using an available connection from the pool (formerly model.email_project.stg_gmail_data, now model.email_project.sender_dim)
[0m12:46:07.341744 [debug] [Thread-2 (]: Began compiling node model.email_project.sender_dim
[0m12:46:07.341744 [debug] [Thread-2 (]: Writing injected SQL for node "model.email_project.sender_dim"
[0m12:46:07.341744 [debug] [Thread-2 (]: Began executing node model.email_project.sender_dim
[0m12:46:07.372546 [debug] [Thread-2 (]: Writing runtime sql for node "model.email_project.sender_dim"
[0m12:46:07.382292 [debug] [Thread-2 (]: Using snowflake connection "model.email_project.sender_dim"
[0m12:46:07.386367 [debug] [Thread-2 (]: On model.email_project.sender_dim: create or replace transient table email_db.raw_warehouseWH.sender_dim
    
    
    
    as (

SELECT 
SENDER_NAME,
sender_email,
SENDER_DOMAIN_TYPE
FROM email_db.raw_staging.stg_gmail_data
    )

/* {"app": "dbt", "dbt_version": "1.11.11", "profile_name": "email_project", "target_name": "dev", "node_id": "model.email_project.sender_dim"} */;
[0m12:46:08.044683 [debug] [Thread-2 (]: SQL status: SUCCESS 5672 in 0.659 seconds
[0m12:46:08.044683 [debug] [Thread-2 (]: Sending event: {'category': 'dbt', 'action': 'run_model', 'label': '9486eb15-3cd6-43e1-bb2a-9004eeff3637', 'context': [<snowplow_tracker.self_describing_json.SelfDescribingJson object at 0x000002DFA558A120>]}
[0m12:46:08.044683 [info ] [Thread-2 (]: 2 of 2 OK created sql table model raw_warehouseWH.sender_dim ................... [[32mSUCCESS 5672[0m in 0.70s]
[0m12:46:08.044683 [debug] [Thread-2 (]: Finished running node model.email_project.sender_dim
[0m12:46:08.044683 [debug] [MainThread]: Connection 'master' was properly closed.
[0m12:46:08.044683 [debug] [MainThread]: Connection 'create_email_db_raw_warehouseWH' was left open.
[0m12:46:08.044683 [debug] [MainThread]: On create_email_db_raw_warehouseWH: Close
[0m12:46:08.293596 [debug] [MainThread]: Connection 'list_email_db_raw_staging' was left open.
[0m12:46:08.309290 [debug] [MainThread]: On list_email_db_raw_staging: Close
[0m12:46:08.495900 [debug] [MainThread]: Connection 'model.email_project.sender_dim' was left open.
[0m12:46:08.495900 [debug] [MainThread]: On model.email_project.sender_dim: Close
[0m12:46:08.688383 [info ] [MainThread]: 
[0m12:46:08.688383 [info ] [MainThread]: Finished running 1 table model, 1 view model in 0 hours 0 minutes and 9.33 seconds (9.33s).
[0m12:46:08.688383 [debug] [MainThread]: Command end result
[0m12:46:08.720072 [debug] [MainThread]: Wrote artifact WritableManifest to F:\Projects\Data Engg Project\Data Engg Project on Emails - OC\new attempt\email_project\target\manifest.json
[0m12:46:08.720072 [debug] [MainThread]: Wrote artifact SemanticManifest to F:\Projects\Data Engg Project\Data Engg Project on Emails - OC\new attempt\email_project\target\semantic_manifest.json
[0m12:46:08.730502 [debug] [MainThread]: Wrote artifact RunExecutionResult to F:\Projects\Data Engg Project\Data Engg Project on Emails - OC\new attempt\email_project\target\run_results.json
[0m12:46:08.730502 [info ] [MainThread]: 
[0m12:46:08.730502 [info ] [MainThread]: [32mCompleted successfully[0m
[0m12:46:08.733984 [info ] [MainThread]: 
[0m12:46:08.733984 [info ] [MainThread]: Done. PASS=2 WARN=0 ERROR=0 SKIP=0 NO-OP=0 TOTAL=2
[0m12:46:08.733984 [debug] [MainThread]: Command `dbt run` succeeded at 12:46:08.733984 after 11.81 seconds
[0m12:46:08.735998 [debug] [MainThread]: Sending event: {'category': 'dbt', 'action': 'invocation', 'label': 'end', 'context': [<snowplow_tracker.self_describing_json.SelfDescribingJson object at 0x000002DFA1330560>, <snowplow_tracker.self_describing_json.SelfDescribingJson object at 0x000002DF9E9798B0>, <snowplow_tracker.self_describing_json.SelfDescribingJson object at 0x000002DFA0C87B90>]}
[0m12:46:08.735998 [debug] [MainThread]: Flushing usage events
[0m12:46:09.973906 [debug] [MainThread]: An error was encountered while trying to flush usage events
[0m12:47:54.392440 [debug] [MainThread]: Sending event: {'category': 'dbt', 'action': 'invocation', 'label': 'start', 'context': [<snowplow_tracker.self_describing_json.SelfDescribingJson object at 0x000002548CE918E0>, <snowplow_tracker.self_describing_json.SelfDescribingJson object at 0x000002548CC8CC20>, <snowplow_tracker.self_describing_json.SelfDescribingJson object at 0x000002548CC8D790>]}


============================== 12:47:54.392440 | 725fdafa-16f3-4644-9a39-c5a13cdaa886 ==============================
[0m12:47:54.392440 [info ] [MainThread]: Running with dbt=1.11.11
[0m12:47:54.392440 [debug] [MainThread]: running dbt with arguments {'static_parser': 'True', 'no_print': 'None', 'version_check': 'True', 'target_path': 'None', 'warn_error_options': 'WarnErrorOptionsV2(error=[], warn=[], silence=[])', 'printer_width': '80', 'write_json': 'True', 'introspect': 'True', 'log_cache_events': 'False', 'empty': 'False', 'cache_selected_only': 'False', 'log_format': 'default', 'debug': 'False', 'fail_fast': 'False', 'partial_parse': 'True', 'send_anonymous_usage_stats': 'True', 'quiet': 'False', 'warn_error': 'None', 'profiles_dir': 'C:\\Users\\61452\\.dbt', 'indirect_selection': 'eager', 'use_colors': 'True', 'invocation_command': 'dbt run', 'use_experimental_parser': 'False', 'log_path': 'F:\\Projects\\Data Engg Project\\Data Engg Project on Emails - OC\\new attempt\\email_project\\logs'}
[0m12:47:54.777488 [debug] [MainThread]: Snowflake adapter: Setting snowflake.connector to ERROR (file logging only)
[0m12:47:54.777488 [debug] [MainThread]: Snowflake adapter: Setting botocore to ERROR (file logging only)
[0m12:47:54.777488 [debug] [MainThread]: Snowflake adapter: Setting boto3 to ERROR (file logging only)
[0m12:47:54.945756 [debug] [MainThread]: Sending event: {'category': 'dbt', 'action': 'project_id', 'label': '725fdafa-16f3-4644-9a39-c5a13cdaa886', 'context': [<snowplow_tracker.self_describing_json.SelfDescribingJson object at 0x000002548C3240E0>]}
[0m12:47:55.017767 [debug] [MainThread]: Sending event: {'category': 'dbt', 'action': 'adapter_info', 'label': '725fdafa-16f3-4644-9a39-c5a13cdaa886', 'context': [<snowplow_tracker.self_describing_json.SelfDescribingJson object at 0x000002548F2C8380>]}
[0m12:47:55.017767 [info ] [MainThread]: Registered adapter: snowflake=1.11.6
[0m12:47:55.310818 [debug] [MainThread]: checksum: 30a8cc8fdcbf66701b0944d4ccce3fa46dd04b61e5df68b9f16d57b2e0e3f0be, vars: {}, profile: , target: , version: 1.11.11
[0m12:47:55.428971 [debug] [MainThread]: Partial parsing enabled: 0 files deleted, 0 files added, 1 files changed.
[0m12:47:55.428971 [debug] [MainThread]: Partial parsing: updated file: email_project://models\warehouse\sender_dim.sql
[0m12:47:55.678454 [debug] [MainThread]: Sending event: {'category': 'dbt', 'action': 'load_project', 'label': '725fdafa-16f3-4644-9a39-c5a13cdaa886', 'context': [<snowplow_tracker.self_describing_json.SelfDescribingJson object at 0x000002548F7381A0>]}
[0m12:47:55.756664 [debug] [MainThread]: Wrote artifact WritableManifest to F:\Projects\Data Engg Project\Data Engg Project on Emails - OC\new attempt\email_project\target\manifest.json
[0m12:47:55.756664 [debug] [MainThread]: Wrote artifact SemanticManifest to F:\Projects\Data Engg Project\Data Engg Project on Emails - OC\new attempt\email_project\target\semantic_manifest.json
[0m12:47:55.772753 [debug] [MainThread]: Sending event: {'category': 'dbt', 'action': 'resource_counts', 'label': '725fdafa-16f3-4644-9a39-c5a13cdaa886', 'context': [<snowplow_tracker.self_describing_json.SelfDescribingJson object at 0x00000254902A2E70>]}
[0m12:47:55.773978 [info ] [MainThread]: Found 2 models, 1 source, 537 macros
[0m12:47:55.774986 [debug] [MainThread]: Sending event: {'category': 'dbt', 'action': 'runnable_timing', 'label': '725fdafa-16f3-4644-9a39-c5a13cdaa886', 'context': [<snowplow_tracker.self_describing_json.SelfDescribingJson object at 0x00000254903385C0>]}
[0m12:47:55.776029 [info ] [MainThread]: 
[0m12:47:55.777053 [info ] [MainThread]: Concurrency: 1 threads (target='dev')
[0m12:47:55.777053 [info ] [MainThread]: 
[0m12:47:55.778453 [debug] [MainThread]: Acquiring new snowflake connection 'master'
[0m12:47:55.778453 [debug] [ThreadPool]: Acquiring new snowflake connection 'list_email_db'
[0m12:47:55.846168 [debug] [ThreadPool]: Using snowflake connection "list_email_db"
[0m12:47:55.846168 [debug] [ThreadPool]: On list_email_db: show terse schemas in database email_db
    limit 10000
/* {"app": "dbt", "dbt_version": "1.11.11", "profile_name": "email_project", "target_name": "dev", "connection_name": "list_email_db"} */
[0m12:47:55.846168 [debug] [ThreadPool]: Opening a new connection, currently in state init
[0m12:47:59.718179 [debug] [ThreadPool]: SQL status: SUCCESS 5 in 3.878 seconds
[0m12:47:59.734203 [debug] [ThreadPool]: Using snowflake connection "list_email_db"
[0m12:47:59.734203 [debug] [ThreadPool]: On list_email_db: show terse schemas in database email_db
    limit 10000
/* {"app": "dbt", "dbt_version": "1.11.11", "profile_name": "email_project", "target_name": "dev", "connection_name": "list_email_db"} */
[0m12:47:59.911167 [debug] [ThreadPool]: SQL status: SUCCESS 5 in 0.176 seconds
[0m12:47:59.911167 [debug] [ThreadPool]: Acquiring new snowflake connection 'list_email_db_raw_warehouseWH'
[0m12:47:59.926962 [debug] [ThreadPool]: Using snowflake connection "list_email_db_raw_warehouseWH"
[0m12:47:59.926962 [debug] [ThreadPool]: On list_email_db_raw_warehouseWH: show objects in email_db.raw_warehouseWH
    limit 10000
    

/* {"app": "dbt", "dbt_version": "1.11.11", "profile_name": "email_project", "target_name": "dev", "connection_name": "list_email_db_raw_warehouseWH"} */;
[0m12:47:59.926962 [debug] [ThreadPool]: Opening a new connection, currently in state init
[0m12:48:01.512315 [debug] [ThreadPool]: SQL status: SUCCESS 1 in 1.591 seconds
[0m12:48:01.512315 [debug] [ThreadPool]: Re-using an available connection from the pool (formerly list_email_db_raw_warehouseWH, now list_email_db_raw_staging)
[0m12:48:01.527360 [debug] [ThreadPool]: Using snowflake connection "list_email_db_raw_staging"
[0m12:48:01.527360 [debug] [ThreadPool]: On list_email_db_raw_staging: show objects in email_db.raw_staging
    limit 10000
    

/* {"app": "dbt", "dbt_version": "1.11.11", "profile_name": "email_project", "target_name": "dev", "connection_name": "list_email_db_raw_staging"} */;
[0m12:48:01.720523 [debug] [ThreadPool]: SQL status: SUCCESS 1 in 0.191 seconds
[0m12:48:01.720523 [debug] [MainThread]: Sending event: {'category': 'dbt', 'action': 'runnable_timing', 'label': '725fdafa-16f3-4644-9a39-c5a13cdaa886', 'context': [<snowplow_tracker.self_describing_json.SelfDescribingJson object at 0x000002548FAD0410>]}
[0m12:48:01.720523 [debug] [Thread-2 (]: Began running node model.email_project.stg_gmail_data
[0m12:48:01.720523 [info ] [Thread-2 (]: 1 of 2 START sql view model raw_staging.stg_gmail_data ......................... [RUN]
[0m12:48:01.720523 [debug] [Thread-2 (]: Acquiring new snowflake connection 'model.email_project.stg_gmail_data'
[0m12:48:01.720523 [debug] [Thread-2 (]: Began compiling node model.email_project.stg_gmail_data
[0m12:48:01.738909 [debug] [Thread-2 (]: Writing injected SQL for node "model.email_project.stg_gmail_data"
[0m12:48:01.739985 [debug] [Thread-2 (]: Began executing node model.email_project.stg_gmail_data
[0m12:48:01.768568 [debug] [Thread-2 (]: Writing runtime sql for node "model.email_project.stg_gmail_data"
[0m12:48:01.771558 [debug] [Thread-2 (]: Using snowflake connection "model.email_project.stg_gmail_data"
[0m12:48:01.771558 [debug] [Thread-2 (]: On model.email_project.stg_gmail_data: create or replace   view email_db.raw_staging.stg_gmail_data
  
  
  
  
  as (
    
with msg_rank as(
    SELECT 
        MESSAGE_ID,
        --SENDER_RAW,
        LOWER(SENDER_EMAIL) AS sender_email,
        SENDER_DISPLAY_NAME AS SENDER_NAME,
        SENDER_DOMAIN,
        SENDER_DOMAIN_TYPE,
        CASE
            WHEN CC IS NULL THEN 'None'
            ELSE CC
        END AS CC,
        RECIPIENT_COUNT,    
        SUBJECT,    
        TO_DATE(FULL_DATE ,'DD/MM/YYYY') as email_date,
        --YEAR,
        --QUARTER,
        --MONTH,
        --MONTH_NAME,
        --WEEK,
        DAY_OF_WEEK,
        --DAY_NAME,
        --IS_WEEKEND,    
        --FULL_TIME,
        --HOUR,
        --MINUTE,
        --AM_PM,
        --TIME_BUCKET,
        FOLDER,
        ALL_LABELS,    
        SIZE_BYTES,
        ATTACHMENT_COUNT,
        HAS_ATTACHMENTS,  
        IS_READ,
        IS_STARRED,
        IS_REPLIED,   
        --THREAD_SUBJECT,
        TO_TIMESTAMP(THREAD_FIRST_MESSAGE_AT, 'DD/MM/YYYY HH24:MI') AS THREAD_FIRST_MESSAGE_AT,    
        --THREAD_DURATION_SEC,       
        THREAD_PARTICIPANT_COUNT,
        RANK () OVER (PARTITION BY MESSAGE_ID ORDER BY FULL_DATE desc) AS rnk
    from email_db.raw.gmail_data
)
SELECT         
        MESSAGE_ID,
        SENDER_NAME,
        sender_email,
        SENDER_DOMAIN,
        SENDER_DOMAIN_TYPE,
        CC,
        RECIPIENT_COUNT,    
        SUBJECT,    
        email_date,
        DAY_OF_WEEK,
        FOLDER,
        ALL_LABELS,    
        SIZE_BYTES,
        ATTACHMENT_COUNT,
        HAS_ATTACHMENTS,  
        IS_READ,
        IS_STARRED,
        IS_REPLIED, 
        THREAD_FIRST_MESSAGE_AT,           
        THREAD_PARTICIPANT_COUNT, 
    FROM msg_rank WHERE rnk = 1
  )
/* {"app": "dbt", "dbt_version": "1.11.11", "profile_name": "email_project", "target_name": "dev", "node_id": "model.email_project.stg_gmail_data"} */;
[0m12:48:01.772568 [debug] [Thread-2 (]: Opening a new connection, currently in state init
[0m12:48:02.723162 [debug] [Thread-2 (]: SQL status: SUCCESS 1 in 0.954 seconds
[0m12:48:02.739286 [debug] [Thread-2 (]: Sending event: {'category': 'dbt', 'action': 'run_model', 'label': '725fdafa-16f3-4644-9a39-c5a13cdaa886', 'context': [<snowplow_tracker.self_describing_json.SelfDescribingJson object at 0x000002548C7F50D0>]}
[0m12:48:02.739286 [info ] [Thread-2 (]: 1 of 2 OK created sql view model raw_staging.stg_gmail_data .................... [[32mSUCCESS 1[0m in 1.02s]
[0m12:48:02.755096 [debug] [Thread-2 (]: Finished running node model.email_project.stg_gmail_data
[0m12:48:02.755096 [debug] [Thread-2 (]: Began running node model.email_project.sender_dim
[0m12:48:02.755096 [info ] [Thread-2 (]: 2 of 2 START sql table model raw_warehouseWH.sender_dim ........................ [RUN]
[0m12:48:02.755096 [debug] [Thread-2 (]: Re-using an available connection from the pool (formerly model.email_project.stg_gmail_data, now model.email_project.sender_dim)
[0m12:48:02.755096 [debug] [Thread-2 (]: Began compiling node model.email_project.sender_dim
[0m12:48:02.760824 [debug] [Thread-2 (]: Writing injected SQL for node "model.email_project.sender_dim"
[0m12:48:02.760824 [debug] [Thread-2 (]: Began executing node model.email_project.sender_dim
[0m12:48:02.787433 [debug] [Thread-2 (]: Writing runtime sql for node "model.email_project.sender_dim"
[0m12:48:02.787433 [debug] [Thread-2 (]: Using snowflake connection "model.email_project.sender_dim"
[0m12:48:02.787433 [debug] [Thread-2 (]: On model.email_project.sender_dim: create or replace transient table email_db.raw_warehouseWH.sender_dim
    
    
    
    as (

SELECT 
SENDER_NAME,
distinct sender_email,
SENDER_DOMAIN_TYPE
FROM email_db.raw_staging.stg_gmail_data
    )

/* {"app": "dbt", "dbt_version": "1.11.11", "profile_name": "email_project", "target_name": "dev", "node_id": "model.email_project.sender_dim"} */;
[0m12:48:02.963736 [debug] [Thread-2 (]: Snowflake adapter: Snowflake query id: 01c59ba0-0003-5124-0003-1fe2000bd3ee
[0m12:48:02.963736 [debug] [Thread-2 (]: Snowflake adapter: Snowflake error: 001003 (42000): SQL compilation error:
syntax error line 9 at position 0 unexpected 'distinct'.
[0m12:48:02.973247 [debug] [Thread-2 (]: Database Error in model sender_dim (models\warehouse\sender_dim.sql)
  001003 (42000): SQL compilation error:
  syntax error line 9 at position 0 unexpected 'distinct'.
  compiled code at target\run\email_project\models\warehouse\sender_dim.sql
[0m12:48:02.973247 [debug] [Thread-2 (]: Sending event: {'category': 'dbt', 'action': 'run_model', 'label': '725fdafa-16f3-4644-9a39-c5a13cdaa886', 'context': [<snowplow_tracker.self_describing_json.SelfDescribingJson object at 0x00000254918E2810>]}
[0m12:48:02.973247 [error] [Thread-2 (]: 2 of 2 ERROR creating sql table model raw_warehouseWH.sender_dim ............... [[31mERROR[0m in 0.22s]
[0m12:48:02.973247 [debug] [Thread-2 (]: Finished running node model.email_project.sender_dim
[0m12:48:02.973247 [debug] [Thread-5 (]: Marking all children of 'model.email_project.sender_dim' to be skipped because of status 'error'.  Reason: Database Error in model sender_dim (models\warehouse\sender_dim.sql)
  001003 (42000): SQL compilation error:
  syntax error line 9 at position 0 unexpected 'distinct'.
  compiled code at target\run\email_project\models\warehouse\sender_dim.sql.
[0m12:48:02.973247 [debug] [MainThread]: Connection 'master' was properly closed.
[0m12:48:02.973247 [debug] [MainThread]: Connection 'list_email_db' was left open.
[0m12:48:02.973247 [debug] [MainThread]: On list_email_db: Close
[0m12:48:03.133581 [debug] [MainThread]: Connection 'list_email_db_raw_staging' was left open.
[0m12:48:03.134593 [debug] [MainThread]: On list_email_db_raw_staging: Close
[0m12:48:03.295905 [debug] [MainThread]: Connection 'model.email_project.sender_dim' was left open.
[0m12:48:03.296914 [debug] [MainThread]: On model.email_project.sender_dim: Close
[0m12:48:03.462122 [info ] [MainThread]: 
[0m12:48:03.462122 [info ] [MainThread]: Finished running 1 table model, 1 view model in 0 hours 0 minutes and 7.68 seconds (7.68s).
[0m12:48:03.462122 [debug] [MainThread]: Command end result
[0m12:48:03.578938 [debug] [MainThread]: Wrote artifact WritableManifest to F:\Projects\Data Engg Project\Data Engg Project on Emails - OC\new attempt\email_project\target\manifest.json
[0m12:48:03.578938 [debug] [MainThread]: Wrote artifact SemanticManifest to F:\Projects\Data Engg Project\Data Engg Project on Emails - OC\new attempt\email_project\target\semantic_manifest.json
[0m12:48:03.578938 [debug] [MainThread]: Wrote artifact RunExecutionResult to F:\Projects\Data Engg Project\Data Engg Project on Emails - OC\new attempt\email_project\target\run_results.json
[0m12:48:03.578938 [info ] [MainThread]: 
[0m12:48:03.578938 [info ] [MainThread]: [31mCompleted with 1 error, 0 partial successes, and 0 warnings:[0m
[0m12:48:03.578938 [info ] [MainThread]: 
[0m12:48:03.578938 [error] [MainThread]: [31mFailure in model sender_dim (models\warehouse\sender_dim.sql)[0m
[0m12:48:03.578938 [error] [MainThread]:   Database Error in model sender_dim (models\warehouse\sender_dim.sql)
  001003 (42000): SQL compilation error:
  syntax error line 9 at position 0 unexpected 'distinct'.
  compiled code at target\run\email_project\models\warehouse\sender_dim.sql
[0m12:48:03.594144 [info ] [MainThread]: 
[0m12:48:03.594144 [info ] [MainThread]:   compiled code at target\compiled\email_project\models\warehouse\sender_dim.sql
[0m12:48:03.594144 [info ] [MainThread]: 
[0m12:48:03.594144 [info ] [MainThread]: Done. PASS=1 WARN=0 ERROR=1 SKIP=0 NO-OP=0 TOTAL=2
[0m12:48:03.594144 [debug] [MainThread]: Command `dbt run` failed at 12:48:03.594144 after 9.39 seconds
[0m12:48:03.597460 [debug] [MainThread]: Sending event: {'category': 'dbt', 'action': 'invocation', 'label': 'end', 'context': [<snowplow_tracker.self_describing_json.SelfDescribingJson object at 0x000002548C74F680>, <snowplow_tracker.self_describing_json.SelfDescribingJson object at 0x000002548C7F5040>, <snowplow_tracker.self_describing_json.SelfDescribingJson object at 0x000002548C7F5B50>]}
[0m12:48:03.597460 [debug] [MainThread]: Flushing usage events
[0m12:48:04.806621 [debug] [MainThread]: An error was encountered while trying to flush usage events
[0m12:48:22.643165 [debug] [MainThread]: Sending event: {'category': 'dbt', 'action': 'invocation', 'label': 'start', 'context': [<snowplow_tracker.self_describing_json.SelfDescribingJson object at 0x0000028F8E8E6750>, <snowplow_tracker.self_describing_json.SelfDescribingJson object at 0x0000028F8D797230>, <snowplow_tracker.self_describing_json.SelfDescribingJson object at 0x0000028F8E34B020>]}


============================== 12:48:22.643165 | 2e36824c-9a79-4779-a44c-7bf6b39c0c21 ==============================
[0m12:48:22.643165 [info ] [MainThread]: Running with dbt=1.11.11
[0m12:48:22.643165 [debug] [MainThread]: running dbt with arguments {'static_parser': 'True', 'no_print': 'None', 'version_check': 'True', 'warn_error_options': 'WarnErrorOptionsV2(error=[], warn=[], silence=[])', 'target_path': 'None', 'printer_width': '80', 'write_json': 'True', 'empty': 'False', 'log_cache_events': 'False', 'introspect': 'True', 'cache_selected_only': 'False', 'log_format': 'default', 'debug': 'False', 'fail_fast': 'False', 'profiles_dir': 'C:\\Users\\61452\\.dbt', 'send_anonymous_usage_stats': 'True', 'quiet': 'False', 'warn_error': 'None', 'partial_parse': 'True', 'invocation_command': 'dbt run', 'indirect_selection': 'eager', 'use_colors': 'True', 'use_experimental_parser': 'False', 'log_path': 'F:\\Projects\\Data Engg Project\\Data Engg Project on Emails - OC\\new attempt\\email_project\\logs'}
[0m12:48:23.038942 [debug] [MainThread]: Snowflake adapter: Setting snowflake.connector to ERROR (file logging only)
[0m12:48:23.038942 [debug] [MainThread]: Snowflake adapter: Setting botocore to ERROR (file logging only)
[0m12:48:23.038942 [debug] [MainThread]: Snowflake adapter: Setting boto3 to ERROR (file logging only)
[0m12:48:23.210334 [debug] [MainThread]: Sending event: {'category': 'dbt', 'action': 'project_id', 'label': '2e36824c-9a79-4779-a44c-7bf6b39c0c21', 'context': [<snowplow_tracker.self_describing_json.SelfDescribingJson object at 0x0000028F9395CD10>]}
[0m12:48:23.258136 [debug] [MainThread]: Sending event: {'category': 'dbt', 'action': 'adapter_info', 'label': '2e36824c-9a79-4779-a44c-7bf6b39c0c21', 'context': [<snowplow_tracker.self_describing_json.SelfDescribingJson object at 0x0000028F938F0590>]}
[0m12:48:23.274121 [info ] [MainThread]: Registered adapter: snowflake=1.11.6
[0m12:48:23.585714 [debug] [MainThread]: checksum: 30a8cc8fdcbf66701b0944d4ccce3fa46dd04b61e5df68b9f16d57b2e0e3f0be, vars: {}, profile: , target: , version: 1.11.11
[0m12:48:23.724568 [debug] [MainThread]: Partial parsing enabled: 0 files deleted, 0 files added, 1 files changed.
[0m12:48:23.724568 [debug] [MainThread]: Partial parsing: updated file: email_project://models\warehouse\sender_dim.sql
[0m12:48:23.985809 [debug] [MainThread]: Sending event: {'category': 'dbt', 'action': 'load_project', 'label': '2e36824c-9a79-4779-a44c-7bf6b39c0c21', 'context': [<snowplow_tracker.self_describing_json.SelfDescribingJson object at 0x0000028F94195AC0>]}
[0m12:48:24.054271 [debug] [MainThread]: Wrote artifact WritableManifest to F:\Projects\Data Engg Project\Data Engg Project on Emails - OC\new attempt\email_project\target\manifest.json
[0m12:48:24.054271 [debug] [MainThread]: Wrote artifact SemanticManifest to F:\Projects\Data Engg Project\Data Engg Project on Emails - OC\new attempt\email_project\target\semantic_manifest.json
[0m12:48:24.070221 [debug] [MainThread]: Sending event: {'category': 'dbt', 'action': 'resource_counts', 'label': '2e36824c-9a79-4779-a44c-7bf6b39c0c21', 'context': [<snowplow_tracker.self_describing_json.SelfDescribingJson object at 0x0000028F9418EEA0>]}
[0m12:48:24.070221 [info ] [MainThread]: Found 2 models, 1 source, 537 macros
[0m12:48:24.070221 [debug] [MainThread]: Sending event: {'category': 'dbt', 'action': 'runnable_timing', 'label': '2e36824c-9a79-4779-a44c-7bf6b39c0c21', 'context': [<snowplow_tracker.self_describing_json.SelfDescribingJson object at 0x0000028F93D78350>]}
[0m12:48:24.070221 [info ] [MainThread]: 
[0m12:48:24.070221 [info ] [MainThread]: Concurrency: 1 threads (target='dev')
[0m12:48:24.070221 [info ] [MainThread]: 
[0m12:48:24.070221 [debug] [MainThread]: Acquiring new snowflake connection 'master'
[0m12:48:24.087928 [debug] [ThreadPool]: Acquiring new snowflake connection 'list_email_db'
[0m12:48:24.156399 [debug] [ThreadPool]: Using snowflake connection "list_email_db"
[0m12:48:24.157397 [debug] [ThreadPool]: On list_email_db: show terse schemas in database email_db
    limit 10000
/* {"app": "dbt", "dbt_version": "1.11.11", "profile_name": "email_project", "target_name": "dev", "connection_name": "list_email_db"} */
[0m12:48:24.157397 [debug] [ThreadPool]: Opening a new connection, currently in state init
[0m12:48:25.186367 [debug] [ThreadPool]: SQL status: SUCCESS 5 in 1.030 seconds
[0m12:48:25.186367 [debug] [ThreadPool]: Using snowflake connection "list_email_db"
[0m12:48:25.186367 [debug] [ThreadPool]: On list_email_db: show terse schemas in database email_db
    limit 10000
/* {"app": "dbt", "dbt_version": "1.11.11", "profile_name": "email_project", "target_name": "dev", "connection_name": "list_email_db"} */
[0m12:48:25.330012 [debug] [ThreadPool]: SQL status: SUCCESS 5 in 0.144 seconds
[0m12:48:25.330012 [debug] [ThreadPool]: Acquiring new snowflake connection 'list_email_db_raw_warehouseWH'
[0m12:48:25.353617 [debug] [ThreadPool]: Using snowflake connection "list_email_db_raw_warehouseWH"
[0m12:48:25.353617 [debug] [ThreadPool]: On list_email_db_raw_warehouseWH: show objects in email_db.raw_warehouseWH
    limit 10000
    

/* {"app": "dbt", "dbt_version": "1.11.11", "profile_name": "email_project", "target_name": "dev", "connection_name": "list_email_db_raw_warehouseWH"} */;
[0m12:48:25.353617 [debug] [ThreadPool]: Opening a new connection, currently in state init
[0m12:48:26.075704 [debug] [ThreadPool]: SQL status: SUCCESS 1 in 0.736 seconds
[0m12:48:26.091367 [debug] [ThreadPool]: Re-using an available connection from the pool (formerly list_email_db_raw_warehouseWH, now list_email_db_raw_staging)
[0m12:48:26.095413 [debug] [ThreadPool]: Using snowflake connection "list_email_db_raw_staging"
[0m12:48:26.095413 [debug] [ThreadPool]: On list_email_db_raw_staging: show objects in email_db.raw_staging
    limit 10000
    

/* {"app": "dbt", "dbt_version": "1.11.11", "profile_name": "email_project", "target_name": "dev", "connection_name": "list_email_db_raw_staging"} */;
[0m12:48:26.443049 [debug] [ThreadPool]: SQL status: SUCCESS 1 in 0.347 seconds
[0m12:48:26.444786 [debug] [MainThread]: Sending event: {'category': 'dbt', 'action': 'runnable_timing', 'label': '2e36824c-9a79-4779-a44c-7bf6b39c0c21', 'context': [<snowplow_tracker.self_describing_json.SelfDescribingJson object at 0x0000028F939BC260>]}
[0m12:48:26.444786 [debug] [Thread-2 (]: Began running node model.email_project.stg_gmail_data
[0m12:48:26.444786 [info ] [Thread-2 (]: 1 of 2 START sql view model raw_staging.stg_gmail_data ......................... [RUN]
[0m12:48:26.444786 [debug] [Thread-2 (]: Acquiring new snowflake connection 'model.email_project.stg_gmail_data'
[0m12:48:26.444786 [debug] [Thread-2 (]: Began compiling node model.email_project.stg_gmail_data
[0m12:48:26.461667 [debug] [Thread-2 (]: Writing injected SQL for node "model.email_project.stg_gmail_data"
[0m12:48:26.462690 [debug] [Thread-2 (]: Began executing node model.email_project.stg_gmail_data
[0m12:48:26.479694 [debug] [Thread-2 (]: Writing runtime sql for node "model.email_project.stg_gmail_data"
[0m12:48:26.479694 [debug] [Thread-2 (]: Using snowflake connection "model.email_project.stg_gmail_data"
[0m12:48:26.479694 [debug] [Thread-2 (]: On model.email_project.stg_gmail_data: create or replace   view email_db.raw_staging.stg_gmail_data
  
  
  
  
  as (
    
with msg_rank as(
    SELECT 
        MESSAGE_ID,
        --SENDER_RAW,
        LOWER(SENDER_EMAIL) AS sender_email,
        SENDER_DISPLAY_NAME AS SENDER_NAME,
        SENDER_DOMAIN,
        SENDER_DOMAIN_TYPE,
        CASE
            WHEN CC IS NULL THEN 'None'
            ELSE CC
        END AS CC,
        RECIPIENT_COUNT,    
        SUBJECT,    
        TO_DATE(FULL_DATE ,'DD/MM/YYYY') as email_date,
        --YEAR,
        --QUARTER,
        --MONTH,
        --MONTH_NAME,
        --WEEK,
        DAY_OF_WEEK,
        --DAY_NAME,
        --IS_WEEKEND,    
        --FULL_TIME,
        --HOUR,
        --MINUTE,
        --AM_PM,
        --TIME_BUCKET,
        FOLDER,
        ALL_LABELS,    
        SIZE_BYTES,
        ATTACHMENT_COUNT,
        HAS_ATTACHMENTS,  
        IS_READ,
        IS_STARRED,
        IS_REPLIED,   
        --THREAD_SUBJECT,
        TO_TIMESTAMP(THREAD_FIRST_MESSAGE_AT, 'DD/MM/YYYY HH24:MI') AS THREAD_FIRST_MESSAGE_AT,    
        --THREAD_DURATION_SEC,       
        THREAD_PARTICIPANT_COUNT,
        RANK () OVER (PARTITION BY MESSAGE_ID ORDER BY FULL_DATE desc) AS rnk
    from email_db.raw.gmail_data
)
SELECT         
        MESSAGE_ID,
        SENDER_NAME,
        sender_email,
        SENDER_DOMAIN,
        SENDER_DOMAIN_TYPE,
        CC,
        RECIPIENT_COUNT,    
        SUBJECT,    
        email_date,
        DAY_OF_WEEK,
        FOLDER,
        ALL_LABELS,    
        SIZE_BYTES,
        ATTACHMENT_COUNT,
        HAS_ATTACHMENTS,  
        IS_READ,
        IS_STARRED,
        IS_REPLIED, 
        THREAD_FIRST_MESSAGE_AT,           
        THREAD_PARTICIPANT_COUNT, 
    FROM msg_rank WHERE rnk = 1
  )
/* {"app": "dbt", "dbt_version": "1.11.11", "profile_name": "email_project", "target_name": "dev", "node_id": "model.email_project.stg_gmail_data"} */;
[0m12:48:26.495574 [debug] [Thread-2 (]: Opening a new connection, currently in state init
[0m12:48:27.352115 [debug] [Thread-2 (]: SQL status: SUCCESS 1 in 0.872 seconds
[0m12:48:27.384293 [debug] [Thread-2 (]: Sending event: {'category': 'dbt', 'action': 'run_model', 'label': '2e36824c-9a79-4779-a44c-7bf6b39c0c21', 'context': [<snowplow_tracker.self_describing_json.SelfDescribingJson object at 0x0000028F90714C80>]}
[0m12:48:27.384293 [info ] [Thread-2 (]: 1 of 2 OK created sql view model raw_staging.stg_gmail_data .................... [[32mSUCCESS 1[0m in 0.94s]
[0m12:48:27.384293 [debug] [Thread-2 (]: Finished running node model.email_project.stg_gmail_data
[0m12:48:27.384293 [debug] [Thread-2 (]: Began running node model.email_project.sender_dim
[0m12:48:27.384293 [info ] [Thread-2 (]: 2 of 2 START sql table model raw_warehouseWH.sender_dim ........................ [RUN]
[0m12:48:27.384293 [debug] [Thread-2 (]: Re-using an available connection from the pool (formerly model.email_project.stg_gmail_data, now model.email_project.sender_dim)
[0m12:48:27.384293 [debug] [Thread-2 (]: Began compiling node model.email_project.sender_dim
[0m12:48:27.400398 [debug] [Thread-2 (]: Writing injected SQL for node "model.email_project.sender_dim"
[0m12:48:27.402323 [debug] [Thread-2 (]: Began executing node model.email_project.sender_dim
[0m12:48:27.420089 [debug] [Thread-2 (]: Writing runtime sql for node "model.email_project.sender_dim"
[0m12:48:27.420089 [debug] [Thread-2 (]: Using snowflake connection "model.email_project.sender_dim"
[0m12:48:27.428980 [debug] [Thread-2 (]: On model.email_project.sender_dim: create or replace transient table email_db.raw_warehouseWH.sender_dim
    
    
    
    as (

SELECT 
distinct sender_email,
SENDER_NAME,
SENDER_DOMAIN_TYPE
FROM email_db.raw_staging.stg_gmail_data
    )

/* {"app": "dbt", "dbt_version": "1.11.11", "profile_name": "email_project", "target_name": "dev", "node_id": "model.email_project.sender_dim"} */;
[0m12:48:28.967704 [debug] [Thread-2 (]: SQL status: SUCCESS 300 in 1.548 seconds
[0m12:48:28.967704 [debug] [Thread-2 (]: Sending event: {'category': 'dbt', 'action': 'run_model', 'label': '2e36824c-9a79-4779-a44c-7bf6b39c0c21', 'context': [<snowplow_tracker.self_describing_json.SelfDescribingJson object at 0x0000028F95761A60>]}
[0m12:48:28.967704 [info ] [Thread-2 (]: 2 of 2 OK created sql table model raw_warehouseWH.sender_dim ................... [[32mSUCCESS 300[0m in 1.58s]
[0m12:48:28.967704 [debug] [Thread-2 (]: Finished running node model.email_project.sender_dim
[0m12:48:28.983468 [debug] [MainThread]: Connection 'master' was properly closed.
[0m12:48:28.983468 [debug] [MainThread]: Connection 'list_email_db' was left open.
[0m12:48:28.983468 [debug] [MainThread]: On list_email_db: Close
[0m12:48:29.149255 [debug] [MainThread]: Connection 'list_email_db_raw_staging' was left open.
[0m12:48:29.149255 [debug] [MainThread]: On list_email_db_raw_staging: Close
[0m12:48:29.291153 [debug] [MainThread]: Connection 'model.email_project.sender_dim' was left open.
[0m12:48:29.291153 [debug] [MainThread]: On model.email_project.sender_dim: Close
[0m12:48:29.435784 [info ] [MainThread]: 
[0m12:48:29.451658 [info ] [MainThread]: Finished running 1 table model, 1 view model in 0 hours 0 minutes and 5.37 seconds (5.37s).
[0m12:48:29.451658 [debug] [MainThread]: Command end result
[0m12:48:29.546272 [debug] [MainThread]: Wrote artifact WritableManifest to F:\Projects\Data Engg Project\Data Engg Project on Emails - OC\new attempt\email_project\target\manifest.json
[0m12:48:29.562135 [debug] [MainThread]: Wrote artifact SemanticManifest to F:\Projects\Data Engg Project\Data Engg Project on Emails - OC\new attempt\email_project\target\semantic_manifest.json
[0m12:48:29.562135 [debug] [MainThread]: Wrote artifact RunExecutionResult to F:\Projects\Data Engg Project\Data Engg Project on Emails - OC\new attempt\email_project\target\run_results.json
[0m12:48:29.562135 [info ] [MainThread]: 
[0m12:48:29.562135 [info ] [MainThread]: [32mCompleted successfully[0m
[0m12:48:29.562135 [info ] [MainThread]: 
[0m12:48:29.562135 [info ] [MainThread]: Done. PASS=2 WARN=0 ERROR=0 SKIP=0 NO-OP=0 TOTAL=2
[0m12:48:29.562135 [debug] [MainThread]: Command `dbt run` succeeded at 12:48:29.562135 after 7.06 seconds
[0m12:48:29.562135 [debug] [MainThread]: Sending event: {'category': 'dbt', 'action': 'invocation', 'label': 'end', 'context': [<snowplow_tracker.self_describing_json.SelfDescribingJson object at 0x0000028F90A4C380>, <snowplow_tracker.self_describing_json.SelfDescribingJson object at 0x0000028F909611C0>, <snowplow_tracker.self_describing_json.SelfDescribingJson object at 0x0000028F90961EB0>]}
[0m12:48:29.562135 [debug] [MainThread]: Flushing usage events
[0m12:48:30.645577 [debug] [MainThread]: An error was encountered while trying to flush usage events
[0m12:50:11.890553 [debug] [MainThread]: Sending event: {'category': 'dbt', 'action': 'invocation', 'label': 'start', 'context': [<snowplow_tracker.self_describing_json.SelfDescribingJson object at 0x000001A16ADD6300>, <snowplow_tracker.self_describing_json.SelfDescribingJson object at 0x000001A16777AF90>, <snowplow_tracker.self_describing_json.SelfDescribingJson object at 0x000001A16AD19C70>]}


============================== 12:50:11.895896 | fd1cc634-39b5-4b6a-8fff-9f515b8ca9e2 ==============================
[0m12:50:11.895896 [info ] [MainThread]: Running with dbt=1.11.11
[0m12:50:11.895896 [debug] [MainThread]: running dbt with arguments {'static_parser': 'True', 'no_print': 'None', 'version_check': 'True', 'warn_error_options': 'WarnErrorOptionsV2(error=[], warn=[], silence=[])', 'target_path': 'None', 'printer_width': '80', 'write_json': 'True', 'empty': 'False', 'log_cache_events': 'False', 'introspect': 'True', 'cache_selected_only': 'False', 'log_format': 'default', 'debug': 'False', 'fail_fast': 'False', 'partial_parse': 'True', 'send_anonymous_usage_stats': 'True', 'quiet': 'False', 'warn_error': 'None', 'profiles_dir': 'C:\\Users\\61452\\.dbt', 'invocation_command': 'dbt run', 'indirect_selection': 'eager', 'use_colors': 'True', 'use_experimental_parser': 'False', 'log_path': 'F:\\Projects\\Data Engg Project\\Data Engg Project on Emails - OC\\new attempt\\email_project\\logs'}
[0m12:50:12.275278 [debug] [MainThread]: Snowflake adapter: Setting snowflake.connector to ERROR (file logging only)
[0m12:50:12.275278 [debug] [MainThread]: Snowflake adapter: Setting botocore to ERROR (file logging only)
[0m12:50:12.275278 [debug] [MainThread]: Snowflake adapter: Setting boto3 to ERROR (file logging only)
[0m12:50:12.447419 [debug] [MainThread]: Sending event: {'category': 'dbt', 'action': 'project_id', 'label': 'fd1cc634-39b5-4b6a-8fff-9f515b8ca9e2', 'context': [<snowplow_tracker.self_describing_json.SelfDescribingJson object at 0x000001A16ADD79E0>]}
[0m12:50:12.496308 [debug] [MainThread]: Sending event: {'category': 'dbt', 'action': 'adapter_info', 'label': 'fd1cc634-39b5-4b6a-8fff-9f515b8ca9e2', 'context': [<snowplow_tracker.self_describing_json.SelfDescribingJson object at 0x000001A168AAFB30>]}
[0m12:50:12.496308 [info ] [MainThread]: Registered adapter: snowflake=1.11.6
[0m12:50:12.776420 [debug] [MainThread]: checksum: 30a8cc8fdcbf66701b0944d4ccce3fa46dd04b61e5df68b9f16d57b2e0e3f0be, vars: {}, profile: , target: , version: 1.11.11
[0m12:50:12.903926 [debug] [MainThread]: Partial parsing enabled: 0 files deleted, 0 files added, 1 files changed.
[0m12:50:12.903926 [debug] [MainThread]: Partial parsing: updated file: email_project://models\warehouse\sender_dim.sql
[0m12:50:13.157855 [debug] [MainThread]: Sending event: {'category': 'dbt', 'action': 'load_project', 'label': 'fd1cc634-39b5-4b6a-8fff-9f515b8ca9e2', 'context': [<snowplow_tracker.self_describing_json.SelfDescribingJson object at 0x000001A16E175BB0>]}
[0m12:50:13.236660 [debug] [MainThread]: Wrote artifact WritableManifest to F:\Projects\Data Engg Project\Data Engg Project on Emails - OC\new attempt\email_project\target\manifest.json
[0m12:50:13.237724 [debug] [MainThread]: Wrote artifact SemanticManifest to F:\Projects\Data Engg Project\Data Engg Project on Emails - OC\new attempt\email_project\target\semantic_manifest.json
[0m12:50:13.246470 [debug] [MainThread]: Sending event: {'category': 'dbt', 'action': 'resource_counts', 'label': 'fd1cc634-39b5-4b6a-8fff-9f515b8ca9e2', 'context': [<snowplow_tracker.self_describing_json.SelfDescribingJson object at 0x000001A16E172ED0>]}
[0m12:50:13.246470 [info ] [MainThread]: Found 2 models, 1 source, 537 macros
[0m12:50:13.246470 [debug] [MainThread]: Sending event: {'category': 'dbt', 'action': 'runnable_timing', 'label': 'fd1cc634-39b5-4b6a-8fff-9f515b8ca9e2', 'context': [<snowplow_tracker.self_describing_json.SelfDescribingJson object at 0x000001A16E0EE900>]}
[0m12:50:13.246470 [info ] [MainThread]: 
[0m12:50:13.246470 [info ] [MainThread]: Concurrency: 1 threads (target='dev')
[0m12:50:13.246470 [info ] [MainThread]: 
[0m12:50:13.246470 [debug] [MainThread]: Acquiring new snowflake connection 'master'
[0m12:50:13.257987 [debug] [ThreadPool]: Acquiring new snowflake connection 'list_email_db'
[0m12:50:13.328976 [debug] [ThreadPool]: Using snowflake connection "list_email_db"
[0m12:50:13.330003 [debug] [ThreadPool]: On list_email_db: show terse schemas in database email_db
    limit 10000
/* {"app": "dbt", "dbt_version": "1.11.11", "profile_name": "email_project", "target_name": "dev", "connection_name": "list_email_db"} */
[0m12:50:13.330003 [debug] [ThreadPool]: Opening a new connection, currently in state init
[0m12:50:14.956951 [debug] [ThreadPool]: SQL status: SUCCESS 5 in 1.626 seconds
[0m12:50:14.959961 [debug] [ThreadPool]: Using snowflake connection "list_email_db"
[0m12:50:14.960947 [debug] [ThreadPool]: On list_email_db: show terse schemas in database email_db
    limit 10000
/* {"app": "dbt", "dbt_version": "1.11.11", "profile_name": "email_project", "target_name": "dev", "connection_name": "list_email_db"} */
[0m12:50:15.144232 [debug] [ThreadPool]: SQL status: SUCCESS 5 in 0.183 seconds
[0m12:50:15.144232 [debug] [ThreadPool]: Acquiring new snowflake connection 'list_email_db_raw_staging'
[0m12:50:15.159918 [debug] [ThreadPool]: Using snowflake connection "list_email_db_raw_staging"
[0m12:50:15.159918 [debug] [ThreadPool]: On list_email_db_raw_staging: show objects in email_db.raw_staging
    limit 10000
    

/* {"app": "dbt", "dbt_version": "1.11.11", "profile_name": "email_project", "target_name": "dev", "connection_name": "list_email_db_raw_staging"} */;
[0m12:50:15.159918 [debug] [ThreadPool]: Opening a new connection, currently in state init
[0m12:50:15.874527 [debug] [ThreadPool]: SQL status: SUCCESS 1 in 0.712 seconds
[0m12:50:15.876240 [debug] [ThreadPool]: Re-using an available connection from the pool (formerly list_email_db_raw_staging, now list_email_db_raw_warehouseWH)
[0m12:50:15.879771 [debug] [ThreadPool]: Using snowflake connection "list_email_db_raw_warehouseWH"
[0m12:50:15.880330 [debug] [ThreadPool]: On list_email_db_raw_warehouseWH: show objects in email_db.raw_warehouseWH
    limit 10000
    

/* {"app": "dbt", "dbt_version": "1.11.11", "profile_name": "email_project", "target_name": "dev", "connection_name": "list_email_db_raw_warehouseWH"} */;
[0m12:50:16.146717 [debug] [ThreadPool]: SQL status: SUCCESS 1 in 0.266 seconds
[0m12:50:16.149725 [debug] [MainThread]: Sending event: {'category': 'dbt', 'action': 'runnable_timing', 'label': 'fd1cc634-39b5-4b6a-8fff-9f515b8ca9e2', 'context': [<snowplow_tracker.self_describing_json.SelfDescribingJson object at 0x000001A16D9A0410>]}
[0m12:50:16.154726 [debug] [Thread-2 (]: Began running node model.email_project.stg_gmail_data
[0m12:50:16.154726 [info ] [Thread-2 (]: 1 of 2 START sql view model raw_staging.stg_gmail_data ......................... [RUN]
[0m12:50:16.156479 [debug] [Thread-2 (]: Acquiring new snowflake connection 'model.email_project.stg_gmail_data'
[0m12:50:16.156479 [debug] [Thread-2 (]: Began compiling node model.email_project.stg_gmail_data
[0m12:50:16.165383 [debug] [Thread-2 (]: Writing injected SQL for node "model.email_project.stg_gmail_data"
[0m12:50:16.166362 [debug] [Thread-2 (]: Began executing node model.email_project.stg_gmail_data
[0m12:50:16.204915 [debug] [Thread-2 (]: Writing runtime sql for node "model.email_project.stg_gmail_data"
[0m12:50:16.206927 [debug] [Thread-2 (]: Using snowflake connection "model.email_project.stg_gmail_data"
[0m12:50:16.208940 [debug] [Thread-2 (]: On model.email_project.stg_gmail_data: create or replace   view email_db.raw_staging.stg_gmail_data
  
  
  
  
  as (
    
with msg_rank as(
    SELECT 
        MESSAGE_ID,
        --SENDER_RAW,
        LOWER(SENDER_EMAIL) AS sender_email,
        SENDER_DISPLAY_NAME AS SENDER_NAME,
        SENDER_DOMAIN,
        SENDER_DOMAIN_TYPE,
        CASE
            WHEN CC IS NULL THEN 'None'
            ELSE CC
        END AS CC,
        RECIPIENT_COUNT,    
        SUBJECT,    
        TO_DATE(FULL_DATE ,'DD/MM/YYYY') as email_date,
        --YEAR,
        --QUARTER,
        --MONTH,
        --MONTH_NAME,
        --WEEK,
        DAY_OF_WEEK,
        --DAY_NAME,
        --IS_WEEKEND,    
        --FULL_TIME,
        --HOUR,
        --MINUTE,
        --AM_PM,
        --TIME_BUCKET,
        FOLDER,
        ALL_LABELS,    
        SIZE_BYTES,
        ATTACHMENT_COUNT,
        HAS_ATTACHMENTS,  
        IS_READ,
        IS_STARRED,
        IS_REPLIED,   
        --THREAD_SUBJECT,
        TO_TIMESTAMP(THREAD_FIRST_MESSAGE_AT, 'DD/MM/YYYY HH24:MI') AS THREAD_FIRST_MESSAGE_AT,    
        --THREAD_DURATION_SEC,       
        THREAD_PARTICIPANT_COUNT,
        RANK () OVER (PARTITION BY MESSAGE_ID ORDER BY FULL_DATE desc) AS rnk
    from email_db.raw.gmail_data
)
SELECT         
        MESSAGE_ID,
        SENDER_NAME,
        sender_email,
        SENDER_DOMAIN,
        SENDER_DOMAIN_TYPE,
        CC,
        RECIPIENT_COUNT,    
        SUBJECT,    
        email_date,
        DAY_OF_WEEK,
        FOLDER,
        ALL_LABELS,    
        SIZE_BYTES,
        ATTACHMENT_COUNT,
        HAS_ATTACHMENTS,  
        IS_READ,
        IS_STARRED,
        IS_REPLIED, 
        THREAD_FIRST_MESSAGE_AT,           
        THREAD_PARTICIPANT_COUNT, 
    FROM msg_rank WHERE rnk = 1
  )
/* {"app": "dbt", "dbt_version": "1.11.11", "profile_name": "email_project", "target_name": "dev", "node_id": "model.email_project.stg_gmail_data"} */;
[0m12:50:16.208940 [debug] [Thread-2 (]: Opening a new connection, currently in state init
[0m12:50:17.100191 [debug] [Thread-2 (]: SQL status: SUCCESS 1 in 0.892 seconds
[0m12:50:17.129424 [debug] [Thread-2 (]: Sending event: {'category': 'dbt', 'action': 'run_model', 'label': 'fd1cc634-39b5-4b6a-8fff-9f515b8ca9e2', 'context': [<snowplow_tracker.self_describing_json.SelfDescribingJson object at 0x000001A16A6F4BC0>]}
[0m12:50:17.130439 [info ] [Thread-2 (]: 1 of 2 OK created sql view model raw_staging.stg_gmail_data .................... [[32mSUCCESS 1[0m in 0.96s]
[0m12:50:17.131445 [debug] [Thread-2 (]: Finished running node model.email_project.stg_gmail_data
[0m12:50:17.132346 [debug] [Thread-2 (]: Began running node model.email_project.sender_dim
[0m12:50:17.132346 [info ] [Thread-2 (]: 2 of 2 START sql table model raw_warehouseWH.sender_dim ........................ [RUN]
[0m12:50:17.132346 [debug] [Thread-2 (]: Re-using an available connection from the pool (formerly model.email_project.stg_gmail_data, now model.email_project.sender_dim)
[0m12:50:17.132346 [debug] [Thread-2 (]: Began compiling node model.email_project.sender_dim
[0m12:50:17.132346 [debug] [Thread-2 (]: Writing injected SQL for node "model.email_project.sender_dim"
[0m12:50:17.132346 [debug] [Thread-2 (]: Began executing node model.email_project.sender_dim
[0m12:50:17.162546 [debug] [Thread-2 (]: Writing runtime sql for node "model.email_project.sender_dim"
[0m12:50:17.164639 [debug] [Thread-2 (]: Using snowflake connection "model.email_project.sender_dim"
[0m12:50:17.164639 [debug] [Thread-2 (]: On model.email_project.sender_dim: create or replace transient table email_db.raw_warehouseWH.sender_dim
    
    
    
    as (

with reorder_columns as(
SELECT 
distinct sender_email,
SENDER_NAME,
SENDER_DOMAIN_TYPE
FROM email_db.raw_staging.stg_gmail_data
)
SELECT
SENDER_NAME, 
sender_email,
SENDER_DOMAIN_TYPE
FROM reorder_columns
    )

/* {"app": "dbt", "dbt_version": "1.11.11", "profile_name": "email_project", "target_name": "dev", "node_id": "model.email_project.sender_dim"} */;
[0m12:50:17.963983 [debug] [Thread-2 (]: SQL status: SUCCESS 300 in 0.810 seconds
[0m12:50:17.963983 [debug] [Thread-2 (]: Sending event: {'category': 'dbt', 'action': 'run_model', 'label': 'fd1cc634-39b5-4b6a-8fff-9f515b8ca9e2', 'context': [<snowplow_tracker.self_describing_json.SelfDescribingJson object at 0x000001A16F7E2330>]}
[0m12:50:17.963983 [info ] [Thread-2 (]: 2 of 2 OK created sql table model raw_warehouseWH.sender_dim ................... [[32mSUCCESS 300[0m in 0.83s]
[0m12:50:17.979809 [debug] [Thread-2 (]: Finished running node model.email_project.sender_dim
[0m12:50:17.979809 [debug] [MainThread]: Connection 'master' was properly closed.
[0m12:50:17.979809 [debug] [MainThread]: Connection 'list_email_db' was left open.
[0m12:50:17.979809 [debug] [MainThread]: On list_email_db: Close
[0m12:50:18.128603 [debug] [MainThread]: Connection 'list_email_db_raw_warehouseWH' was left open.
[0m12:50:18.128603 [debug] [MainThread]: On list_email_db_raw_warehouseWH: Close
[0m12:50:18.273259 [debug] [MainThread]: Connection 'model.email_project.sender_dim' was left open.
[0m12:50:18.273259 [debug] [MainThread]: On model.email_project.sender_dim: Close
[0m12:50:18.434938 [info ] [MainThread]: 
[0m12:50:18.434938 [info ] [MainThread]: Finished running 1 table model, 1 view model in 0 hours 0 minutes and 5.19 seconds (5.19s).
[0m12:50:18.434938 [debug] [MainThread]: Command end result
[0m12:50:18.545349 [debug] [MainThread]: Wrote artifact WritableManifest to F:\Projects\Data Engg Project\Data Engg Project on Emails - OC\new attempt\email_project\target\manifest.json
[0m12:50:18.554237 [debug] [MainThread]: Wrote artifact SemanticManifest to F:\Projects\Data Engg Project\Data Engg Project on Emails - OC\new attempt\email_project\target\semantic_manifest.json
[0m12:50:18.554237 [debug] [MainThread]: Wrote artifact RunExecutionResult to F:\Projects\Data Engg Project\Data Engg Project on Emails - OC\new attempt\email_project\target\run_results.json
[0m12:50:18.554237 [info ] [MainThread]: 
[0m12:50:18.561427 [info ] [MainThread]: [32mCompleted successfully[0m
[0m12:50:18.561427 [info ] [MainThread]: 
[0m12:50:18.561427 [info ] [MainThread]: Done. PASS=2 WARN=0 ERROR=0 SKIP=0 NO-OP=0 TOTAL=2
[0m12:50:18.561427 [debug] [MainThread]: Command `dbt run` succeeded at 12:50:18.561427 after 6.87 seconds
[0m12:50:18.561427 [debug] [MainThread]: Sending event: {'category': 'dbt', 'action': 'invocation', 'label': 'end', 'context': [<snowplow_tracker.self_describing_json.SelfDescribingJson object at 0x000001A16AD19C70>, <snowplow_tracker.self_describing_json.SelfDescribingJson object at 0x000001A16A2BEA50>, <snowplow_tracker.self_describing_json.SelfDescribingJson object at 0x000001A16A2BEB40>]}
[0m12:50:18.561427 [debug] [MainThread]: Flushing usage events
[0m12:50:19.706000 [debug] [MainThread]: An error was encountered while trying to flush usage events
[0m00:25:57.314653 [debug] [MainThread]: Sending event: {'category': 'dbt', 'action': 'invocation', 'label': 'start', 'context': [<snowplow_tracker.self_describing_json.SelfDescribingJson object at 0x00000238A0871910>, <snowplow_tracker.self_describing_json.SelfDescribingJson object at 0x00000238A111E0C0>, <snowplow_tracker.self_describing_json.SelfDescribingJson object at 0x00000238A19B4EF0>]}


============================== 00:25:57.330271 | ff50f187-f187-4cba-9a6c-23b41f554aab ==============================
[0m00:25:57.330271 [info ] [MainThread]: Running with dbt=1.11.11
[0m00:25:57.331237 [debug] [MainThread]: running dbt with arguments {'version_check': 'True', 'no_print': 'None', 'static_parser': 'True', 'target_path': 'None', 'warn_error_options': 'WarnErrorOptionsV2(error=[], warn=[], silence=[])', 'printer_width': '80', 'write_json': 'True', 'introspect': 'True', 'log_cache_events': 'False', 'empty': 'False', 'cache_selected_only': 'False', 'log_format': 'default', 'debug': 'False', 'fail_fast': 'False', 'profiles_dir': 'C:\\Users\\61452\\.dbt', 'send_anonymous_usage_stats': 'True', 'quiet': 'False', 'warn_error': 'None', 'partial_parse': 'True', 'use_colors': 'True', 'indirect_selection': 'eager', 'invocation_command': 'dbt run', 'use_experimental_parser': 'False', 'log_path': 'F:\\Projects\\Data Engg Project\\Data Engg Project on Emails - OC\\new attempt\\email_project\\logs'}
[0m00:25:58.253091 [debug] [MainThread]: Snowflake adapter: Setting snowflake.connector to ERROR (file logging only)
[0m00:25:58.253091 [debug] [MainThread]: Snowflake adapter: Setting botocore to ERROR (file logging only)
[0m00:25:58.253091 [debug] [MainThread]: Snowflake adapter: Setting boto3 to ERROR (file logging only)
[0m00:25:58.458494 [debug] [MainThread]: Sending event: {'category': 'dbt', 'action': 'project_id', 'label': 'ff50f187-f187-4cba-9a6c-23b41f554aab', 'context': [<snowplow_tracker.self_describing_json.SelfDescribingJson object at 0x00000238A0267C50>]}
[0m00:25:58.521842 [debug] [MainThread]: Sending event: {'category': 'dbt', 'action': 'adapter_info', 'label': 'ff50f187-f187-4cba-9a6c-23b41f554aab', 'context': [<snowplow_tracker.self_describing_json.SelfDescribingJson object at 0x000002389E5E0590>]}
[0m00:25:58.521842 [info ] [MainThread]: Registered adapter: snowflake=1.11.6
[0m00:25:58.993609 [debug] [MainThread]: checksum: 30a8cc8fdcbf66701b0944d4ccce3fa46dd04b61e5df68b9f16d57b2e0e3f0be, vars: {}, profile: , target: , version: 1.11.11
[0m00:25:59.105145 [debug] [MainThread]: Partial parsing enabled: 1 files deleted, 0 files added, 0 files changed.
[0m00:25:59.303444 [error] [MainThread]: Encountered an error:
Compilation Error
  Model 'model.email_project.stg_gmail_data' (models\staging\stg_gmail_data.sql) depends on a source named 'raw.gmail_data' which was not found
[0m00:25:59.303444 [debug] [MainThread]: Command `dbt run` failed at 00:25:59.303444 after 2.13 seconds
[0m00:25:59.303444 [debug] [MainThread]: Sending event: {'category': 'dbt', 'action': 'invocation', 'label': 'end', 'context': [<snowplow_tracker.self_describing_json.SelfDescribingJson object at 0x00000238A18FF350>, <snowplow_tracker.self_describing_json.SelfDescribingJson object at 0x00000238A3D06090>, <snowplow_tracker.self_describing_json.SelfDescribingJson object at 0x00000238A4401670>]}
[0m00:25:59.303444 [debug] [MainThread]: Flushing usage events
[0m00:26:00.653249 [debug] [MainThread]: An error was encountered while trying to flush usage events
[0m00:26:44.416285 [debug] [MainThread]: Sending event: {'category': 'dbt', 'action': 'invocation', 'label': 'start', 'context': [<snowplow_tracker.self_describing_json.SelfDescribingJson object at 0x000001F96994BBF0>, <snowplow_tracker.self_describing_json.SelfDescribingJson object at 0x000001F96C258860>, <snowplow_tracker.self_describing_json.SelfDescribingJson object at 0x000001F96CE155B0>]}


============================== 00:26:44.416285 | fb0dd3eb-b0b9-4f10-ac45-cd1126cff664 ==============================
[0m00:26:44.416285 [info ] [MainThread]: Running with dbt=1.11.11
[0m00:26:44.416285 [debug] [MainThread]: running dbt with arguments {'static_parser': 'True', 'no_print': 'None', 'version_check': 'True', 'warn_error_options': 'WarnErrorOptionsV2(error=[], warn=[], silence=[])', 'target_path': 'None', 'printer_width': '80', 'write_json': 'True', 'introspect': 'True', 'log_cache_events': 'False', 'empty': 'False', 'cache_selected_only': 'False', 'log_format': 'default', 'debug': 'False', 'fail_fast': 'False', 'profiles_dir': 'C:\\Users\\61452\\.dbt', 'send_anonymous_usage_stats': 'True', 'quiet': 'False', 'warn_error': 'None', 'partial_parse': 'True', 'invocation_command': 'dbt run', 'indirect_selection': 'eager', 'use_colors': 'True', 'use_experimental_parser': 'False', 'log_path': 'F:\\Projects\\Data Engg Project\\Data Engg Project on Emails - OC\\new attempt\\email_project\\logs'}
[0m00:26:44.969341 [debug] [MainThread]: Snowflake adapter: Setting snowflake.connector to ERROR (file logging only)
[0m00:26:44.969341 [debug] [MainThread]: Snowflake adapter: Setting botocore to ERROR (file logging only)
[0m00:26:44.969341 [debug] [MainThread]: Snowflake adapter: Setting boto3 to ERROR (file logging only)
[0m00:26:45.175942 [debug] [MainThread]: Sending event: {'category': 'dbt', 'action': 'project_id', 'label': 'fb0dd3eb-b0b9-4f10-ac45-cd1126cff664', 'context': [<snowplow_tracker.self_describing_json.SelfDescribingJson object at 0x000001F9701A90D0>]}
[0m00:26:45.228789 [debug] [MainThread]: Sending event: {'category': 'dbt', 'action': 'adapter_info', 'label': 'fb0dd3eb-b0b9-4f10-ac45-cd1126cff664', 'context': [<snowplow_tracker.self_describing_json.SelfDescribingJson object at 0x000001F96FEC8440>]}
[0m00:26:45.228789 [info ] [MainThread]: Registered adapter: snowflake=1.11.6
[0m00:26:45.512031 [debug] [MainThread]: checksum: 30a8cc8fdcbf66701b0944d4ccce3fa46dd04b61e5df68b9f16d57b2e0e3f0be, vars: {}, profile: , target: , version: 1.11.11
[0m00:26:45.631170 [debug] [MainThread]: Partial parsing enabled: 0 files deleted, 0 files added, 0 files changed.
[0m00:26:45.631170 [debug] [MainThread]: Nothing changed, skipping partial parsing.
[0m00:26:45.631170 [debug] [MainThread]: Partial parsing enabled, no changes found, skipping parsing
[0m00:26:45.675709 [debug] [MainThread]: Sending event: {'category': 'dbt', 'action': 'load_project', 'label': 'fb0dd3eb-b0b9-4f10-ac45-cd1126cff664', 'context': [<snowplow_tracker.self_describing_json.SelfDescribingJson object at 0x000001F9702D53D0>]}
[0m00:26:45.751675 [debug] [MainThread]: Wrote artifact WritableManifest to F:\Projects\Data Engg Project\Data Engg Project on Emails - OC\new attempt\email_project\target\manifest.json
[0m00:26:45.773973 [debug] [MainThread]: Wrote artifact SemanticManifest to F:\Projects\Data Engg Project\Data Engg Project on Emails - OC\new attempt\email_project\target\semantic_manifest.json
[0m00:26:45.792687 [debug] [MainThread]: Sending event: {'category': 'dbt', 'action': 'resource_counts', 'label': 'fb0dd3eb-b0b9-4f10-ac45-cd1126cff664', 'context': [<snowplow_tracker.self_describing_json.SelfDescribingJson object at 0x000001F97071A9C0>]}
[0m00:26:45.792687 [info ] [MainThread]: Found 2 models, 1 source, 537 macros
[0m00:26:45.793687 [debug] [MainThread]: Sending event: {'category': 'dbt', 'action': 'runnable_timing', 'label': 'fb0dd3eb-b0b9-4f10-ac45-cd1126cff664', 'context': [<snowplow_tracker.self_describing_json.SelfDescribingJson object at 0x000001F97073DDC0>]}
[0m00:26:45.795695 [info ] [MainThread]: 
[0m00:26:45.795695 [info ] [MainThread]: Concurrency: 1 threads (target='dev')
[0m00:26:45.795695 [info ] [MainThread]: 
[0m00:26:45.795695 [debug] [MainThread]: Acquiring new snowflake connection 'master'
[0m00:26:45.803168 [debug] [ThreadPool]: Acquiring new snowflake connection 'list_email_db'
[0m00:26:48.923699 [debug] [ThreadPool]: Using snowflake connection "list_email_db"
[0m00:26:48.923699 [debug] [ThreadPool]: On list_email_db: show terse schemas in database email_db
    limit 10000
/* {"app": "dbt", "dbt_version": "1.11.11", "profile_name": "email_project", "target_name": "dev", "connection_name": "list_email_db"} */
[0m00:26:48.923699 [debug] [ThreadPool]: Opening a new connection, currently in state init
[0m00:26:50.361208 [debug] [ThreadPool]: SQL status: SUCCESS 5 in 1.441 seconds
[0m00:26:50.361208 [debug] [ThreadPool]: Using snowflake connection "list_email_db"
[0m00:26:50.361208 [debug] [ThreadPool]: On list_email_db: show terse schemas in database email_db
    limit 10000
/* {"app": "dbt", "dbt_version": "1.11.11", "profile_name": "email_project", "target_name": "dev", "connection_name": "list_email_db"} */
[0m00:26:50.545414 [debug] [ThreadPool]: SQL status: SUCCESS 5 in 0.185 seconds
[0m00:26:50.545414 [debug] [ThreadPool]: Re-using an available connection from the pool (formerly list_email_db, now create_email_db_raw_warehouse)
[0m00:26:50.545414 [debug] [ThreadPool]: Creating schema "database: "email_db"
schema: "raw_warehouse"
"
[0m00:26:50.560667 [debug] [ThreadPool]: Using snowflake connection "create_email_db_raw_warehouse"
[0m00:26:50.560667 [debug] [ThreadPool]: On create_email_db_raw_warehouse: create schema if not exists email_db.raw_warehouse
/* {"app": "dbt", "dbt_version": "1.11.11", "profile_name": "email_project", "target_name": "dev", "connection_name": "create_email_db_raw_warehouse"} */
[0m00:26:50.719706 [debug] [ThreadPool]: SQL status: SUCCESS 1 in 0.155 seconds
[0m00:26:50.723031 [debug] [ThreadPool]: Acquiring new snowflake connection 'list_email_db_raw_staging'
[0m00:26:50.735596 [debug] [ThreadPool]: Using snowflake connection "list_email_db_raw_staging"
[0m00:26:50.736575 [debug] [ThreadPool]: On list_email_db_raw_staging: show objects in email_db.raw_staging
    limit 10000
    

/* {"app": "dbt", "dbt_version": "1.11.11", "profile_name": "email_project", "target_name": "dev", "connection_name": "list_email_db_raw_staging"} */;
[0m00:26:50.736575 [debug] [ThreadPool]: Opening a new connection, currently in state init
[0m00:26:51.443431 [debug] [ThreadPool]: SQL status: SUCCESS 1 in 0.709 seconds
[0m00:26:51.443431 [debug] [ThreadPool]: Re-using an available connection from the pool (formerly list_email_db_raw_staging, now list_email_db_raw_warehouse)
[0m00:26:51.443431 [debug] [ThreadPool]: Using snowflake connection "list_email_db_raw_warehouse"
[0m00:26:51.443431 [debug] [ThreadPool]: On list_email_db_raw_warehouse: show objects in email_db.raw_warehouse
    limit 10000
    

/* {"app": "dbt", "dbt_version": "1.11.11", "profile_name": "email_project", "target_name": "dev", "connection_name": "list_email_db_raw_warehouse"} */;
[0m00:26:51.642633 [debug] [ThreadPool]: SQL status: SUCCESS 0 in 0.195 seconds
[0m00:26:51.642633 [debug] [MainThread]: Sending event: {'category': 'dbt', 'action': 'runnable_timing', 'label': 'fb0dd3eb-b0b9-4f10-ac45-cd1126cff664', 'context': [<snowplow_tracker.self_describing_json.SelfDescribingJson object at 0x000001F97094C860>]}
[0m00:26:51.658342 [debug] [Thread-2 (]: Began running node model.email_project.stg_gmail_data
[0m00:26:51.658342 [info ] [Thread-2 (]: 1 of 2 START sql view model raw_staging.stg_gmail_data ......................... [RUN]
[0m00:26:51.658342 [debug] [Thread-2 (]: Acquiring new snowflake connection 'model.email_project.stg_gmail_data'
[0m00:26:51.658342 [debug] [Thread-2 (]: Began compiling node model.email_project.stg_gmail_data
[0m00:26:51.658342 [debug] [Thread-2 (]: Writing injected SQL for node "model.email_project.stg_gmail_data"
[0m00:26:51.658342 [debug] [Thread-2 (]: Began executing node model.email_project.stg_gmail_data
[0m00:26:51.696478 [debug] [Thread-2 (]: Writing runtime sql for node "model.email_project.stg_gmail_data"
[0m00:26:51.696478 [debug] [Thread-2 (]: Using snowflake connection "model.email_project.stg_gmail_data"
[0m00:26:51.696478 [debug] [Thread-2 (]: On model.email_project.stg_gmail_data: create or replace   view email_db.raw_staging.stg_gmail_data
  
  
  
  
  as (
    
with msg_rank as(
    SELECT 
        MESSAGE_ID,
        --SENDER_RAW,
        LOWER(SENDER_EMAIL) AS sender_email,
        SENDER_DISPLAY_NAME AS SENDER_NAME,
        SENDER_DOMAIN,
        SENDER_DOMAIN_TYPE,
        CASE
            WHEN CC IS NULL THEN 'None'
            ELSE CC
        END AS CC,
        RECIPIENT_COUNT,    
        SUBJECT,    
        TO_DATE(FULL_DATE ,'DD/MM/YYYY') as email_date,
        --YEAR,
        --QUARTER,
        --MONTH,
        --MONTH_NAME,
        --WEEK,
        DAY_OF_WEEK,
        --DAY_NAME,
        --IS_WEEKEND,    
        --FULL_TIME,
        --HOUR,
        --MINUTE,
        --AM_PM,
        --TIME_BUCKET,
        FOLDER,
        ALL_LABELS,    
        SIZE_BYTES,
        ATTACHMENT_COUNT,
        HAS_ATTACHMENTS,  
        IS_READ,
        IS_STARRED,
        IS_REPLIED,   
        --THREAD_SUBJECT,
        TO_TIMESTAMP(THREAD_FIRST_MESSAGE_AT, 'DD/MM/YYYY HH24:MI') AS THREAD_FIRST_MESSAGE_AT,    
        --THREAD_DURATION_SEC,       
        THREAD_PARTICIPANT_COUNT,
        RANK () OVER (PARTITION BY MESSAGE_ID ORDER BY FULL_DATE desc) AS rnk
    from email_db.raw.gmail_data
)
SELECT         
        MESSAGE_ID,
        SENDER_NAME,
        sender_email,
        SENDER_DOMAIN,
        SENDER_DOMAIN_TYPE,
        CC,
        RECIPIENT_COUNT,    
        SUBJECT,    
        email_date,
        DAY_OF_WEEK,
        FOLDER,
        ALL_LABELS,    
        SIZE_BYTES,
        ATTACHMENT_COUNT,
        HAS_ATTACHMENTS,  
        IS_READ,
        IS_STARRED,
        IS_REPLIED, 
        THREAD_FIRST_MESSAGE_AT,           
        THREAD_PARTICIPANT_COUNT, 
    FROM msg_rank WHERE rnk = 1
  )
/* {"app": "dbt", "dbt_version": "1.11.11", "profile_name": "email_project", "target_name": "dev", "node_id": "model.email_project.stg_gmail_data"} */;
[0m00:26:51.696478 [debug] [Thread-2 (]: Opening a new connection, currently in state init
[0m00:26:52.516025 [debug] [Thread-2 (]: SQL status: SUCCESS 1 in 0.814 seconds
[0m00:26:52.532072 [debug] [Thread-2 (]: Sending event: {'category': 'dbt', 'action': 'run_model', 'label': 'fb0dd3eb-b0b9-4f10-ac45-cd1126cff664', 'context': [<snowplow_tracker.self_describing_json.SelfDescribingJson object at 0x000001F96DDEE030>]}
[0m00:26:52.532072 [info ] [Thread-2 (]: 1 of 2 OK created sql view model raw_staging.stg_gmail_data .................... [[32mSUCCESS 1[0m in 0.87s]
[0m00:26:52.532072 [debug] [Thread-2 (]: Finished running node model.email_project.stg_gmail_data
[0m00:26:52.532072 [debug] [Thread-2 (]: Began running node model.email_project.sender_dim
[0m00:26:52.532072 [info ] [Thread-2 (]: 2 of 2 START sql table model raw_warehouse.sender_dim .......................... [RUN]
[0m00:26:52.532072 [debug] [Thread-2 (]: Re-using an available connection from the pool (formerly model.email_project.stg_gmail_data, now model.email_project.sender_dim)
[0m00:26:52.548182 [debug] [Thread-2 (]: Began compiling node model.email_project.sender_dim
[0m00:26:52.548182 [debug] [Thread-2 (]: Writing injected SQL for node "model.email_project.sender_dim"
[0m00:26:52.548182 [debug] [Thread-2 (]: Began executing node model.email_project.sender_dim
[0m00:26:52.575975 [debug] [Thread-2 (]: Writing runtime sql for node "model.email_project.sender_dim"
[0m00:26:52.577996 [debug] [Thread-2 (]: Using snowflake connection "model.email_project.sender_dim"
[0m00:26:52.578683 [debug] [Thread-2 (]: On model.email_project.sender_dim: create or replace transient table email_db.raw_warehouse.sender_dim
    
    
    
    as (

with reorder_columns as(
SELECT 
distinct sender_email,
SENDER_NAME,
SENDER_DOMAIN_TYPE
FROM email_db.raw_staging.stg_gmail_data
)
SELECT
SENDER_NAME, 
sender_email,
SENDER_DOMAIN_TYPE
FROM reorder_columns
    )

/* {"app": "dbt", "dbt_version": "1.11.11", "profile_name": "email_project", "target_name": "dev", "node_id": "model.email_project.sender_dim"} */;
[0m00:26:54.184621 [debug] [Thread-2 (]: SQL status: SUCCESS 300 in 1.610 seconds
[0m00:26:54.184621 [debug] [Thread-2 (]: Sending event: {'category': 'dbt', 'action': 'run_model', 'label': 'fb0dd3eb-b0b9-4f10-ac45-cd1126cff664', 'context': [<snowplow_tracker.self_describing_json.SelfDescribingJson object at 0x000001F970C11820>]}
[0m00:26:54.184621 [info ] [Thread-2 (]: 2 of 2 OK created sql table model raw_warehouse.sender_dim ..................... [[32mSUCCESS 300[0m in 1.65s]
[0m00:26:54.184621 [debug] [Thread-2 (]: Finished running node model.email_project.sender_dim
[0m00:26:54.184621 [debug] [MainThread]: Connection 'master' was properly closed.
[0m00:26:54.184621 [debug] [MainThread]: Connection 'create_email_db_raw_warehouse' was left open.
[0m00:26:54.184621 [debug] [MainThread]: On create_email_db_raw_warehouse: Close
[0m00:26:54.342429 [debug] [MainThread]: Connection 'list_email_db_raw_warehouse' was left open.
[0m00:26:54.342429 [debug] [MainThread]: On list_email_db_raw_warehouse: Close
[0m00:26:54.472233 [debug] [MainThread]: Connection 'model.email_project.sender_dim' was left open.
[0m00:26:54.472233 [debug] [MainThread]: On model.email_project.sender_dim: Close
[0m00:26:54.616441 [info ] [MainThread]: 
[0m00:26:54.616441 [info ] [MainThread]: Finished running 1 table model, 1 view model in 0 hours 0 minutes and 8.82 seconds (8.82s).
[0m00:26:54.616441 [debug] [MainThread]: Command end result
[0m00:26:54.652354 [debug] [MainThread]: Wrote artifact WritableManifest to F:\Projects\Data Engg Project\Data Engg Project on Emails - OC\new attempt\email_project\target\manifest.json
[0m00:26:54.652354 [debug] [MainThread]: Wrote artifact SemanticManifest to F:\Projects\Data Engg Project\Data Engg Project on Emails - OC\new attempt\email_project\target\semantic_manifest.json
[0m00:26:54.663982 [debug] [MainThread]: Wrote artifact RunExecutionResult to F:\Projects\Data Engg Project\Data Engg Project on Emails - OC\new attempt\email_project\target\run_results.json
[0m00:26:54.663982 [info ] [MainThread]: 
[0m00:26:54.663982 [info ] [MainThread]: [32mCompleted successfully[0m
[0m00:26:54.663982 [info ] [MainThread]: 
[0m00:26:54.663982 [info ] [MainThread]: Done. PASS=2 WARN=0 ERROR=0 SKIP=0 NO-OP=0 TOTAL=2
[0m00:26:54.663982 [debug] [MainThread]: Command `dbt run` succeeded at 00:26:54.663982 after 10.38 seconds
[0m00:26:54.669030 [debug] [MainThread]: Sending event: {'category': 'dbt', 'action': 'invocation', 'label': 'end', 'context': [<snowplow_tracker.self_describing_json.SelfDescribingJson object at 0x000001F96CEB65A0>, <snowplow_tracker.self_describing_json.SelfDescribingJson object at 0x000001F9701345C0>, <snowplow_tracker.self_describing_json.SelfDescribingJson object at 0x000001F96D5AF0B0>]}
[0m00:26:54.669030 [debug] [MainThread]: Flushing usage events
[0m00:26:55.815915 [debug] [MainThread]: An error was encountered while trying to flush usage events
[0m00:27:55.309451 [debug] [MainThread]: Sending event: {'category': 'dbt', 'action': 'invocation', 'label': 'start', 'context': [<snowplow_tracker.self_describing_json.SelfDescribingJson object at 0x00000222438DA030>, <snowplow_tracker.self_describing_json.SelfDescribingJson object at 0x0000022243A025D0>, <snowplow_tracker.self_describing_json.SelfDescribingJson object at 0x000002223FB57200>]}


============================== 00:27:55.312092 | e0e7a8a0-28d4-4be6-894c-c55972a6349c ==============================
[0m00:27:55.312092 [info ] [MainThread]: Running with dbt=1.11.11
[0m00:27:55.312092 [debug] [MainThread]: running dbt with arguments {'version_check': 'True', 'no_print': 'None', 'static_parser': 'True', 'warn_error_options': 'WarnErrorOptionsV2(error=[], warn=[], silence=[])', 'target_path': 'None', 'printer_width': '80', 'write_json': 'True', 'empty': 'False', 'log_cache_events': 'False', 'introspect': 'True', 'cache_selected_only': 'False', 'log_format': 'default', 'debug': 'False', 'fail_fast': 'False', 'partial_parse': 'True', 'send_anonymous_usage_stats': 'True', 'quiet': 'False', 'warn_error': 'None', 'profiles_dir': 'C:\\Users\\61452\\.dbt', 'invocation_command': 'dbt run', 'use_colors': 'True', 'indirect_selection': 'eager', 'use_experimental_parser': 'False', 'log_path': 'F:\\Projects\\Data Engg Project\\Data Engg Project on Emails - OC\\new attempt\\email_project\\logs'}
[0m00:27:55.845346 [debug] [MainThread]: Snowflake adapter: Setting snowflake.connector to ERROR (file logging only)
[0m00:27:55.845346 [debug] [MainThread]: Snowflake adapter: Setting botocore to ERROR (file logging only)
[0m00:27:55.845346 [debug] [MainThread]: Snowflake adapter: Setting boto3 to ERROR (file logging only)
[0m00:27:56.038270 [debug] [MainThread]: Sending event: {'category': 'dbt', 'action': 'project_id', 'label': 'e0e7a8a0-28d4-4be6-894c-c55972a6349c', 'context': [<snowplow_tracker.self_describing_json.SelfDescribingJson object at 0x0000022240484440>]}
[0m00:27:56.082350 [debug] [MainThread]: Sending event: {'category': 'dbt', 'action': 'adapter_info', 'label': 'e0e7a8a0-28d4-4be6-894c-c55972a6349c', 'context': [<snowplow_tracker.self_describing_json.SelfDescribingJson object at 0x00000222455885C0>]}
[0m00:27:56.082350 [info ] [MainThread]: Registered adapter: snowflake=1.11.6
[0m00:27:56.362349 [debug] [MainThread]: checksum: 30a8cc8fdcbf66701b0944d4ccce3fa46dd04b61e5df68b9f16d57b2e0e3f0be, vars: {}, profile: , target: , version: 1.11.11
[0m00:27:56.443880 [info ] [MainThread]: [[33mWARNING[0m][GenericJSONSchemaValidationDeprecation]: Deprecated
functionality
'name' is a required property in file `models\staging\sources.yml` at path
`sources[0]` is possibly a deprecation. This generally means that either we
failed to catch this as a more specific deprecation type OR our JSONSchema had a
regression (and this deprecation was erroneous).
[0m00:27:56.443880 [error] [MainThread]: Encountered an error:
Parsing Error
  The schema file at models\staging\sources.yml is invalid because a list element for 'sources' does not have a name attribute.
[0m00:27:56.459725 [debug] [MainThread]: Command `dbt run` failed at 00:27:56.459725 after 1.29 seconds
[0m00:27:56.459725 [debug] [MainThread]: Sending event: {'category': 'dbt', 'action': 'invocation', 'label': 'end', 'context': [<snowplow_tracker.self_describing_json.SelfDescribingJson object at 0x00000222432D4CB0>, <snowplow_tracker.self_describing_json.SelfDescribingJson object at 0x0000022243A7F3B0>, <snowplow_tracker.self_describing_json.SelfDescribingJson object at 0x0000022245E72540>]}
[0m00:27:56.459725 [debug] [MainThread]: Flushing usage events
[0m00:27:58.125029 [debug] [MainThread]: An error was encountered while trying to flush usage events
[0m15:50:16.456151 [debug] [MainThread]: Sending event: {'category': 'dbt', 'action': 'invocation', 'label': 'start', 'context': [<snowplow_tracker.self_describing_json.SelfDescribingJson object at 0x000002C16C1C34A0>, <snowplow_tracker.self_describing_json.SelfDescribingJson object at 0x000002C16808E6F0>, <snowplow_tracker.self_describing_json.SelfDescribingJson object at 0x000002C16AF3C560>]}


============================== 15:50:16.466665 | ecbc89a5-ebf1-4811-b1e6-8de4bbe6758f ==============================
[0m15:50:16.466665 [info ] [MainThread]: Running with dbt=1.11.11
[0m15:50:16.466665 [debug] [MainThread]: running dbt with arguments {'version_check': 'True', 'no_print': 'None', 'static_parser': 'True', 'target_path': 'None', 'warn_error_options': 'WarnErrorOptionsV2(error=[], warn=[], silence=[])', 'printer_width': '80', 'write_json': 'True', 'empty': 'None', 'log_cache_events': 'False', 'introspect': 'True', 'cache_selected_only': 'False', 'fail_fast': 'False', 'debug': 'False', 'log_format': 'default', 'profiles_dir': 'C:\\Users\\61452\\.dbt', 'send_anonymous_usage_stats': 'True', 'quiet': 'False', 'warn_error': 'None', 'partial_parse': 'True', 'invocation_command': 'dbt ', 'use_colors': 'True', 'indirect_selection': 'eager', 'use_experimental_parser': 'False', 'log_path': 'f:\\Projects\\Data Engg Project\\Data Engg Project on Emails - OC\\new attempt\\email_project\\logs'}
[0m15:50:16.616548 [debug] [MainThread]: Sending event: {'category': 'dbt', 'action': 'project_id', 'label': 'ecbc89a5-ebf1-4811-b1e6-8de4bbe6758f', 'context': [<snowplow_tracker.self_describing_json.SelfDescribingJson object at 0x000002C16B992FF0>]}
[0m15:50:16.655212 [info ] [MainThread]: Warning: No packages were found in packages.yml
[0m15:50:16.656214 [info ] [MainThread]: Warning: No packages were found in packages.yml
[0m15:50:16.658206 [debug] [MainThread]: Command `cli deps` succeeded at 15:50:16.657208 after 0.35 seconds
[0m15:50:16.658206 [debug] [MainThread]: Sending event: {'category': 'dbt', 'action': 'invocation', 'label': 'end', 'context': [<snowplow_tracker.self_describing_json.SelfDescribingJson object at 0x000002C16D52BEC0>, <snowplow_tracker.self_describing_json.SelfDescribingJson object at 0x000002C16B474E90>, <snowplow_tracker.self_describing_json.SelfDescribingJson object at 0x000002C16B474EC0>]}
[0m15:50:16.658206 [debug] [MainThread]: Flushing usage events
[0m15:50:18.466581 [debug] [MainThread]: An error was encountered while trying to flush usage events
[0m15:57:58.561094 [debug] [MainThread]: Sending event: {'category': 'dbt', 'action': 'invocation', 'label': 'start', 'context': [<snowplow_tracker.self_describing_json.SelfDescribingJson object at 0x000001EA949971A0>, <snowplow_tracker.self_describing_json.SelfDescribingJson object at 0x000001EA978DD5B0>, <snowplow_tracker.self_describing_json.SelfDescribingJson object at 0x000001EA978DF170>]}


============================== 15:57:58.561094 | 51c3fb06-e0c6-4d1d-9891-42ecbcbec90e ==============================
[0m15:57:58.561094 [info ] [MainThread]: Running with dbt=1.11.11
[0m15:57:58.568445 [debug] [MainThread]: running dbt with arguments {'version_check': 'True', 'no_print': 'None', 'static_parser': 'True', 'warn_error_options': 'WarnErrorOptionsV2(error=[], warn=[], silence=[])', 'target_path': 'None', 'printer_width': '80', 'write_json': 'True', 'empty': 'False', 'log_cache_events': 'False', 'introspect': 'True', 'cache_selected_only': 'False', 'log_format': 'default', 'debug': 'False', 'fail_fast': 'False', 'partial_parse': 'True', 'send_anonymous_usage_stats': 'True', 'quiet': 'False', 'warn_error': 'None', 'profiles_dir': 'C:\\Users\\61452\\.dbt', 'indirect_selection': 'eager', 'invocation_command': 'dbt run', 'use_colors': 'True', 'use_experimental_parser': 'False', 'log_path': 'F:\\Projects\\Data Engg Project\\Data Engg Project on Emails - OC\\new attempt\\email_project\\logs'}
[0m15:57:58.978434 [debug] [MainThread]: Snowflake adapter: Setting snowflake.connector to ERROR (file logging only)
[0m15:57:58.979434 [debug] [MainThread]: Snowflake adapter: Setting botocore to ERROR (file logging only)
[0m15:57:58.979434 [debug] [MainThread]: Snowflake adapter: Setting boto3 to ERROR (file logging only)
[0m15:57:59.143389 [debug] [MainThread]: Sending event: {'category': 'dbt', 'action': 'project_id', 'label': '51c3fb06-e0c6-4d1d-9891-42ecbcbec90e', 'context': [<snowplow_tracker.self_describing_json.SelfDescribingJson object at 0x000001EA988144A0>]}
[0m15:57:59.206464 [debug] [MainThread]: Sending event: {'category': 'dbt', 'action': 'adapter_info', 'label': '51c3fb06-e0c6-4d1d-9891-42ecbcbec90e', 'context': [<snowplow_tracker.self_describing_json.SelfDescribingJson object at 0x000001EA973CBEC0>]}
[0m15:57:59.206464 [info ] [MainThread]: Registered adapter: snowflake=1.11.6
[0m15:57:59.669580 [debug] [MainThread]: checksum: 30a8cc8fdcbf66701b0944d4ccce3fa46dd04b61e5df68b9f16d57b2e0e3f0be, vars: {}, profile: , target: , version: 1.11.11
[0m15:57:59.796898 [debug] [MainThread]: Partial parsing enabled: 0 files deleted, 0 files added, 0 files changed.
[0m15:57:59.796898 [debug] [MainThread]: Nothing changed, skipping partial parsing.
[0m15:57:59.797481 [debug] [MainThread]: Partial parsing enabled, no changes found, skipping parsing
[0m15:57:59.820254 [debug] [MainThread]: Sending event: {'category': 'dbt', 'action': 'load_project', 'label': '51c3fb06-e0c6-4d1d-9891-42ecbcbec90e', 'context': [<snowplow_tracker.self_describing_json.SelfDescribingJson object at 0x000001EA9ADAEBA0>]}
[0m15:57:59.908802 [debug] [MainThread]: Wrote artifact WritableManifest to F:\Projects\Data Engg Project\Data Engg Project on Emails - OC\new attempt\email_project\target\manifest.json
[0m15:57:59.925172 [debug] [MainThread]: Wrote artifact SemanticManifest to F:\Projects\Data Engg Project\Data Engg Project on Emails - OC\new attempt\email_project\target\semantic_manifest.json
[0m15:57:59.934995 [debug] [MainThread]: Sending event: {'category': 'dbt', 'action': 'resource_counts', 'label': '51c3fb06-e0c6-4d1d-9891-42ecbcbec90e', 'context': [<snowplow_tracker.self_describing_json.SelfDescribingJson object at 0x000001EA9B00EEA0>]}
[0m15:57:59.934995 [info ] [MainThread]: Found 2 models, 1 source, 538 macros
[0m15:57:59.934995 [debug] [MainThread]: Sending event: {'category': 'dbt', 'action': 'runnable_timing', 'label': '51c3fb06-e0c6-4d1d-9891-42ecbcbec90e', 'context': [<snowplow_tracker.self_describing_json.SelfDescribingJson object at 0x000001EA9A99B860>]}
[0m15:57:59.939617 [info ] [MainThread]: 
[0m15:57:59.939617 [info ] [MainThread]: Concurrency: 1 threads (target='dev')
[0m15:57:59.939617 [info ] [MainThread]: 
[0m15:57:59.942895 [debug] [MainThread]: Acquiring new snowflake connection 'master'
[0m15:57:59.947677 [debug] [ThreadPool]: Acquiring new snowflake connection 'list_email_db'
[0m15:58:03.350820 [debug] [ThreadPool]: Using snowflake connection "list_email_db"
[0m15:58:03.350820 [debug] [ThreadPool]: On list_email_db: show terse schemas in database email_db
    limit 10000
/* {"app": "dbt", "dbt_version": "1.11.11", "profile_name": "email_project", "target_name": "dev", "connection_name": "list_email_db"} */
[0m15:58:03.350820 [debug] [ThreadPool]: Opening a new connection, currently in state init
[0m15:58:05.829906 [debug] [ThreadPool]: SQL status: SUCCESS 5 in 2.465 seconds
[0m15:58:05.833906 [debug] [ThreadPool]: Using snowflake connection "list_email_db"
[0m15:58:05.834899 [debug] [ThreadPool]: On list_email_db: show terse schemas in database email_db
    limit 10000
/* {"app": "dbt", "dbt_version": "1.11.11", "profile_name": "email_project", "target_name": "dev", "connection_name": "list_email_db"} */
[0m15:58:06.032282 [debug] [ThreadPool]: SQL status: SUCCESS 5 in 0.196 seconds
[0m15:58:06.034281 [debug] [ThreadPool]: Re-using an available connection from the pool (formerly list_email_db, now create_email_db_staging)
[0m15:58:06.048359 [debug] [ThreadPool]: Creating schema "database: "email_db"
schema: "staging"
"
[0m15:58:06.054506 [debug] [ThreadPool]: Using snowflake connection "create_email_db_staging"
[0m15:58:06.054506 [debug] [ThreadPool]: On create_email_db_staging: create schema if not exists email_db.staging
/* {"app": "dbt", "dbt_version": "1.11.11", "profile_name": "email_project", "target_name": "dev", "connection_name": "create_email_db_staging"} */
[0m15:58:06.198938 [debug] [ThreadPool]: SQL status: SUCCESS 1 in 0.144 seconds
[0m15:58:06.199936 [debug] [ThreadPool]: Re-using an available connection from the pool (formerly create_email_db_staging, now create_email_db_warehouse)
[0m15:58:06.200936 [debug] [ThreadPool]: Creating schema "database: "email_db"
schema: "warehouse"
"
[0m15:58:06.202874 [debug] [ThreadPool]: Using snowflake connection "create_email_db_warehouse"
[0m15:58:06.202874 [debug] [ThreadPool]: On create_email_db_warehouse: create schema if not exists email_db.warehouse
/* {"app": "dbt", "dbt_version": "1.11.11", "profile_name": "email_project", "target_name": "dev", "connection_name": "create_email_db_warehouse"} */
[0m15:58:06.348430 [debug] [ThreadPool]: SQL status: SUCCESS 1 in 0.149 seconds
[0m15:58:06.348430 [debug] [ThreadPool]: Acquiring new snowflake connection 'list_email_db_staging'
[0m15:58:06.370088 [debug] [ThreadPool]: Using snowflake connection "list_email_db_staging"
[0m15:58:06.371088 [debug] [ThreadPool]: On list_email_db_staging: show objects in email_db.staging
    limit 10000
    

/* {"app": "dbt", "dbt_version": "1.11.11", "profile_name": "email_project", "target_name": "dev", "connection_name": "list_email_db_staging"} */;
[0m15:58:06.371088 [debug] [ThreadPool]: Opening a new connection, currently in state init
[0m15:58:06.870713 [debug] [ThreadPool]: SQL status: SUCCESS 0 in 0.507 seconds
[0m15:58:06.886315 [debug] [ThreadPool]: Re-using an available connection from the pool (formerly list_email_db_staging, now list_email_db_warehouse)
[0m15:58:06.888939 [debug] [ThreadPool]: Using snowflake connection "list_email_db_warehouse"
[0m15:58:06.888939 [debug] [ThreadPool]: On list_email_db_warehouse: show objects in email_db.warehouse
    limit 10000
    

/* {"app": "dbt", "dbt_version": "1.11.11", "profile_name": "email_project", "target_name": "dev", "connection_name": "list_email_db_warehouse"} */;
[0m15:58:07.044618 [debug] [ThreadPool]: SQL status: SUCCESS 0 in 0.154 seconds
[0m15:58:07.046894 [debug] [MainThread]: Sending event: {'category': 'dbt', 'action': 'runnable_timing', 'label': '51c3fb06-e0c6-4d1d-9891-42ecbcbec90e', 'context': [<snowplow_tracker.self_describing_json.SelfDescribingJson object at 0x000001EA9ABAC1D0>]}
[0m15:58:07.052776 [debug] [Thread-2 (]: Began running node model.email_project.stg_gmail_data
[0m15:58:07.052776 [info ] [Thread-2 (]: 1 of 2 START sql view model staging.stg_gmail_data ............................. [RUN]
[0m15:58:07.052776 [debug] [Thread-2 (]: Acquiring new snowflake connection 'model.email_project.stg_gmail_data'
[0m15:58:07.052776 [debug] [Thread-2 (]: Began compiling node model.email_project.stg_gmail_data
[0m15:58:07.052776 [debug] [Thread-2 (]: Writing injected SQL for node "model.email_project.stg_gmail_data"
[0m15:58:07.052776 [debug] [Thread-2 (]: Began executing node model.email_project.stg_gmail_data
[0m15:58:07.087059 [debug] [Thread-2 (]: Writing runtime sql for node "model.email_project.stg_gmail_data"
[0m15:58:07.101787 [debug] [Thread-2 (]: Using snowflake connection "model.email_project.stg_gmail_data"
[0m15:58:07.101787 [debug] [Thread-2 (]: On model.email_project.stg_gmail_data: create or replace   view email_db.staging.stg_gmail_data
  
  
  
  
  as (
    
with msg_rank as(
    SELECT 
        MESSAGE_ID,
        --SENDER_RAW,
        LOWER(SENDER_EMAIL) AS sender_email,
        SENDER_DISPLAY_NAME AS SENDER_NAME,
        SENDER_DOMAIN,
        SENDER_DOMAIN_TYPE,
        CASE
            WHEN CC IS NULL THEN 'None'
            ELSE CC
        END AS CC,
        RECIPIENT_COUNT,    
        SUBJECT,    
        TO_DATE(FULL_DATE ,'DD/MM/YYYY') as email_date,
        --YEAR,
        --QUARTER,
        --MONTH,
        --MONTH_NAME,
        --WEEK,
        DAY_OF_WEEK,
        --DAY_NAME,
        --IS_WEEKEND,    
        --FULL_TIME,
        --HOUR,
        --MINUTE,
        --AM_PM,
        --TIME_BUCKET,
        FOLDER,
        ALL_LABELS,    
        SIZE_BYTES,
        ATTACHMENT_COUNT,
        HAS_ATTACHMENTS,  
        IS_READ,
        IS_STARRED,
        IS_REPLIED,   
        --THREAD_SUBJECT,
        TO_TIMESTAMP(THREAD_FIRST_MESSAGE_AT, 'DD/MM/YYYY HH24:MI') AS THREAD_FIRST_MESSAGE_AT,    
        --THREAD_DURATION_SEC,       
        THREAD_PARTICIPANT_COUNT,
        RANK () OVER (PARTITION BY MESSAGE_ID ORDER BY FULL_DATE desc) AS rnk
    from email_db.raw.gmail_data
)
SELECT         
        MESSAGE_ID,
        SENDER_NAME,
        sender_email,
        SENDER_DOMAIN,
        SENDER_DOMAIN_TYPE,
        CC,
        RECIPIENT_COUNT,    
        SUBJECT,    
        email_date,
        DAY_OF_WEEK,
        FOLDER,
        ALL_LABELS,    
        SIZE_BYTES,
        ATTACHMENT_COUNT,
        HAS_ATTACHMENTS,  
        IS_READ,
        IS_STARRED,
        IS_REPLIED, 
        THREAD_FIRST_MESSAGE_AT,           
        THREAD_PARTICIPANT_COUNT, 
    FROM msg_rank WHERE rnk = 1
  )
/* {"app": "dbt", "dbt_version": "1.11.11", "profile_name": "email_project", "target_name": "dev", "node_id": "model.email_project.stg_gmail_data"} */;
[0m15:58:07.102810 [debug] [Thread-2 (]: Opening a new connection, currently in state init
[0m15:58:08.318408 [debug] [Thread-2 (]: SQL status: SUCCESS 1 in 1.216 seconds
[0m15:58:08.341436 [debug] [Thread-2 (]: Sending event: {'category': 'dbt', 'action': 'run_model', 'label': '51c3fb06-e0c6-4d1d-9891-42ecbcbec90e', 'context': [<snowplow_tracker.self_describing_json.SelfDescribingJson object at 0x000001EA988BDF10>]}
[0m15:58:08.342439 [info ] [Thread-2 (]: 1 of 2 OK created sql view model staging.stg_gmail_data ........................ [[32mSUCCESS 1[0m in 1.29s]
[0m15:58:08.343421 [debug] [Thread-2 (]: Finished running node model.email_project.stg_gmail_data
[0m15:58:08.344429 [debug] [Thread-2 (]: Began running node model.email_project.sender_dim
[0m15:58:08.345429 [info ] [Thread-2 (]: 2 of 2 START sql table model warehouse.sender_dim .............................. [RUN]
[0m15:58:08.345429 [debug] [Thread-2 (]: Re-using an available connection from the pool (formerly model.email_project.stg_gmail_data, now model.email_project.sender_dim)
[0m15:58:08.346422 [debug] [Thread-2 (]: Began compiling node model.email_project.sender_dim
[0m15:58:08.350428 [debug] [Thread-2 (]: Writing injected SQL for node "model.email_project.sender_dim"
[0m15:58:08.351646 [debug] [Thread-2 (]: Began executing node model.email_project.sender_dim
[0m15:58:08.376189 [debug] [Thread-2 (]: Writing runtime sql for node "model.email_project.sender_dim"
[0m15:58:08.376189 [debug] [Thread-2 (]: Using snowflake connection "model.email_project.sender_dim"
[0m15:58:08.376189 [debug] [Thread-2 (]: On model.email_project.sender_dim: create or replace transient table email_db.warehouse.sender_dim
    
    
    
    as (

with reorder_columns as(
SELECT 
distinct sender_email,
SENDER_NAME,
SENDER_DOMAIN_TYPE
FROM email_db.staging.stg_gmail_data
)
SELECT
SENDER_NAME, 
sender_email,
SENDER_DOMAIN_TYPE
FROM reorder_columns
    )

/* {"app": "dbt", "dbt_version": "1.11.11", "profile_name": "email_project", "target_name": "dev", "node_id": "model.email_project.sender_dim"} */;
[0m15:58:11.126405 [debug] [Thread-2 (]: SQL status: SUCCESS 300 in 2.745 seconds
[0m15:58:11.127548 [debug] [Thread-2 (]: Sending event: {'category': 'dbt', 'action': 'run_model', 'label': '51c3fb06-e0c6-4d1d-9891-42ecbcbec90e', 'context': [<snowplow_tracker.self_describing_json.SelfDescribingJson object at 0x000001EA9B89BEC0>]}
[0m15:58:11.128547 [info ] [Thread-2 (]: 2 of 2 OK created sql table model warehouse.sender_dim ......................... [[32mSUCCESS 300[0m in 2.78s]
[0m15:58:11.129657 [debug] [Thread-2 (]: Finished running node model.email_project.sender_dim
[0m15:58:11.132473 [debug] [MainThread]: Connection 'master' was properly closed.
[0m15:58:11.132473 [debug] [MainThread]: Connection 'create_email_db_warehouse' was left open.
[0m15:58:11.132473 [debug] [MainThread]: On create_email_db_warehouse: Close
[0m15:58:11.277870 [debug] [MainThread]: Connection 'list_email_db_warehouse' was left open.
[0m15:58:11.278870 [debug] [MainThread]: On list_email_db_warehouse: Close
[0m15:58:11.440466 [debug] [MainThread]: Connection 'model.email_project.sender_dim' was left open.
[0m15:58:11.440466 [debug] [MainThread]: On model.email_project.sender_dim: Close
[0m15:58:11.577728 [info ] [MainThread]: 
[0m15:58:11.578729 [info ] [MainThread]: Finished running 1 table model, 1 view model in 0 hours 0 minutes and 11.64 seconds (11.64s).
[0m15:58:11.579728 [debug] [MainThread]: Command end result
[0m15:58:11.611253 [debug] [MainThread]: Wrote artifact WritableManifest to F:\Projects\Data Engg Project\Data Engg Project on Emails - OC\new attempt\email_project\target\manifest.json
[0m15:58:11.614254 [debug] [MainThread]: Wrote artifact SemanticManifest to F:\Projects\Data Engg Project\Data Engg Project on Emails - OC\new attempt\email_project\target\semantic_manifest.json
[0m15:58:11.622245 [debug] [MainThread]: Wrote artifact RunExecutionResult to F:\Projects\Data Engg Project\Data Engg Project on Emails - OC\new attempt\email_project\target\run_results.json
[0m15:58:11.622764 [info ] [MainThread]: 
[0m15:58:11.623796 [info ] [MainThread]: [32mCompleted successfully[0m
[0m15:58:11.623796 [info ] [MainThread]: 
[0m15:58:11.624778 [info ] [MainThread]: Done. PASS=2 WARN=0 ERROR=0 SKIP=0 NO-OP=0 TOTAL=2
[0m15:58:11.625780 [debug] [MainThread]: Command `dbt run` succeeded at 15:58:11.625780 after 13.20 seconds
[0m15:58:11.625780 [debug] [MainThread]: Sending event: {'category': 'dbt', 'action': 'invocation', 'label': 'end', 'context': [<snowplow_tracker.self_describing_json.SelfDescribingJson object at 0x000001EA978C9400>, <snowplow_tracker.self_describing_json.SelfDescribingJson object at 0x000001EA978C9370>, <snowplow_tracker.self_describing_json.SelfDescribingJson object at 0x000001EA978C9310>]}
[0m15:58:11.625780 [debug] [MainThread]: Flushing usage events
[0m15:58:12.688378 [debug] [MainThread]: An error was encountered while trying to flush usage events
[0m18:06:43.185934 [debug] [MainThread]: Sending event: {'category': 'dbt', 'action': 'invocation', 'label': 'start', 'context': [<snowplow_tracker.self_describing_json.SelfDescribingJson object at 0x000001458007D1C0>, <snowplow_tracker.self_describing_json.SelfDescribingJson object at 0x000001458007E1E0>, <snowplow_tracker.self_describing_json.SelfDescribingJson object at 0x000001458007F9B0>]}


============================== 18:06:43.196766 | 1eab95d1-84f7-41b3-975d-1cd80c692f5b ==============================
[0m18:06:43.196766 [info ] [MainThread]: Running with dbt=1.11.11
[0m18:06:43.198730 [debug] [MainThread]: running dbt with arguments {'version_check': 'True', 'no_print': 'None', 'static_parser': 'True', 'target_path': 'None', 'warn_error_options': 'WarnErrorOptionsV2(error=[], warn=[], silence=[])', 'printer_width': '80', 'write_json': 'True', 'empty': 'False', 'log_cache_events': 'False', 'introspect': 'True', 'cache_selected_only': 'False', 'log_format': 'default', 'debug': 'False', 'fail_fast': 'False', 'partial_parse': 'True', 'send_anonymous_usage_stats': 'True', 'quiet': 'False', 'warn_error': 'None', 'profiles_dir': 'C:\\Users\\61452\\.dbt', 'use_colors': 'True', 'indirect_selection': 'eager', 'invocation_command': 'dbt run', 'use_experimental_parser': 'False', 'log_path': 'F:\\Projects\\Data Engg Project\\Data Engg Project on Emails - OC\\new attempt\\email_project\\logs'}
[0m18:06:44.256196 [debug] [MainThread]: Snowflake adapter: Setting snowflake.connector to ERROR (file logging only)
[0m18:06:44.256196 [debug] [MainThread]: Snowflake adapter: Setting botocore to ERROR (file logging only)
[0m18:06:44.256196 [debug] [MainThread]: Snowflake adapter: Setting boto3 to ERROR (file logging only)
[0m18:06:44.529695 [debug] [MainThread]: Sending event: {'category': 'dbt', 'action': 'project_id', 'label': '1eab95d1-84f7-41b3-975d-1cd80c692f5b', 'context': [<snowplow_tracker.self_describing_json.SelfDescribingJson object at 0x000001458007CAD0>]}
[0m18:06:44.593552 [debug] [MainThread]: Sending event: {'category': 'dbt', 'action': 'adapter_info', 'label': '1eab95d1-84f7-41b3-975d-1cd80c692f5b', 'context': [<snowplow_tracker.self_describing_json.SelfDescribingJson object at 0x00000145FF4ECEF0>]}
[0m18:06:44.593552 [info ] [MainThread]: Registered adapter: snowflake=1.11.6
[0m18:06:45.126283 [debug] [MainThread]: checksum: 30a8cc8fdcbf66701b0944d4ccce3fa46dd04b61e5df68b9f16d57b2e0e3f0be, vars: {}, profile: , target: , version: 1.11.11
[0m18:06:45.215696 [info ] [MainThread]: Unable to do partial parsing because profile has changed
[0m18:06:45.215696 [debug] [MainThread]: Sending event: {'category': 'dbt', 'action': 'partial_parser', 'label': '1eab95d1-84f7-41b3-975d-1cd80c692f5b', 'context': [<snowplow_tracker.self_describing_json.SelfDescribingJson object at 0x00000145828D93A0>]}
[0m18:06:48.016223 [debug] [MainThread]: Sending event: {'category': 'dbt', 'action': 'load_project', 'label': '1eab95d1-84f7-41b3-975d-1cd80c692f5b', 'context': [<snowplow_tracker.self_describing_json.SelfDescribingJson object at 0x00000145800135F0>]}
[0m18:06:48.097338 [debug] [MainThread]: Wrote artifact WritableManifest to F:\Projects\Data Engg Project\Data Engg Project on Emails - OC\new attempt\email_project\target\manifest.json
[0m18:06:48.113383 [debug] [MainThread]: Wrote artifact SemanticManifest to F:\Projects\Data Engg Project\Data Engg Project on Emails - OC\new attempt\email_project\target\semantic_manifest.json
[0m18:06:48.129526 [debug] [MainThread]: Sending event: {'category': 'dbt', 'action': 'resource_counts', 'label': '1eab95d1-84f7-41b3-975d-1cd80c692f5b', 'context': [<snowplow_tracker.self_describing_json.SelfDescribingJson object at 0x0000014582594EC0>]}
[0m18:06:48.129526 [info ] [MainThread]: Found 2 models, 1 source, 538 macros
[0m18:06:48.129526 [debug] [MainThread]: Sending event: {'category': 'dbt', 'action': 'runnable_timing', 'label': '1eab95d1-84f7-41b3-975d-1cd80c692f5b', 'context': [<snowplow_tracker.self_describing_json.SelfDescribingJson object at 0x0000014582417FE0>]}
[0m18:06:48.129526 [info ] [MainThread]: 
[0m18:06:48.129526 [info ] [MainThread]: Concurrency: 1 threads (target='dev')
[0m18:06:48.145228 [info ] [MainThread]: 
[0m18:06:48.145228 [debug] [MainThread]: Acquiring new snowflake connection 'master'
[0m18:06:48.152801 [debug] [ThreadPool]: Acquiring new snowflake connection 'list_email_db'
[0m18:06:51.636129 [debug] [ThreadPool]: Using snowflake connection "list_email_db"
[0m18:06:51.636129 [debug] [ThreadPool]: On list_email_db: show terse schemas in database email_db
    limit 10000
/* {"app": "dbt", "dbt_version": "1.11.11", "profile_name": "email_project", "target_name": "dev", "connection_name": "list_email_db"} */
[0m18:06:51.636129 [debug] [ThreadPool]: Opening a new connection, currently in state init
[0m18:06:54.198071 [debug] [ThreadPool]: SQL status: SUCCESS 3 in 2.563 seconds
[0m18:06:54.198071 [debug] [ThreadPool]: Using snowflake connection "list_email_db"
[0m18:06:54.198071 [debug] [ThreadPool]: On list_email_db: show terse schemas in database email_db
    limit 10000
/* {"app": "dbt", "dbt_version": "1.11.11", "profile_name": "email_project", "target_name": "dev", "connection_name": "list_email_db"} */
[0m18:06:54.311536 [debug] [ThreadPool]: SQL status: SUCCESS 3 in 0.116 seconds
[0m18:06:54.311536 [debug] [ThreadPool]: Re-using an available connection from the pool (formerly list_email_db, now create_email_db_warehouse)
[0m18:06:54.311536 [debug] [ThreadPool]: Creating schema "database: "email_db"
schema: "warehouse"
"
[0m18:06:54.329388 [debug] [ThreadPool]: Using snowflake connection "create_email_db_warehouse"
[0m18:06:54.329388 [debug] [ThreadPool]: On create_email_db_warehouse: create schema if not exists email_db.warehouse
/* {"app": "dbt", "dbt_version": "1.11.11", "profile_name": "email_project", "target_name": "dev", "connection_name": "create_email_db_warehouse"} */
[0m18:06:54.433123 [debug] [ThreadPool]: SQL status: SUCCESS 1 in 0.113 seconds
[0m18:06:54.433123 [debug] [ThreadPool]: Re-using an available connection from the pool (formerly create_email_db_warehouse, now create_email_db_staging)
[0m18:06:54.433123 [debug] [ThreadPool]: Creating schema "database: "email_db"
schema: "staging"
"
[0m18:06:54.449333 [debug] [ThreadPool]: Using snowflake connection "create_email_db_staging"
[0m18:06:54.449333 [debug] [ThreadPool]: On create_email_db_staging: create schema if not exists email_db.staging
/* {"app": "dbt", "dbt_version": "1.11.11", "profile_name": "email_project", "target_name": "dev", "connection_name": "create_email_db_staging"} */
[0m18:06:54.565623 [debug] [ThreadPool]: SQL status: SUCCESS 1 in 0.126 seconds
[0m18:06:54.580186 [debug] [ThreadPool]: Acquiring new snowflake connection 'list_email_db_warehouse'
[0m18:06:54.592771 [debug] [ThreadPool]: Using snowflake connection "list_email_db_warehouse"
[0m18:06:54.592771 [debug] [ThreadPool]: On list_email_db_warehouse: show objects in email_db.warehouse
    limit 10000
    

/* {"app": "dbt", "dbt_version": "1.11.11", "profile_name": "email_project", "target_name": "dev", "connection_name": "list_email_db_warehouse"} */;
[0m18:06:54.593819 [debug] [ThreadPool]: Opening a new connection, currently in state init
[0m18:06:55.233918 [debug] [ThreadPool]: SQL status: SUCCESS 0 in 0.648 seconds
[0m18:06:55.233918 [debug] [ThreadPool]: Re-using an available connection from the pool (formerly list_email_db_warehouse, now list_email_db_staging)
[0m18:06:55.233918 [debug] [ThreadPool]: Using snowflake connection "list_email_db_staging"
[0m18:06:55.233918 [debug] [ThreadPool]: On list_email_db_staging: show objects in email_db.staging
    limit 10000
    

/* {"app": "dbt", "dbt_version": "1.11.11", "profile_name": "email_project", "target_name": "dev", "connection_name": "list_email_db_staging"} */;
[0m18:06:55.346634 [debug] [ThreadPool]: SQL status: SUCCESS 0 in 0.104 seconds
[0m18:06:55.346634 [debug] [MainThread]: Sending event: {'category': 'dbt', 'action': 'runnable_timing', 'label': '1eab95d1-84f7-41b3-975d-1cd80c692f5b', 'context': [<snowplow_tracker.self_describing_json.SelfDescribingJson object at 0x0000014582882120>]}
[0m18:06:55.362760 [debug] [Thread-2 (]: Began running node model.email_project.stg_gmail_data
[0m18:06:55.362760 [info ] [Thread-2 (]: 1 of 2 START sql view model staging.stg_gmail_data ............................. [RUN]
[0m18:06:55.362760 [debug] [Thread-2 (]: Acquiring new snowflake connection 'model.email_project.stg_gmail_data'
[0m18:06:55.362760 [debug] [Thread-2 (]: Began compiling node model.email_project.stg_gmail_data
[0m18:06:55.381821 [debug] [Thread-2 (]: Writing injected SQL for node "model.email_project.stg_gmail_data"
[0m18:06:55.382821 [debug] [Thread-2 (]: Began executing node model.email_project.stg_gmail_data
[0m18:06:55.415538 [debug] [Thread-2 (]: Writing runtime sql for node "model.email_project.stg_gmail_data"
[0m18:06:55.418570 [debug] [Thread-2 (]: Using snowflake connection "model.email_project.stg_gmail_data"
[0m18:06:55.418570 [debug] [Thread-2 (]: On model.email_project.stg_gmail_data: create or replace   view email_db.staging.stg_gmail_data
  
  
  
  
  as (
    
with msg_rank as(
    SELECT 
        MESSAGE_ID,
        --SENDER_RAW,
        LOWER(SENDER_EMAIL) AS sender_email,
        SENDER_DISPLAY_NAME AS SENDER_NAME,
        SENDER_DOMAIN,
        SENDER_DOMAIN_TYPE,
        CASE
            WHEN CC IS NULL THEN 'None'
            ELSE CC
        END AS CC,
        RECIPIENT_COUNT,    
        SUBJECT,    
        TO_DATE(FULL_DATE ,'DD/MM/YYYY') as email_date,
        --YEAR,
        --QUARTER,
        --MONTH,
        --MONTH_NAME,
        --WEEK,
        DAY_OF_WEEK,
        --DAY_NAME,
        --IS_WEEKEND,    
        --FULL_TIME,
        --HOUR,
        --MINUTE,
        --AM_PM,
        --TIME_BUCKET,
        FOLDER,
        ALL_LABELS,    
        SIZE_BYTES,
        ATTACHMENT_COUNT,
        HAS_ATTACHMENTS,  
        IS_READ,
        IS_STARRED,
        IS_REPLIED,   
        --THREAD_SUBJECT,
        TO_TIMESTAMP(THREAD_FIRST_MESSAGE_AT, 'DD/MM/YYYY HH24:MI') AS THREAD_FIRST_MESSAGE_AT,    
        --THREAD_DURATION_SEC,       
        THREAD_PARTICIPANT_COUNT,
        RANK () OVER (PARTITION BY MESSAGE_ID ORDER BY FULL_DATE desc) AS rnk
    from email_db.raw.gmail_data
)
SELECT         
        MESSAGE_ID,
        SENDER_NAME,
        sender_email,
        SENDER_DOMAIN,
        SENDER_DOMAIN_TYPE,
        CC,
        RECIPIENT_COUNT,    
        SUBJECT,    
        email_date,
        DAY_OF_WEEK,
        FOLDER,
        ALL_LABELS,    
        SIZE_BYTES,
        ATTACHMENT_COUNT,
        HAS_ATTACHMENTS,  
        IS_READ,
        IS_STARRED,
        IS_REPLIED, 
        THREAD_FIRST_MESSAGE_AT,           
        THREAD_PARTICIPANT_COUNT, 
    FROM msg_rank WHERE rnk = 1
  )
/* {"app": "dbt", "dbt_version": "1.11.11", "profile_name": "email_project", "target_name": "dev", "node_id": "model.email_project.stg_gmail_data"} */;
[0m18:06:55.419570 [debug] [Thread-2 (]: Opening a new connection, currently in state init
[0m18:06:56.196943 [debug] [Thread-2 (]: SQL status: SUCCESS 1 in 0.792 seconds
[0m18:06:56.227894 [debug] [Thread-2 (]: Sending event: {'category': 'dbt', 'action': 'run_model', 'label': '1eab95d1-84f7-41b3-975d-1cd80c692f5b', 'context': [<snowplow_tracker.self_describing_json.SelfDescribingJson object at 0x00000145800CDF10>]}
[0m18:06:56.227894 [info ] [Thread-2 (]: 1 of 2 OK created sql view model staging.stg_gmail_data ........................ [[32mSUCCESS 1[0m in 0.87s]
[0m18:06:56.227894 [debug] [Thread-2 (]: Finished running node model.email_project.stg_gmail_data
[0m18:06:56.227894 [debug] [Thread-2 (]: Began running node model.email_project.sender_dim
[0m18:06:56.227894 [info ] [Thread-2 (]: 2 of 2 START sql table model warehouse.sender_dim .............................. [RUN]
[0m18:06:56.227894 [debug] [Thread-2 (]: Re-using an available connection from the pool (formerly model.email_project.stg_gmail_data, now model.email_project.sender_dim)
[0m18:06:56.227894 [debug] [Thread-2 (]: Began compiling node model.email_project.sender_dim
[0m18:06:56.243663 [debug] [Thread-2 (]: Writing injected SQL for node "model.email_project.sender_dim"
[0m18:06:56.245356 [debug] [Thread-2 (]: Began executing node model.email_project.sender_dim
[0m18:06:56.272024 [debug] [Thread-2 (]: Writing runtime sql for node "model.email_project.sender_dim"
[0m18:06:56.274033 [debug] [Thread-2 (]: Using snowflake connection "model.email_project.sender_dim"
[0m18:06:56.274033 [debug] [Thread-2 (]: On model.email_project.sender_dim: create or replace transient table email_db.warehouse.sender_dim
    
    
    
    as (

with reorder_columns as(
SELECT 
distinct sender_email,
SENDER_NAME,
SENDER_DOMAIN_TYPE
FROM email_db.staging.stg_gmail_data
)
SELECT
SENDER_NAME, 
sender_email,
SENDER_DOMAIN_TYPE
FROM reorder_columns
    )

/* {"app": "dbt", "dbt_version": "1.11.11", "profile_name": "email_project", "target_name": "dev", "node_id": "model.email_project.sender_dim"} */;
[0m18:06:57.843280 [debug] [Thread-2 (]: SQL status: SUCCESS 300 in 1.568 seconds
[0m18:06:57.843280 [debug] [Thread-2 (]: Sending event: {'category': 'dbt', 'action': 'run_model', 'label': '1eab95d1-84f7-41b3-975d-1cd80c692f5b', 'context': [<snowplow_tracker.self_describing_json.SelfDescribingJson object at 0x00000145840D7D40>]}
[0m18:06:57.843280 [info ] [Thread-2 (]: 2 of 2 OK created sql table model warehouse.sender_dim ......................... [[32mSUCCESS 300[0m in 1.62s]
[0m18:06:57.843280 [debug] [Thread-2 (]: Finished running node model.email_project.sender_dim
[0m18:06:57.843280 [debug] [MainThread]: Connection 'master' was properly closed.
[0m18:06:57.843280 [debug] [MainThread]: Connection 'create_email_db_staging' was left open.
[0m18:06:57.843280 [debug] [MainThread]: On create_email_db_staging: Close
[0m18:06:58.010041 [debug] [MainThread]: Connection 'list_email_db_staging' was left open.
[0m18:06:58.011073 [debug] [MainThread]: On list_email_db_staging: Close
[0m18:06:58.145852 [debug] [MainThread]: Connection 'model.email_project.sender_dim' was left open.
[0m18:06:58.145852 [debug] [MainThread]: On model.email_project.sender_dim: Close
[0m18:06:58.309881 [info ] [MainThread]: 
[0m18:06:58.310882 [info ] [MainThread]: Finished running 1 table model, 1 view model in 0 hours 0 minutes and 10.16 seconds (10.16s).
[0m18:06:58.312903 [debug] [MainThread]: Command end result
[0m18:06:58.344075 [debug] [MainThread]: Wrote artifact WritableManifest to F:\Projects\Data Engg Project\Data Engg Project on Emails - OC\new attempt\email_project\target\manifest.json
[0m18:06:58.347445 [debug] [MainThread]: Wrote artifact SemanticManifest to F:\Projects\Data Engg Project\Data Engg Project on Emails - OC\new attempt\email_project\target\semantic_manifest.json
[0m18:06:58.358630 [debug] [MainThread]: Wrote artifact RunExecutionResult to F:\Projects\Data Engg Project\Data Engg Project on Emails - OC\new attempt\email_project\target\run_results.json
[0m18:06:58.361501 [info ] [MainThread]: 
[0m18:06:58.361501 [info ] [MainThread]: [32mCompleted successfully[0m
[0m18:06:58.363128 [info ] [MainThread]: 
[0m18:06:58.365015 [info ] [MainThread]: Done. PASS=2 WARN=0 ERROR=0 SKIP=0 NO-OP=0 TOTAL=2
[0m18:06:58.365015 [debug] [MainThread]: Command `dbt run` succeeded at 18:06:58.365015 after 15.32 seconds
[0m18:06:58.365015 [debug] [MainThread]: Sending event: {'category': 'dbt', 'action': 'invocation', 'label': 'end', 'context': [<snowplow_tracker.self_describing_json.SelfDescribingJson object at 0x00000145FFA1E1B0>, <snowplow_tracker.self_describing_json.SelfDescribingJson object at 0x00000145800270B0>, <snowplow_tracker.self_describing_json.SelfDescribingJson object at 0x00000145FF1D1AF0>]}
[0m18:06:58.365015 [debug] [MainThread]: Flushing usage events
[0m18:06:59.530397 [debug] [MainThread]: An error was encountered while trying to flush usage events
[0m18:08:58.297092 [debug] [MainThread]: Sending event: {'category': 'dbt', 'action': 'invocation', 'label': 'start', 'context': [<snowplow_tracker.self_describing_json.SelfDescribingJson object at 0x000001283A8CB140>, <snowplow_tracker.self_describing_json.SelfDescribingJson object at 0x000001283E7802C0>, <snowplow_tracker.self_describing_json.SelfDescribingJson object at 0x000001283E782510>]}


============================== 18:08:58.297092 | 8e2d848a-f13d-4a26-b1e6-2de16c73748f ==============================
[0m18:08:58.297092 [info ] [MainThread]: Running with dbt=1.11.11
[0m18:08:58.297092 [debug] [MainThread]: running dbt with arguments {'version_check': 'True', 'no_print': 'None', 'static_parser': 'True', 'warn_error_options': 'WarnErrorOptionsV2(error=[], warn=[], silence=[])', 'target_path': 'None', 'printer_width': '80', 'write_json': 'True', 'introspect': 'True', 'log_cache_events': 'False', 'empty': 'False', 'cache_selected_only': 'False', 'log_format': 'default', 'debug': 'False', 'fail_fast': 'False', 'partial_parse': 'True', 'send_anonymous_usage_stats': 'True', 'quiet': 'False', 'warn_error': 'None', 'profiles_dir': 'C:\\Users\\61452\\.dbt', 'indirect_selection': 'eager', 'invocation_command': 'dbt run', 'use_colors': 'True', 'use_experimental_parser': 'False', 'log_path': 'F:\\Projects\\Data Engg Project\\Data Engg Project on Emails - OC\\new attempt\\email_project\\logs'}
[0m18:08:58.883713 [debug] [MainThread]: Snowflake adapter: Setting snowflake.connector to ERROR (file logging only)
[0m18:08:58.883713 [debug] [MainThread]: Snowflake adapter: Setting botocore to ERROR (file logging only)
[0m18:08:58.883713 [debug] [MainThread]: Snowflake adapter: Setting boto3 to ERROR (file logging only)
[0m18:08:59.078395 [debug] [MainThread]: Sending event: {'category': 'dbt', 'action': 'project_id', 'label': '8e2d848a-f13d-4a26-b1e6-2de16c73748f', 'context': [<snowplow_tracker.self_describing_json.SelfDescribingJson object at 0x0000012840C2CA40>]}
[0m18:08:59.126139 [debug] [MainThread]: Sending event: {'category': 'dbt', 'action': 'adapter_info', 'label': '8e2d848a-f13d-4a26-b1e6-2de16c73748f', 'context': [<snowplow_tracker.self_describing_json.SelfDescribingJson object at 0x0000012840252480>]}
[0m18:08:59.141843 [info ] [MainThread]: Registered adapter: snowflake=1.11.6
[0m18:08:59.453981 [debug] [MainThread]: checksum: 30a8cc8fdcbf66701b0944d4ccce3fa46dd04b61e5df68b9f16d57b2e0e3f0be, vars: {}, profile: , target: , version: 1.11.11
[0m18:08:59.589562 [debug] [MainThread]: Partial parsing enabled: 0 files deleted, 1 files added, 0 files changed.
[0m18:08:59.589562 [debug] [MainThread]: Partial parsing: added file: email_project://models\warehouse\email_fct.sql
[0m18:08:59.765183 [error] [MainThread]: Encountered an error:
Parsing Error
  at path ['materialized']: Undefined is not of type 'string'
[0m18:08:59.765183 [debug] [MainThread]: Command `dbt run` failed at 18:08:59.765183 after 1.61 seconds
[0m18:08:59.765183 [debug] [MainThread]: Sending event: {'category': 'dbt', 'action': 'invocation', 'label': 'end', 'context': [<snowplow_tracker.self_describing_json.SelfDescribingJson object at 0x000001283DF5B980>, <snowplow_tracker.self_describing_json.SelfDescribingJson object at 0x0000012840F01070>, <snowplow_tracker.self_describing_json.SelfDescribingJson object at 0x0000012840C039B0>]}
[0m18:08:59.765183 [debug] [MainThread]: Flushing usage events
[0m18:09:00.964392 [debug] [MainThread]: An error was encountered while trying to flush usage events
[0m18:09:10.950018 [debug] [MainThread]: Sending event: {'category': 'dbt', 'action': 'invocation', 'label': 'start', 'context': [<snowplow_tracker.self_describing_json.SelfDescribingJson object at 0x00000208E03505C0>, <snowplow_tracker.self_describing_json.SelfDescribingJson object at 0x00000208E03C90A0>, <snowplow_tracker.self_describing_json.SelfDescribingJson object at 0x00000208E1D4AF30>]}


============================== 18:09:10.954173 | 66731c41-1e0d-4377-aa34-c5a3ca462656 ==============================
[0m18:09:10.954173 [info ] [MainThread]: Running with dbt=1.11.11
[0m18:09:10.954173 [debug] [MainThread]: running dbt with arguments {'version_check': 'True', 'no_print': 'None', 'static_parser': 'True', 'warn_error_options': 'WarnErrorOptionsV2(error=[], warn=[], silence=[])', 'target_path': 'None', 'printer_width': '80', 'write_json': 'True', 'empty': 'False', 'log_cache_events': 'False', 'introspect': 'True', 'cache_selected_only': 'False', 'log_format': 'default', 'debug': 'False', 'fail_fast': 'False', 'partial_parse': 'True', 'send_anonymous_usage_stats': 'True', 'quiet': 'False', 'warn_error': 'None', 'profiles_dir': 'C:\\Users\\61452\\.dbt', 'use_colors': 'True', 'invocation_command': 'dbt run', 'indirect_selection': 'eager', 'use_experimental_parser': 'False', 'log_path': 'F:\\Projects\\Data Engg Project\\Data Engg Project on Emails - OC\\new attempt\\email_project\\logs'}
[0m18:09:11.586322 [debug] [MainThread]: Snowflake adapter: Setting snowflake.connector to ERROR (file logging only)
[0m18:09:11.586322 [debug] [MainThread]: Snowflake adapter: Setting botocore to ERROR (file logging only)
[0m18:09:11.586322 [debug] [MainThread]: Snowflake adapter: Setting boto3 to ERROR (file logging only)
[0m18:09:11.817768 [debug] [MainThread]: Sending event: {'category': 'dbt', 'action': 'project_id', 'label': '66731c41-1e0d-4377-aa34-c5a3ca462656', 'context': [<snowplow_tracker.self_describing_json.SelfDescribingJson object at 0x00000208DFB38050>]}
[0m18:09:11.885688 [debug] [MainThread]: Sending event: {'category': 'dbt', 'action': 'adapter_info', 'label': '66731c41-1e0d-4377-aa34-c5a3ca462656', 'context': [<snowplow_tracker.self_describing_json.SelfDescribingJson object at 0x00000208E27FF080>]}
[0m18:09:11.887222 [info ] [MainThread]: Registered adapter: snowflake=1.11.6
[0m18:09:12.244471 [debug] [MainThread]: checksum: 30a8cc8fdcbf66701b0944d4ccce3fa46dd04b61e5df68b9f16d57b2e0e3f0be, vars: {}, profile: , target: , version: 1.11.11
[0m18:09:12.380061 [debug] [MainThread]: Partial parsing enabled: 0 files deleted, 1 files added, 0 files changed.
[0m18:09:12.380061 [debug] [MainThread]: Partial parsing: added file: email_project://models\warehouse\email_fct.sql
[0m18:09:12.676408 [debug] [MainThread]: Sending event: {'category': 'dbt', 'action': 'load_project', 'label': '66731c41-1e0d-4377-aa34-c5a3ca462656', 'context': [<snowplow_tracker.self_describing_json.SelfDescribingJson object at 0x00000208E5C5E150>]}
[0m18:09:12.764280 [debug] [MainThread]: Wrote artifact WritableManifest to F:\Projects\Data Engg Project\Data Engg Project on Emails - OC\new attempt\email_project\target\manifest.json
[0m18:09:12.764280 [debug] [MainThread]: Wrote artifact SemanticManifest to F:\Projects\Data Engg Project\Data Engg Project on Emails - OC\new attempt\email_project\target\semantic_manifest.json
[0m18:09:12.789497 [debug] [MainThread]: Sending event: {'category': 'dbt', 'action': 'resource_counts', 'label': '66731c41-1e0d-4377-aa34-c5a3ca462656', 'context': [<snowplow_tracker.self_describing_json.SelfDescribingJson object at 0x00000208E5C6EF30>]}
[0m18:09:12.789497 [info ] [MainThread]: Found 3 models, 1 source, 538 macros
[0m18:09:12.789497 [debug] [MainThread]: Sending event: {'category': 'dbt', 'action': 'runnable_timing', 'label': '66731c41-1e0d-4377-aa34-c5a3ca462656', 'context': [<snowplow_tracker.self_describing_json.SelfDescribingJson object at 0x00000208E5CFA2A0>]}
[0m18:09:12.794575 [info ] [MainThread]: 
[0m18:09:12.794575 [info ] [MainThread]: Concurrency: 1 threads (target='dev')
[0m18:09:12.794575 [info ] [MainThread]: 
[0m18:09:12.798056 [debug] [MainThread]: Acquiring new snowflake connection 'master'
[0m18:09:12.803348 [debug] [ThreadPool]: Acquiring new snowflake connection 'list_email_db'
[0m18:09:12.898165 [debug] [ThreadPool]: Using snowflake connection "list_email_db"
[0m18:09:12.898165 [debug] [ThreadPool]: On list_email_db: show terse schemas in database email_db
    limit 10000
/* {"app": "dbt", "dbt_version": "1.11.11", "profile_name": "email_project", "target_name": "dev", "connection_name": "list_email_db"} */
[0m18:09:12.898165 [debug] [ThreadPool]: Opening a new connection, currently in state init
[0m18:09:13.812973 [debug] [ThreadPool]: SQL status: SUCCESS 5 in 0.911 seconds
[0m18:09:13.815366 [debug] [ThreadPool]: Using snowflake connection "list_email_db"
[0m18:09:13.815366 [debug] [ThreadPool]: On list_email_db: show terse schemas in database email_db
    limit 10000
/* {"app": "dbt", "dbt_version": "1.11.11", "profile_name": "email_project", "target_name": "dev", "connection_name": "list_email_db"} */
[0m18:09:13.911327 [debug] [ThreadPool]: SQL status: SUCCESS 5 in 0.106 seconds
[0m18:09:13.927498 [debug] [ThreadPool]: Acquiring new snowflake connection 'list_email_db_warehouse'
[0m18:09:13.943230 [debug] [ThreadPool]: Using snowflake connection "list_email_db_warehouse"
[0m18:09:13.943230 [debug] [ThreadPool]: On list_email_db_warehouse: show objects in email_db.warehouse
    limit 10000
    

/* {"app": "dbt", "dbt_version": "1.11.11", "profile_name": "email_project", "target_name": "dev", "connection_name": "list_email_db_warehouse"} */;
[0m18:09:13.943230 [debug] [ThreadPool]: Opening a new connection, currently in state init
[0m18:09:14.434864 [debug] [ThreadPool]: SQL status: SUCCESS 1 in 0.499 seconds
[0m18:09:14.434864 [debug] [ThreadPool]: Re-using an available connection from the pool (formerly list_email_db_warehouse, now list_email_db_staging)
[0m18:09:14.450008 [debug] [ThreadPool]: Using snowflake connection "list_email_db_staging"
[0m18:09:14.450008 [debug] [ThreadPool]: On list_email_db_staging: show objects in email_db.staging
    limit 10000
    

/* {"app": "dbt", "dbt_version": "1.11.11", "profile_name": "email_project", "target_name": "dev", "connection_name": "list_email_db_staging"} */;
[0m18:09:14.545780 [debug] [ThreadPool]: SQL status: SUCCESS 1 in 0.109 seconds
[0m18:09:14.564143 [debug] [MainThread]: Sending event: {'category': 'dbt', 'action': 'runnable_timing', 'label': '66731c41-1e0d-4377-aa34-c5a3ca462656', 'context': [<snowplow_tracker.self_describing_json.SelfDescribingJson object at 0x00000208E5AEC620>]}
[0m18:09:14.568173 [debug] [Thread-2 (]: Began running node model.email_project.email_fct
[0m18:09:14.569140 [info ] [Thread-2 (]: 1 of 3 START sql table model warehouse.email_fct ............................... [RUN]
[0m18:09:14.570140 [debug] [Thread-2 (]: Acquiring new snowflake connection 'model.email_project.email_fct'
[0m18:09:14.570140 [debug] [Thread-2 (]: Began compiling node model.email_project.email_fct
[0m18:09:14.578133 [debug] [Thread-2 (]: Writing injected SQL for node "model.email_project.email_fct"
[0m18:09:14.580125 [debug] [Thread-2 (]: Began executing node model.email_project.email_fct
[0m18:09:14.613012 [debug] [Thread-2 (]: Writing runtime sql for node "model.email_project.email_fct"
[0m18:09:14.614884 [debug] [Thread-2 (]: Using snowflake connection "model.email_project.email_fct"
[0m18:09:14.614884 [debug] [Thread-2 (]: On model.email_project.email_fct: create or replace transient table email_db.warehouse.email_fct
    
    
    
    as (

SELECT msg_id,
sender_id
from 
    )

/* {"app": "dbt", "dbt_version": "1.11.11", "profile_name": "email_project", "target_name": "dev", "node_id": "model.email_project.email_fct"} */;
[0m18:09:14.614884 [debug] [Thread-2 (]: Opening a new connection, currently in state init
[0m18:09:15.639113 [debug] [Thread-2 (]: Snowflake adapter: Snowflake query id: 01c5c9e1-0003-5fed-0003-44e2000184ae
[0m18:09:15.639113 [debug] [Thread-2 (]: Snowflake adapter: Snowflake error: 001003 (42000): SQL compilation error:
syntax error line 10 at position 4 unexpected ')'.
[0m18:09:15.657423 [debug] [Thread-2 (]: Database Error in model email_fct (models\warehouse\email_fct.sql)
  001003 (42000): SQL compilation error:
  syntax error line 10 at position 4 unexpected ')'.
  compiled code at target\run\email_project\models\warehouse\email_fct.sql
[0m18:09:15.659430 [debug] [Thread-2 (]: Sending event: {'category': 'dbt', 'action': 'run_model', 'label': '66731c41-1e0d-4377-aa34-c5a3ca462656', 'context': [<snowplow_tracker.self_describing_json.SelfDescribingJson object at 0x00000208E2184BC0>]}
[0m18:09:15.659430 [error] [Thread-2 (]: 1 of 3 ERROR creating sql table model warehouse.email_fct ...................... [[31mERROR[0m in 1.09s]
[0m18:09:15.663906 [debug] [Thread-2 (]: Finished running node model.email_project.email_fct
[0m18:09:15.664920 [debug] [Thread-2 (]: Began running node model.email_project.stg_gmail_data
[0m18:09:15.665911 [debug] [Thread-5 (]: Marking all children of 'model.email_project.email_fct' to be skipped because of status 'error'.  Reason: Database Error in model email_fct (models\warehouse\email_fct.sql)
  001003 (42000): SQL compilation error:
  syntax error line 10 at position 4 unexpected ')'.
  compiled code at target\run\email_project\models\warehouse\email_fct.sql.
[0m18:09:15.666757 [info ] [Thread-2 (]: 2 of 3 START sql view model staging.stg_gmail_data ............................. [RUN]
[0m18:09:15.666757 [debug] [Thread-2 (]: Re-using an available connection from the pool (formerly model.email_project.email_fct, now model.email_project.stg_gmail_data)
[0m18:09:15.666757 [debug] [Thread-2 (]: Began compiling node model.email_project.stg_gmail_data
[0m18:09:15.674403 [debug] [Thread-2 (]: Writing injected SQL for node "model.email_project.stg_gmail_data"
[0m18:09:15.676412 [debug] [Thread-2 (]: Began executing node model.email_project.stg_gmail_data
[0m18:09:15.705266 [debug] [Thread-2 (]: Writing runtime sql for node "model.email_project.stg_gmail_data"
[0m18:09:15.705266 [debug] [Thread-2 (]: Using snowflake connection "model.email_project.stg_gmail_data"
[0m18:09:15.705266 [debug] [Thread-2 (]: On model.email_project.stg_gmail_data: create or replace   view email_db.staging.stg_gmail_data
  
  
  
  
  as (
    
with msg_rank as(
    SELECT 
        MESSAGE_ID,
        --SENDER_RAW,
        LOWER(SENDER_EMAIL) AS sender_email,
        SENDER_DISPLAY_NAME AS SENDER_NAME,
        SENDER_DOMAIN,
        SENDER_DOMAIN_TYPE,
        CASE
            WHEN CC IS NULL THEN 'None'
            ELSE CC
        END AS CC,
        RECIPIENT_COUNT,    
        SUBJECT,    
        TO_DATE(FULL_DATE ,'DD/MM/YYYY') as email_date,
        --YEAR,
        --QUARTER,
        --MONTH,
        --MONTH_NAME,
        --WEEK,
        DAY_OF_WEEK,
        --DAY_NAME,
        --IS_WEEKEND,    
        --FULL_TIME,
        --HOUR,
        --MINUTE,
        --AM_PM,
        --TIME_BUCKET,
        FOLDER,
        ALL_LABELS,    
        SIZE_BYTES,
        ATTACHMENT_COUNT,
        HAS_ATTACHMENTS,  
        IS_READ,
        IS_STARRED,
        IS_REPLIED,   
        --THREAD_SUBJECT,
        TO_TIMESTAMP(THREAD_FIRST_MESSAGE_AT, 'DD/MM/YYYY HH24:MI') AS THREAD_FIRST_MESSAGE_AT,    
        --THREAD_DURATION_SEC,       
        THREAD_PARTICIPANT_COUNT,
        RANK () OVER (PARTITION BY MESSAGE_ID ORDER BY FULL_DATE desc) AS rnk
    from email_db.raw.gmail_data
)
SELECT         
        MESSAGE_ID,
        SENDER_NAME,
        sender_email,
        SENDER_DOMAIN,
        SENDER_DOMAIN_TYPE,
        CC,
        RECIPIENT_COUNT,    
        SUBJECT,    
        email_date,
        DAY_OF_WEEK,
        FOLDER,
        ALL_LABELS,    
        SIZE_BYTES,
        ATTACHMENT_COUNT,
        HAS_ATTACHMENTS,  
        IS_READ,
        IS_STARRED,
        IS_REPLIED, 
        THREAD_FIRST_MESSAGE_AT,           
        THREAD_PARTICIPANT_COUNT, 
    FROM msg_rank WHERE rnk = 1
  )
/* {"app": "dbt", "dbt_version": "1.11.11", "profile_name": "email_project", "target_name": "dev", "node_id": "model.email_project.stg_gmail_data"} */;
[0m18:09:15.963660 [debug] [Thread-2 (]: SQL status: SUCCESS 1 in 0.257 seconds
[0m18:09:15.995754 [debug] [Thread-2 (]: Sending event: {'category': 'dbt', 'action': 'run_model', 'label': '66731c41-1e0d-4377-aa34-c5a3ca462656', 'context': [<snowplow_tracker.self_describing_json.SelfDescribingJson object at 0x00000208E40FDF40>]}
[0m18:09:15.995754 [info ] [Thread-2 (]: 2 of 3 OK created sql view model staging.stg_gmail_data ........................ [[32mSUCCESS 1[0m in 0.33s]
[0m18:09:15.995754 [debug] [Thread-2 (]: Finished running node model.email_project.stg_gmail_data
[0m18:09:15.998658 [debug] [Thread-2 (]: Began running node model.email_project.sender_dim
[0m18:09:15.998658 [info ] [Thread-2 (]: 3 of 3 START sql table model warehouse.sender_dim .............................. [RUN]
[0m18:09:15.998658 [debug] [Thread-2 (]: Re-using an available connection from the pool (formerly model.email_project.stg_gmail_data, now model.email_project.sender_dim)
[0m18:09:15.998658 [debug] [Thread-2 (]: Began compiling node model.email_project.sender_dim
[0m18:09:15.998658 [debug] [Thread-2 (]: Writing injected SQL for node "model.email_project.sender_dim"
[0m18:09:15.998658 [debug] [Thread-2 (]: Began executing node model.email_project.sender_dim
[0m18:09:15.998658 [debug] [Thread-2 (]: Writing runtime sql for node "model.email_project.sender_dim"
[0m18:09:15.998658 [debug] [Thread-2 (]: Using snowflake connection "model.email_project.sender_dim"
[0m18:09:16.011800 [debug] [Thread-2 (]: On model.email_project.sender_dim: create or replace transient table email_db.warehouse.sender_dim
    
    
    
    as (

with reorder_columns as(
SELECT 
distinct sender_email,
SENDER_NAME,
SENDER_DOMAIN_TYPE
FROM email_db.staging.stg_gmail_data
)
SELECT
SENDER_NAME, 
sender_email,
SENDER_DOMAIN_TYPE
FROM reorder_columns
    )

/* {"app": "dbt", "dbt_version": "1.11.11", "profile_name": "email_project", "target_name": "dev", "node_id": "model.email_project.sender_dim"} */;
[0m18:09:16.736937 [debug] [Thread-2 (]: SQL status: SUCCESS 300 in 0.725 seconds
[0m18:09:16.736937 [debug] [Thread-2 (]: Sending event: {'category': 'dbt', 'action': 'run_model', 'label': '66731c41-1e0d-4377-aa34-c5a3ca462656', 'context': [<snowplow_tracker.self_describing_json.SelfDescribingJson object at 0x00000208E5CB5790>]}
[0m18:09:16.736937 [info ] [Thread-2 (]: 3 of 3 OK created sql table model warehouse.sender_dim ......................... [[32mSUCCESS 300[0m in 0.74s]
[0m18:09:16.736937 [debug] [Thread-2 (]: Finished running node model.email_project.sender_dim
[0m18:09:16.736937 [debug] [MainThread]: Connection 'master' was properly closed.
[0m18:09:16.736937 [debug] [MainThread]: Connection 'list_email_db' was left open.
[0m18:09:16.736937 [debug] [MainThread]: On list_email_db: Close
[0m18:09:17.347480 [debug] [MainThread]: Connection 'list_email_db_staging' was left open.
[0m18:09:17.347480 [debug] [MainThread]: On list_email_db_staging: Close
[0m18:09:17.494166 [debug] [MainThread]: Connection 'model.email_project.sender_dim' was left open.
[0m18:09:17.501532 [debug] [MainThread]: On model.email_project.sender_dim: Close
[0m18:09:17.633205 [info ] [MainThread]: 
[0m18:09:17.648272 [info ] [MainThread]: Finished running 2 table models, 1 view model in 0 hours 0 minutes and 4.84 seconds (4.84s).
[0m18:09:17.649318 [debug] [MainThread]: Command end result
[0m18:09:17.767713 [debug] [MainThread]: Wrote artifact WritableManifest to F:\Projects\Data Engg Project\Data Engg Project on Emails - OC\new attempt\email_project\target\manifest.json
[0m18:09:17.767713 [debug] [MainThread]: Wrote artifact SemanticManifest to F:\Projects\Data Engg Project\Data Engg Project on Emails - OC\new attempt\email_project\target\semantic_manifest.json
[0m18:09:17.781691 [debug] [MainThread]: Wrote artifact RunExecutionResult to F:\Projects\Data Engg Project\Data Engg Project on Emails - OC\new attempt\email_project\target\run_results.json
[0m18:09:17.781691 [info ] [MainThread]: 
[0m18:09:17.781691 [info ] [MainThread]: [31mCompleted with 1 error, 0 partial successes, and 0 warnings:[0m
[0m18:09:17.781691 [info ] [MainThread]: 
[0m18:09:17.781691 [error] [MainThread]: [31mFailure in model email_fct (models\warehouse\email_fct.sql)[0m
[0m18:09:17.781691 [error] [MainThread]:   Database Error in model email_fct (models\warehouse\email_fct.sql)
  001003 (42000): SQL compilation error:
  syntax error line 10 at position 4 unexpected ')'.
  compiled code at target\run\email_project\models\warehouse\email_fct.sql
[0m18:09:17.781691 [info ] [MainThread]: 
[0m18:09:17.781691 [info ] [MainThread]:   compiled code at target\compiled\email_project\models\warehouse\email_fct.sql
[0m18:09:17.781691 [info ] [MainThread]: 
[0m18:09:17.794766 [info ] [MainThread]: Done. PASS=2 WARN=0 ERROR=1 SKIP=0 NO-OP=0 TOTAL=3
[0m18:09:17.796879 [debug] [MainThread]: Command `dbt run` failed at 18:09:17.796347 after 6.98 seconds
[0m18:09:17.802389 [debug] [MainThread]: Sending event: {'category': 'dbt', 'action': 'invocation', 'label': 'end', 'context': [<snowplow_tracker.self_describing_json.SelfDescribingJson object at 0x00000208E2275460>, <snowplow_tracker.self_describing_json.SelfDescribingJson object at 0x00000208E03C90A0>, <snowplow_tracker.self_describing_json.SelfDescribingJson object at 0x00000208E5C200E0>]}
[0m18:09:17.804413 [debug] [MainThread]: Flushing usage events
[0m18:09:21.780665 [debug] [MainThread]: An error was encountered while trying to flush usage events
[0m18:09:59.233456 [debug] [MainThread]: Sending event: {'category': 'dbt', 'action': 'invocation', 'label': 'start', 'context': [<snowplow_tracker.self_describing_json.SelfDescribingJson object at 0x000001ABBD97AF60>, <snowplow_tracker.self_describing_json.SelfDescribingJson object at 0x000001ABBAE3AF60>, <snowplow_tracker.self_describing_json.SelfDescribingJson object at 0x000001ABBDFE1C70>]}


============================== 18:09:59.250174 | ea116462-b6dc-4679-ba7f-b39857c0b695 ==============================
[0m18:09:59.250174 [info ] [MainThread]: Running with dbt=1.11.11
[0m18:09:59.250174 [debug] [MainThread]: running dbt with arguments {'static_parser': 'True', 'no_print': 'None', 'version_check': 'True', 'warn_error_options': 'WarnErrorOptionsV2(error=[], warn=[], silence=[])', 'target_path': 'None', 'printer_width': '80', 'write_json': 'True', 'empty': 'False', 'log_cache_events': 'False', 'introspect': 'True', 'cache_selected_only': 'False', 'fail_fast': 'False', 'debug': 'False', 'log_format': 'default', 'partial_parse': 'True', 'send_anonymous_usage_stats': 'True', 'quiet': 'False', 'warn_error': 'None', 'profiles_dir': 'C:\\Users\\61452\\.dbt', 'indirect_selection': 'eager', 'invocation_command': 'dbt run', 'use_colors': 'True', 'use_experimental_parser': 'False', 'log_path': 'F:\\Projects\\Data Engg Project\\Data Engg Project on Emails - OC\\new attempt\\email_project\\logs'}
[0m18:09:59.913867 [debug] [MainThread]: Snowflake adapter: Setting snowflake.connector to ERROR (file logging only)
[0m18:09:59.913867 [debug] [MainThread]: Snowflake adapter: Setting botocore to ERROR (file logging only)
[0m18:09:59.913867 [debug] [MainThread]: Snowflake adapter: Setting boto3 to ERROR (file logging only)
[0m18:10:00.131292 [debug] [MainThread]: Sending event: {'category': 'dbt', 'action': 'project_id', 'label': 'ea116462-b6dc-4679-ba7f-b39857c0b695', 'context': [<snowplow_tracker.self_describing_json.SelfDescribingJson object at 0x000001ABC1100AD0>]}
[0m18:10:00.211842 [debug] [MainThread]: Sending event: {'category': 'dbt', 'action': 'adapter_info', 'label': 'ea116462-b6dc-4679-ba7f-b39857c0b695', 'context': [<snowplow_tracker.self_describing_json.SelfDescribingJson object at 0x000001ABC0F272C0>]}
[0m18:10:00.211842 [info ] [MainThread]: Registered adapter: snowflake=1.11.6
[0m18:10:00.580536 [debug] [MainThread]: checksum: 30a8cc8fdcbf66701b0944d4ccce3fa46dd04b61e5df68b9f16d57b2e0e3f0be, vars: {}, profile: , target: , version: 1.11.11
[0m18:10:00.740167 [debug] [MainThread]: Partial parsing enabled: 0 files deleted, 0 files added, 1 files changed.
[0m18:10:00.740167 [debug] [MainThread]: Partial parsing: updated file: email_project://models\warehouse\email_fct.sql
[0m18:10:01.027792 [debug] [MainThread]: Sending event: {'category': 'dbt', 'action': 'load_project', 'label': 'ea116462-b6dc-4679-ba7f-b39857c0b695', 'context': [<snowplow_tracker.self_describing_json.SelfDescribingJson object at 0x000001ABC1725400>]}
[0m18:10:01.129110 [debug] [MainThread]: Wrote artifact WritableManifest to F:\Projects\Data Engg Project\Data Engg Project on Emails - OC\new attempt\email_project\target\manifest.json
[0m18:10:01.131115 [debug] [MainThread]: Wrote artifact SemanticManifest to F:\Projects\Data Engg Project\Data Engg Project on Emails - OC\new attempt\email_project\target\semantic_manifest.json
[0m18:10:01.148899 [debug] [MainThread]: Sending event: {'category': 'dbt', 'action': 'resource_counts', 'label': 'ea116462-b6dc-4679-ba7f-b39857c0b695', 'context': [<snowplow_tracker.self_describing_json.SelfDescribingJson object at 0x000001ABC1965430>]}
[0m18:10:01.148899 [info ] [MainThread]: Found 3 models, 1 source, 538 macros
[0m18:10:01.150904 [debug] [MainThread]: Sending event: {'category': 'dbt', 'action': 'runnable_timing', 'label': 'ea116462-b6dc-4679-ba7f-b39857c0b695', 'context': [<snowplow_tracker.self_describing_json.SelfDescribingJson object at 0x000001ABC1929010>]}
[0m18:10:01.152909 [info ] [MainThread]: 
[0m18:10:01.154654 [info ] [MainThread]: Concurrency: 1 threads (target='dev')
[0m18:10:01.154654 [info ] [MainThread]: 
[0m18:10:01.157290 [debug] [MainThread]: Acquiring new snowflake connection 'master'
[0m18:10:01.163969 [debug] [ThreadPool]: Acquiring new snowflake connection 'list_email_db'
[0m18:10:01.249097 [debug] [ThreadPool]: Using snowflake connection "list_email_db"
[0m18:10:01.250098 [debug] [ThreadPool]: On list_email_db: show terse schemas in database email_db
    limit 10000
/* {"app": "dbt", "dbt_version": "1.11.11", "profile_name": "email_project", "target_name": "dev", "connection_name": "list_email_db"} */
[0m18:10:01.250098 [debug] [ThreadPool]: Opening a new connection, currently in state init
[0m18:10:02.147240 [debug] [ThreadPool]: SQL status: SUCCESS 5 in 0.904 seconds
[0m18:10:02.147240 [debug] [ThreadPool]: Using snowflake connection "list_email_db"
[0m18:10:02.147240 [debug] [ThreadPool]: On list_email_db: show terse schemas in database email_db
    limit 10000
/* {"app": "dbt", "dbt_version": "1.11.11", "profile_name": "email_project", "target_name": "dev", "connection_name": "list_email_db"} */
[0m18:10:02.259389 [debug] [ThreadPool]: SQL status: SUCCESS 5 in 0.105 seconds
[0m18:10:02.259389 [debug] [ThreadPool]: Acquiring new snowflake connection 'list_email_db_staging'
[0m18:10:02.283468 [debug] [ThreadPool]: Using snowflake connection "list_email_db_staging"
[0m18:10:02.283468 [debug] [ThreadPool]: On list_email_db_staging: show objects in email_db.staging
    limit 10000
    

/* {"app": "dbt", "dbt_version": "1.11.11", "profile_name": "email_project", "target_name": "dev", "connection_name": "list_email_db_staging"} */;
[0m18:10:02.283468 [debug] [ThreadPool]: Opening a new connection, currently in state init
[0m18:10:02.753056 [debug] [ThreadPool]: SQL status: SUCCESS 1 in 0.470 seconds
[0m18:10:02.753056 [debug] [ThreadPool]: Re-using an available connection from the pool (formerly list_email_db_staging, now list_email_db_warehouse)
[0m18:10:02.753056 [debug] [ThreadPool]: Using snowflake connection "list_email_db_warehouse"
[0m18:10:02.753056 [debug] [ThreadPool]: On list_email_db_warehouse: show objects in email_db.warehouse
    limit 10000
    

/* {"app": "dbt", "dbt_version": "1.11.11", "profile_name": "email_project", "target_name": "dev", "connection_name": "list_email_db_warehouse"} */;
[0m18:10:02.882660 [debug] [ThreadPool]: SQL status: SUCCESS 1 in 0.128 seconds
[0m18:10:02.882660 [debug] [MainThread]: Sending event: {'category': 'dbt', 'action': 'runnable_timing', 'label': 'ea116462-b6dc-4679-ba7f-b39857c0b695', 'context': [<snowplow_tracker.self_describing_json.SelfDescribingJson object at 0x000001ABC109F140>]}
[0m18:10:02.893904 [debug] [Thread-2 (]: Began running node model.email_project.stg_gmail_data
[0m18:10:02.893904 [info ] [Thread-2 (]: 1 of 3 START sql view model staging.stg_gmail_data ............................. [RUN]
[0m18:10:02.898340 [debug] [Thread-2 (]: Acquiring new snowflake connection 'model.email_project.stg_gmail_data'
[0m18:10:02.899589 [debug] [Thread-2 (]: Began compiling node model.email_project.stg_gmail_data
[0m18:10:02.907852 [debug] [Thread-2 (]: Writing injected SQL for node "model.email_project.stg_gmail_data"
[0m18:10:02.908852 [debug] [Thread-2 (]: Began executing node model.email_project.stg_gmail_data
[0m18:10:02.932915 [debug] [Thread-2 (]: Writing runtime sql for node "model.email_project.stg_gmail_data"
[0m18:10:02.932915 [debug] [Thread-2 (]: Using snowflake connection "model.email_project.stg_gmail_data"
[0m18:10:02.932915 [debug] [Thread-2 (]: On model.email_project.stg_gmail_data: create or replace   view email_db.staging.stg_gmail_data
  
  
  
  
  as (
    
with msg_rank as(
    SELECT 
        MESSAGE_ID,
        --SENDER_RAW,
        LOWER(SENDER_EMAIL) AS sender_email,
        SENDER_DISPLAY_NAME AS SENDER_NAME,
        SENDER_DOMAIN,
        SENDER_DOMAIN_TYPE,
        CASE
            WHEN CC IS NULL THEN 'None'
            ELSE CC
        END AS CC,
        RECIPIENT_COUNT,    
        SUBJECT,    
        TO_DATE(FULL_DATE ,'DD/MM/YYYY') as email_date,
        --YEAR,
        --QUARTER,
        --MONTH,
        --MONTH_NAME,
        --WEEK,
        DAY_OF_WEEK,
        --DAY_NAME,
        --IS_WEEKEND,    
        --FULL_TIME,
        --HOUR,
        --MINUTE,
        --AM_PM,
        --TIME_BUCKET,
        FOLDER,
        ALL_LABELS,    
        SIZE_BYTES,
        ATTACHMENT_COUNT,
        HAS_ATTACHMENTS,  
        IS_READ,
        IS_STARRED,
        IS_REPLIED,   
        --THREAD_SUBJECT,
        TO_TIMESTAMP(THREAD_FIRST_MESSAGE_AT, 'DD/MM/YYYY HH24:MI') AS THREAD_FIRST_MESSAGE_AT,    
        --THREAD_DURATION_SEC,       
        THREAD_PARTICIPANT_COUNT,
        RANK () OVER (PARTITION BY MESSAGE_ID ORDER BY FULL_DATE desc) AS rnk
    from email_db.raw.gmail_data
)
SELECT         
        MESSAGE_ID,
        SENDER_NAME,
        sender_email,
        SENDER_DOMAIN,
        SENDER_DOMAIN_TYPE,
        CC,
        RECIPIENT_COUNT,    
        SUBJECT,    
        email_date,
        DAY_OF_WEEK,
        FOLDER,
        ALL_LABELS,    
        SIZE_BYTES,
        ATTACHMENT_COUNT,
        HAS_ATTACHMENTS,  
        IS_READ,
        IS_STARRED,
        IS_REPLIED, 
        THREAD_FIRST_MESSAGE_AT,           
        THREAD_PARTICIPANT_COUNT, 
    FROM msg_rank WHERE rnk = 1
  )
/* {"app": "dbt", "dbt_version": "1.11.11", "profile_name": "email_project", "target_name": "dev", "node_id": "model.email_project.stg_gmail_data"} */;
[0m18:10:02.932915 [debug] [Thread-2 (]: Opening a new connection, currently in state init
[0m18:10:03.516543 [debug] [Thread-2 (]: SQL status: SUCCESS 1 in 0.578 seconds
[0m18:10:03.532363 [debug] [Thread-2 (]: Sending event: {'category': 'dbt', 'action': 'run_model', 'label': 'ea116462-b6dc-4679-ba7f-b39857c0b695', 'context': [<snowplow_tracker.self_describing_json.SelfDescribingJson object at 0x000001ABBDDB4590>]}
[0m18:10:03.548409 [info ] [Thread-2 (]: 1 of 3 OK created sql view model staging.stg_gmail_data ........................ [[32mSUCCESS 1[0m in 0.63s]
[0m18:10:03.548409 [debug] [Thread-2 (]: Finished running node model.email_project.stg_gmail_data
[0m18:10:03.548409 [debug] [Thread-2 (]: Began running node model.email_project.email_fct
[0m18:10:03.548409 [info ] [Thread-2 (]: 2 of 3 START sql table model warehouse.email_fct ............................... [RUN]
[0m18:10:03.548409 [debug] [Thread-2 (]: Re-using an available connection from the pool (formerly model.email_project.stg_gmail_data, now model.email_project.email_fct)
[0m18:10:03.548409 [debug] [Thread-2 (]: Began compiling node model.email_project.email_fct
[0m18:10:03.548409 [debug] [Thread-2 (]: Writing injected SQL for node "model.email_project.email_fct"
[0m18:10:03.548409 [debug] [Thread-2 (]: Began executing node model.email_project.email_fct
[0m18:10:03.584148 [debug] [Thread-2 (]: Writing runtime sql for node "model.email_project.email_fct"
[0m18:10:03.586142 [debug] [Thread-2 (]: Using snowflake connection "model.email_project.email_fct"
[0m18:10:03.586142 [debug] [Thread-2 (]: On model.email_project.email_fct: create or replace transient table email_db.warehouse.email_fct
    
    
    
    as (

SELECT msg_id,
sender_id
from email_db.staging.stg_gmail_data
    )

/* {"app": "dbt", "dbt_version": "1.11.11", "profile_name": "email_project", "target_name": "dev", "node_id": "model.email_project.email_fct"} */;
[0m18:10:03.738699 [debug] [Thread-2 (]: Snowflake adapter: Snowflake query id: 01c5c9e2-0003-5fed-0003-44e2000184c6
[0m18:10:03.738699 [debug] [Thread-2 (]: Snowflake adapter: Snowflake error: 000904 (42000): SQL compilation error: error line 7 at position 7
invalid identifier 'MSG_ID'
[0m18:10:03.746242 [debug] [Thread-2 (]: Database Error in model email_fct (models\warehouse\email_fct.sql)
  000904 (42000): SQL compilation error: error line 7 at position 7
  invalid identifier 'MSG_ID'
  compiled code at target\run\email_project\models\warehouse\email_fct.sql
[0m18:10:03.746242 [debug] [Thread-2 (]: Sending event: {'category': 'dbt', 'action': 'run_model', 'label': 'ea116462-b6dc-4679-ba7f-b39857c0b695', 'context': [<snowplow_tracker.self_describing_json.SelfDescribingJson object at 0x000001ABC2F25490>]}
[0m18:10:03.746242 [error] [Thread-2 (]: 2 of 3 ERROR creating sql table model warehouse.email_fct ...................... [[31mERROR[0m in 0.20s]
[0m18:10:03.752395 [debug] [Thread-2 (]: Finished running node model.email_project.email_fct
[0m18:10:03.752395 [debug] [Thread-2 (]: Began running node model.email_project.sender_dim
[0m18:10:03.752395 [debug] [Thread-5 (]: Marking all children of 'model.email_project.email_fct' to be skipped because of status 'error'.  Reason: Database Error in model email_fct (models\warehouse\email_fct.sql)
  000904 (42000): SQL compilation error: error line 7 at position 7
  invalid identifier 'MSG_ID'
  compiled code at target\run\email_project\models\warehouse\email_fct.sql.
[0m18:10:03.752395 [info ] [Thread-2 (]: 3 of 3 START sql table model warehouse.sender_dim .............................. [RUN]
[0m18:10:03.752395 [debug] [Thread-2 (]: Re-using an available connection from the pool (formerly model.email_project.email_fct, now model.email_project.sender_dim)
[0m18:10:03.752395 [debug] [Thread-2 (]: Began compiling node model.email_project.sender_dim
[0m18:10:03.762060 [debug] [Thread-2 (]: Writing injected SQL for node "model.email_project.sender_dim"
[0m18:10:03.763574 [debug] [Thread-2 (]: Began executing node model.email_project.sender_dim
[0m18:10:03.767601 [debug] [Thread-2 (]: Writing runtime sql for node "model.email_project.sender_dim"
[0m18:10:03.769615 [debug] [Thread-2 (]: Using snowflake connection "model.email_project.sender_dim"
[0m18:10:03.769615 [debug] [Thread-2 (]: On model.email_project.sender_dim: create or replace transient table email_db.warehouse.sender_dim
    
    
    
    as (

with reorder_columns as(
SELECT 
distinct sender_email,
SENDER_NAME,
SENDER_DOMAIN_TYPE
FROM email_db.staging.stg_gmail_data
)
SELECT
SENDER_NAME, 
sender_email,
SENDER_DOMAIN_TYPE
FROM reorder_columns
    )

/* {"app": "dbt", "dbt_version": "1.11.11", "profile_name": "email_project", "target_name": "dev", "node_id": "model.email_project.sender_dim"} */;
[0m18:10:04.361360 [debug] [Thread-2 (]: SQL status: SUCCESS 300 in 0.603 seconds
[0m18:10:04.361360 [debug] [Thread-2 (]: Sending event: {'category': 'dbt', 'action': 'run_model', 'label': 'ea116462-b6dc-4679-ba7f-b39857c0b695', 'context': [<snowplow_tracker.self_describing_json.SelfDescribingJson object at 0x000001ABC2F269C0>]}
[0m18:10:04.361360 [info ] [Thread-2 (]: 3 of 3 OK created sql table model warehouse.sender_dim ......................... [[32mSUCCESS 300[0m in 0.61s]
[0m18:10:04.377253 [debug] [Thread-2 (]: Finished running node model.email_project.sender_dim
[0m18:10:04.377253 [debug] [MainThread]: Connection 'master' was properly closed.
[0m18:10:04.377253 [debug] [MainThread]: Connection 'list_email_db' was left open.
[0m18:10:04.377253 [debug] [MainThread]: On list_email_db: Close
[0m18:10:04.515078 [debug] [MainThread]: Connection 'list_email_db_warehouse' was left open.
[0m18:10:04.515078 [debug] [MainThread]: On list_email_db_warehouse: Close
[0m18:10:04.673163 [debug] [MainThread]: Connection 'model.email_project.sender_dim' was left open.
[0m18:10:04.674176 [debug] [MainThread]: On model.email_project.sender_dim: Close
[0m18:10:04.817660 [info ] [MainThread]: 
[0m18:10:04.817660 [info ] [MainThread]: Finished running 2 table models, 1 view model in 0 hours 0 minutes and 3.66 seconds (3.66s).
[0m18:10:04.817660 [debug] [MainThread]: Command end result
[0m18:10:04.950512 [debug] [MainThread]: Wrote artifact WritableManifest to F:\Projects\Data Engg Project\Data Engg Project on Emails - OC\new attempt\email_project\target\manifest.json
[0m18:10:04.950512 [debug] [MainThread]: Wrote artifact SemanticManifest to F:\Projects\Data Engg Project\Data Engg Project on Emails - OC\new attempt\email_project\target\semantic_manifest.json
[0m18:10:04.961658 [debug] [MainThread]: Wrote artifact RunExecutionResult to F:\Projects\Data Engg Project\Data Engg Project on Emails - OC\new attempt\email_project\target\run_results.json
[0m18:10:04.961658 [info ] [MainThread]: 
[0m18:10:04.961658 [info ] [MainThread]: [31mCompleted with 1 error, 0 partial successes, and 0 warnings:[0m
[0m18:10:04.963665 [info ] [MainThread]: 
[0m18:10:04.963665 [error] [MainThread]: [31mFailure in model email_fct (models\warehouse\email_fct.sql)[0m
[0m18:10:04.964840 [error] [MainThread]:   Database Error in model email_fct (models\warehouse\email_fct.sql)
  000904 (42000): SQL compilation error: error line 7 at position 7
  invalid identifier 'MSG_ID'
  compiled code at target\run\email_project\models\warehouse\email_fct.sql
[0m18:10:04.965839 [info ] [MainThread]: 
[0m18:10:04.966862 [info ] [MainThread]:   compiled code at target\compiled\email_project\models\warehouse\email_fct.sql
[0m18:10:04.966862 [info ] [MainThread]: 
[0m18:10:04.966862 [info ] [MainThread]: Done. PASS=2 WARN=0 ERROR=1 SKIP=0 NO-OP=0 TOTAL=3
[0m18:10:04.969738 [debug] [MainThread]: Command `dbt run` failed at 18:10:04.968707 after 5.87 seconds
[0m18:10:04.970208 [debug] [MainThread]: Sending event: {'category': 'dbt', 'action': 'invocation', 'label': 'end', 'context': [<snowplow_tracker.self_describing_json.SelfDescribingJson object at 0x000001ABBDFE1C70>, <snowplow_tracker.self_describing_json.SelfDescribingJson object at 0x000001ABBEB983B0>, <snowplow_tracker.self_describing_json.SelfDescribingJson object at 0x000001ABBEB98920>]}
[0m18:10:04.970208 [debug] [MainThread]: Flushing usage events
[0m18:10:06.201701 [debug] [MainThread]: An error was encountered while trying to flush usage events
[0m18:10:33.667014 [debug] [MainThread]: Sending event: {'category': 'dbt', 'action': 'invocation', 'label': 'start', 'context': [<snowplow_tracker.self_describing_json.SelfDescribingJson object at 0x0000026C92BB4050>, <snowplow_tracker.self_describing_json.SelfDescribingJson object at 0x0000026C90C3EA20>, <snowplow_tracker.self_describing_json.SelfDescribingJson object at 0x0000026C90E91CA0>]}


============================== 18:10:33.667014 | 22a93de0-e26c-4a5a-abd4-7d4e99b595d6 ==============================
[0m18:10:33.667014 [info ] [MainThread]: Running with dbt=1.11.11
[0m18:10:33.667014 [debug] [MainThread]: running dbt with arguments {'static_parser': 'True', 'no_print': 'None', 'version_check': 'True', 'target_path': 'None', 'warn_error_options': 'WarnErrorOptionsV2(error=[], warn=[], silence=[])', 'printer_width': '80', 'write_json': 'True', 'introspect': 'True', 'log_cache_events': 'False', 'empty': 'False', 'cache_selected_only': 'False', 'log_format': 'default', 'debug': 'False', 'fail_fast': 'False', 'profiles_dir': 'C:\\Users\\61452\\.dbt', 'send_anonymous_usage_stats': 'True', 'quiet': 'False', 'warn_error': 'None', 'partial_parse': 'True', 'use_colors': 'True', 'indirect_selection': 'eager', 'invocation_command': 'dbt run', 'use_experimental_parser': 'False', 'log_path': 'F:\\Projects\\Data Engg Project\\Data Engg Project on Emails - OC\\new attempt\\email_project\\logs'}
[0m18:10:34.281830 [debug] [MainThread]: Snowflake adapter: Setting snowflake.connector to ERROR (file logging only)
[0m18:10:34.281830 [debug] [MainThread]: Snowflake adapter: Setting botocore to ERROR (file logging only)
[0m18:10:34.281830 [debug] [MainThread]: Snowflake adapter: Setting boto3 to ERROR (file logging only)
[0m18:10:34.467378 [debug] [MainThread]: Sending event: {'category': 'dbt', 'action': 'project_id', 'label': '22a93de0-e26c-4a5a-abd4-7d4e99b595d6', 'context': [<snowplow_tracker.self_describing_json.SelfDescribingJson object at 0x0000026C91A54DD0>]}
[0m18:10:34.534113 [debug] [MainThread]: Sending event: {'category': 'dbt', 'action': 'adapter_info', 'label': '22a93de0-e26c-4a5a-abd4-7d4e99b595d6', 'context': [<snowplow_tracker.self_describing_json.SelfDescribingJson object at 0x0000026C93F2F770>]}
[0m18:10:34.537131 [info ] [MainThread]: Registered adapter: snowflake=1.11.6
[0m18:10:34.850679 [debug] [MainThread]: checksum: 30a8cc8fdcbf66701b0944d4ccce3fa46dd04b61e5df68b9f16d57b2e0e3f0be, vars: {}, profile: , target: , version: 1.11.11
[0m18:10:34.983302 [debug] [MainThread]: Partial parsing enabled: 0 files deleted, 0 files added, 1 files changed.
[0m18:10:34.983302 [debug] [MainThread]: Partial parsing: updated file: email_project://models\warehouse\email_fct.sql
[0m18:10:35.233881 [debug] [MainThread]: Sending event: {'category': 'dbt', 'action': 'load_project', 'label': '22a93de0-e26c-4a5a-abd4-7d4e99b595d6', 'context': [<snowplow_tracker.self_describing_json.SelfDescribingJson object at 0x0000026C94796120>]}
[0m18:10:35.314834 [debug] [MainThread]: Wrote artifact WritableManifest to F:\Projects\Data Engg Project\Data Engg Project on Emails - OC\new attempt\email_project\target\manifest.json
[0m18:10:35.314834 [debug] [MainThread]: Wrote artifact SemanticManifest to F:\Projects\Data Engg Project\Data Engg Project on Emails - OC\new attempt\email_project\target\semantic_manifest.json
[0m18:10:35.330706 [debug] [MainThread]: Sending event: {'category': 'dbt', 'action': 'resource_counts', 'label': '22a93de0-e26c-4a5a-abd4-7d4e99b595d6', 'context': [<snowplow_tracker.self_describing_json.SelfDescribingJson object at 0x0000026C9478EE10>]}
[0m18:10:35.330706 [info ] [MainThread]: Found 3 models, 1 source, 538 macros
[0m18:10:35.330706 [debug] [MainThread]: Sending event: {'category': 'dbt', 'action': 'runnable_timing', 'label': '22a93de0-e26c-4a5a-abd4-7d4e99b595d6', 'context': [<snowplow_tracker.self_describing_json.SelfDescribingJson object at 0x0000026C94827D10>]}
[0m18:10:35.330706 [info ] [MainThread]: 
[0m18:10:35.330706 [info ] [MainThread]: Concurrency: 1 threads (target='dev')
[0m18:10:35.330706 [info ] [MainThread]: 
[0m18:10:35.330706 [debug] [MainThread]: Acquiring new snowflake connection 'master'
[0m18:10:35.352462 [debug] [ThreadPool]: Acquiring new snowflake connection 'list_email_db'
[0m18:10:35.423609 [debug] [ThreadPool]: Using snowflake connection "list_email_db"
[0m18:10:35.424627 [debug] [ThreadPool]: On list_email_db: show terse schemas in database email_db
    limit 10000
/* {"app": "dbt", "dbt_version": "1.11.11", "profile_name": "email_project", "target_name": "dev", "connection_name": "list_email_db"} */
[0m18:10:35.424627 [debug] [ThreadPool]: Opening a new connection, currently in state init
[0m18:10:36.291685 [debug] [ThreadPool]: SQL status: SUCCESS 5 in 0.873 seconds
[0m18:10:36.291685 [debug] [ThreadPool]: Using snowflake connection "list_email_db"
[0m18:10:36.291685 [debug] [ThreadPool]: On list_email_db: show terse schemas in database email_db
    limit 10000
/* {"app": "dbt", "dbt_version": "1.11.11", "profile_name": "email_project", "target_name": "dev", "connection_name": "list_email_db"} */
[0m18:10:36.410642 [debug] [ThreadPool]: SQL status: SUCCESS 5 in 0.109 seconds
[0m18:10:36.415372 [debug] [ThreadPool]: Acquiring new snowflake connection 'list_email_db_warehouse'
[0m18:10:36.416892 [debug] [ThreadPool]: Using snowflake connection "list_email_db_warehouse"
[0m18:10:36.416892 [debug] [ThreadPool]: On list_email_db_warehouse: show objects in email_db.warehouse
    limit 10000
    

/* {"app": "dbt", "dbt_version": "1.11.11", "profile_name": "email_project", "target_name": "dev", "connection_name": "list_email_db_warehouse"} */;
[0m18:10:36.416892 [debug] [ThreadPool]: Opening a new connection, currently in state init
[0m18:10:36.883004 [debug] [ThreadPool]: SQL status: SUCCESS 1 in 0.455 seconds
[0m18:10:36.883004 [debug] [ThreadPool]: Re-using an available connection from the pool (formerly list_email_db_warehouse, now list_email_db_staging)
[0m18:10:36.883004 [debug] [ThreadPool]: Using snowflake connection "list_email_db_staging"
[0m18:10:36.883004 [debug] [ThreadPool]: On list_email_db_staging: show objects in email_db.staging
    limit 10000
    

/* {"app": "dbt", "dbt_version": "1.11.11", "profile_name": "email_project", "target_name": "dev", "connection_name": "list_email_db_staging"} */;
[0m18:10:37.011620 [debug] [ThreadPool]: SQL status: SUCCESS 1 in 0.123 seconds
[0m18:10:37.011620 [debug] [MainThread]: Sending event: {'category': 'dbt', 'action': 'runnable_timing', 'label': '22a93de0-e26c-4a5a-abd4-7d4e99b595d6', 'context': [<snowplow_tracker.self_describing_json.SelfDescribingJson object at 0x0000026C913CBEF0>]}
[0m18:10:37.027449 [debug] [Thread-2 (]: Began running node model.email_project.stg_gmail_data
[0m18:10:37.027449 [info ] [Thread-2 (]: 1 of 3 START sql view model staging.stg_gmail_data ............................. [RUN]
[0m18:10:37.027449 [debug] [Thread-2 (]: Acquiring new snowflake connection 'model.email_project.stg_gmail_data'
[0m18:10:37.027449 [debug] [Thread-2 (]: Began compiling node model.email_project.stg_gmail_data
[0m18:10:37.027449 [debug] [Thread-2 (]: Writing injected SQL for node "model.email_project.stg_gmail_data"
[0m18:10:37.027449 [debug] [Thread-2 (]: Began executing node model.email_project.stg_gmail_data
[0m18:10:37.065032 [debug] [Thread-2 (]: Writing runtime sql for node "model.email_project.stg_gmail_data"
[0m18:10:37.065032 [debug] [Thread-2 (]: Using snowflake connection "model.email_project.stg_gmail_data"
[0m18:10:37.065032 [debug] [Thread-2 (]: On model.email_project.stg_gmail_data: create or replace   view email_db.staging.stg_gmail_data
  
  
  
  
  as (
    
with msg_rank as(
    SELECT 
        MESSAGE_ID,
        --SENDER_RAW,
        LOWER(SENDER_EMAIL) AS sender_email,
        SENDER_DISPLAY_NAME AS SENDER_NAME,
        SENDER_DOMAIN,
        SENDER_DOMAIN_TYPE,
        CASE
            WHEN CC IS NULL THEN 'None'
            ELSE CC
        END AS CC,
        RECIPIENT_COUNT,    
        SUBJECT,    
        TO_DATE(FULL_DATE ,'DD/MM/YYYY') as email_date,
        --YEAR,
        --QUARTER,
        --MONTH,
        --MONTH_NAME,
        --WEEK,
        DAY_OF_WEEK,
        --DAY_NAME,
        --IS_WEEKEND,    
        --FULL_TIME,
        --HOUR,
        --MINUTE,
        --AM_PM,
        --TIME_BUCKET,
        FOLDER,
        ALL_LABELS,    
        SIZE_BYTES,
        ATTACHMENT_COUNT,
        HAS_ATTACHMENTS,  
        IS_READ,
        IS_STARRED,
        IS_REPLIED,   
        --THREAD_SUBJECT,
        TO_TIMESTAMP(THREAD_FIRST_MESSAGE_AT, 'DD/MM/YYYY HH24:MI') AS THREAD_FIRST_MESSAGE_AT,    
        --THREAD_DURATION_SEC,       
        THREAD_PARTICIPANT_COUNT,
        RANK () OVER (PARTITION BY MESSAGE_ID ORDER BY FULL_DATE desc) AS rnk
    from email_db.raw.gmail_data
)
SELECT         
        MESSAGE_ID,
        SENDER_NAME,
        sender_email,
        SENDER_DOMAIN,
        SENDER_DOMAIN_TYPE,
        CC,
        RECIPIENT_COUNT,    
        SUBJECT,    
        email_date,
        DAY_OF_WEEK,
        FOLDER,
        ALL_LABELS,    
        SIZE_BYTES,
        ATTACHMENT_COUNT,
        HAS_ATTACHMENTS,  
        IS_READ,
        IS_STARRED,
        IS_REPLIED, 
        THREAD_FIRST_MESSAGE_AT,           
        THREAD_PARTICIPANT_COUNT, 
    FROM msg_rank WHERE rnk = 1
  )
/* {"app": "dbt", "dbt_version": "1.11.11", "profile_name": "email_project", "target_name": "dev", "node_id": "model.email_project.stg_gmail_data"} */;
[0m18:10:37.065032 [debug] [Thread-2 (]: Opening a new connection, currently in state init
[0m18:10:37.668113 [debug] [Thread-2 (]: SQL status: SUCCESS 1 in 0.602 seconds
[0m18:10:37.700368 [debug] [Thread-2 (]: Sending event: {'category': 'dbt', 'action': 'run_model', 'label': '22a93de0-e26c-4a5a-abd4-7d4e99b595d6', 'context': [<snowplow_tracker.self_describing_json.SelfDescribingJson object at 0x0000026C90CE4A70>]}
[0m18:10:37.700923 [info ] [Thread-2 (]: 1 of 3 OK created sql view model staging.stg_gmail_data ........................ [[32mSUCCESS 1[0m in 0.66s]
[0m18:10:37.700923 [debug] [Thread-2 (]: Finished running node model.email_project.stg_gmail_data
[0m18:10:37.700923 [debug] [Thread-2 (]: Began running node model.email_project.email_fct
[0m18:10:37.700923 [info ] [Thread-2 (]: 2 of 3 START sql table model warehouse.email_fct ............................... [RUN]
[0m18:10:37.700923 [debug] [Thread-2 (]: Re-using an available connection from the pool (formerly model.email_project.stg_gmail_data, now model.email_project.email_fct)
[0m18:10:37.700923 [debug] [Thread-2 (]: Began compiling node model.email_project.email_fct
[0m18:10:37.700923 [debug] [Thread-2 (]: Writing injected SQL for node "model.email_project.email_fct"
[0m18:10:37.700923 [debug] [Thread-2 (]: Began executing node model.email_project.email_fct
[0m18:10:37.732686 [debug] [Thread-2 (]: Writing runtime sql for node "model.email_project.email_fct"
[0m18:10:37.732686 [debug] [Thread-2 (]: Using snowflake connection "model.email_project.email_fct"
[0m18:10:37.732686 [debug] [Thread-2 (]: On model.email_project.email_fct: create or replace transient table email_db.warehouse.email_fct
    
    
    
    as (

SELECT MESSAGE_ID,
sender_id
from email_db.staging.stg_gmail_data
    )

/* {"app": "dbt", "dbt_version": "1.11.11", "profile_name": "email_project", "target_name": "dev", "node_id": "model.email_project.email_fct"} */;
[0m18:10:37.877184 [debug] [Thread-2 (]: Snowflake adapter: Snowflake query id: 01c5c9e2-0003-5fed-0003-44e2000184da
[0m18:10:37.877184 [debug] [Thread-2 (]: Snowflake adapter: Snowflake error: 000904 (42000): SQL compilation error: error line 8 at position 0
invalid identifier 'SENDER_ID'
[0m18:10:37.877184 [debug] [Thread-2 (]: Database Error in model email_fct (models\warehouse\email_fct.sql)
  000904 (42000): SQL compilation error: error line 8 at position 0
  invalid identifier 'SENDER_ID'
  compiled code at target\run\email_project\models\warehouse\email_fct.sql
[0m18:10:37.877184 [debug] [Thread-2 (]: Sending event: {'category': 'dbt', 'action': 'run_model', 'label': '22a93de0-e26c-4a5a-abd4-7d4e99b595d6', 'context': [<snowplow_tracker.self_describing_json.SelfDescribingJson object at 0x0000026C95D46BD0>]}
[0m18:10:37.877184 [error] [Thread-2 (]: 2 of 3 ERROR creating sql table model warehouse.email_fct ...................... [[31mERROR[0m in 0.18s]
[0m18:10:37.892931 [debug] [Thread-2 (]: Finished running node model.email_project.email_fct
[0m18:10:37.892931 [debug] [Thread-2 (]: Began running node model.email_project.sender_dim
[0m18:10:37.892931 [debug] [Thread-5 (]: Marking all children of 'model.email_project.email_fct' to be skipped because of status 'error'.  Reason: Database Error in model email_fct (models\warehouse\email_fct.sql)
  000904 (42000): SQL compilation error: error line 8 at position 0
  invalid identifier 'SENDER_ID'
  compiled code at target\run\email_project\models\warehouse\email_fct.sql.
[0m18:10:37.892931 [info ] [Thread-2 (]: 3 of 3 START sql table model warehouse.sender_dim .............................. [RUN]
[0m18:10:37.892931 [debug] [Thread-2 (]: Re-using an available connection from the pool (formerly model.email_project.email_fct, now model.email_project.sender_dim)
[0m18:10:37.892931 [debug] [Thread-2 (]: Began compiling node model.email_project.sender_dim
[0m18:10:37.892931 [debug] [Thread-2 (]: Writing injected SQL for node "model.email_project.sender_dim"
[0m18:10:37.892931 [debug] [Thread-2 (]: Began executing node model.email_project.sender_dim
[0m18:10:37.906416 [debug] [Thread-2 (]: Writing runtime sql for node "model.email_project.sender_dim"
[0m18:10:37.908422 [debug] [Thread-2 (]: Using snowflake connection "model.email_project.sender_dim"
[0m18:10:37.908422 [debug] [Thread-2 (]: On model.email_project.sender_dim: create or replace transient table email_db.warehouse.sender_dim
    
    
    
    as (

with reorder_columns as(
SELECT 
distinct sender_email,
SENDER_NAME,
SENDER_DOMAIN_TYPE
FROM email_db.staging.stg_gmail_data
)
SELECT
SENDER_NAME, 
sender_email,
SENDER_DOMAIN_TYPE
FROM reorder_columns
    )

/* {"app": "dbt", "dbt_version": "1.11.11", "profile_name": "email_project", "target_name": "dev", "node_id": "model.email_project.sender_dim"} */;
[0m18:10:38.467784 [debug] [Thread-2 (]: SQL status: SUCCESS 300 in 0.563 seconds
[0m18:10:38.467784 [debug] [Thread-2 (]: Sending event: {'category': 'dbt', 'action': 'run_model', 'label': '22a93de0-e26c-4a5a-abd4-7d4e99b595d6', 'context': [<snowplow_tracker.self_describing_json.SelfDescribingJson object at 0x0000026C95DE7740>]}
[0m18:10:38.467784 [info ] [Thread-2 (]: 3 of 3 OK created sql table model warehouse.sender_dim ......................... [[32mSUCCESS 300[0m in 0.57s]
[0m18:10:38.467784 [debug] [Thread-2 (]: Finished running node model.email_project.sender_dim
[0m18:10:38.467784 [debug] [MainThread]: Connection 'master' was properly closed.
[0m18:10:38.467784 [debug] [MainThread]: Connection 'list_email_db' was left open.
[0m18:10:38.467784 [debug] [MainThread]: On list_email_db: Close
[0m18:10:38.766758 [debug] [MainThread]: Connection 'list_email_db_staging' was left open.
[0m18:10:38.766758 [debug] [MainThread]: On list_email_db_staging: Close
[0m18:10:39.028004 [debug] [MainThread]: Connection 'model.email_project.sender_dim' was left open.
[0m18:10:39.028004 [debug] [MainThread]: On model.email_project.sender_dim: Close
[0m18:10:39.172668 [info ] [MainThread]: 
[0m18:10:39.172668 [info ] [MainThread]: Finished running 2 table models, 1 view model in 0 hours 0 minutes and 3.84 seconds (3.84s).
[0m18:10:39.172668 [debug] [MainThread]: Command end result
[0m18:10:39.289267 [debug] [MainThread]: Wrote artifact WritableManifest to F:\Projects\Data Engg Project\Data Engg Project on Emails - OC\new attempt\email_project\target\manifest.json
[0m18:10:39.289267 [debug] [MainThread]: Wrote artifact SemanticManifest to F:\Projects\Data Engg Project\Data Engg Project on Emails - OC\new attempt\email_project\target\semantic_manifest.json
[0m18:10:39.302450 [debug] [MainThread]: Wrote artifact RunExecutionResult to F:\Projects\Data Engg Project\Data Engg Project on Emails - OC\new attempt\email_project\target\run_results.json
[0m18:10:39.302450 [info ] [MainThread]: 
[0m18:10:39.303455 [info ] [MainThread]: [31mCompleted with 1 error, 0 partial successes, and 0 warnings:[0m
[0m18:10:39.304464 [info ] [MainThread]: 
[0m18:10:39.305454 [error] [MainThread]: [31mFailure in model email_fct (models\warehouse\email_fct.sql)[0m
[0m18:10:39.306453 [error] [MainThread]:   Database Error in model email_fct (models\warehouse\email_fct.sql)
  000904 (42000): SQL compilation error: error line 8 at position 0
  invalid identifier 'SENDER_ID'
  compiled code at target\run\email_project\models\warehouse\email_fct.sql
[0m18:10:39.306453 [info ] [MainThread]: 
[0m18:10:39.307463 [info ] [MainThread]:   compiled code at target\compiled\email_project\models\warehouse\email_fct.sql
[0m18:10:39.308463 [info ] [MainThread]: 
[0m18:10:39.308463 [info ] [MainThread]: Done. PASS=2 WARN=0 ERROR=1 SKIP=0 NO-OP=0 TOTAL=3
[0m18:10:39.309785 [debug] [MainThread]: Command `dbt run` failed at 18:10:39.309785 after 5.78 seconds
[0m18:10:39.310806 [debug] [MainThread]: Sending event: {'category': 'dbt', 'action': 'invocation', 'label': 'end', 'context': [<snowplow_tracker.self_describing_json.SelfDescribingJson object at 0x0000026C9123AC30>, <snowplow_tracker.self_describing_json.SelfDescribingJson object at 0x0000026C944E0D40>, <snowplow_tracker.self_describing_json.SelfDescribingJson object at 0x0000026C959985F0>]}
[0m18:10:39.310806 [debug] [MainThread]: Flushing usage events
[0m18:10:40.363474 [debug] [MainThread]: An error was encountered while trying to flush usage events
[0m18:11:07.409122 [debug] [MainThread]: Sending event: {'category': 'dbt', 'action': 'invocation', 'label': 'start', 'context': [<snowplow_tracker.self_describing_json.SelfDescribingJson object at 0x000001E91FD5B080>, <snowplow_tracker.self_describing_json.SelfDescribingJson object at 0x000001E91D227140>, <snowplow_tracker.self_describing_json.SelfDescribingJson object at 0x000001E92071FB60>]}


============================== 18:11:07.409122 | affc3535-e189-45ea-a8d4-fc34cc5121c2 ==============================
[0m18:11:07.409122 [info ] [MainThread]: Running with dbt=1.11.11
[0m18:11:07.409122 [debug] [MainThread]: running dbt with arguments {'static_parser': 'True', 'no_print': 'None', 'version_check': 'True', 'warn_error_options': 'WarnErrorOptionsV2(error=[], warn=[], silence=[])', 'target_path': 'None', 'printer_width': '80', 'write_json': 'True', 'introspect': 'True', 'log_cache_events': 'False', 'empty': 'False', 'cache_selected_only': 'False', 'log_format': 'default', 'debug': 'False', 'fail_fast': 'False', 'partial_parse': 'True', 'send_anonymous_usage_stats': 'True', 'quiet': 'False', 'warn_error': 'None', 'profiles_dir': 'C:\\Users\\61452\\.dbt', 'use_colors': 'True', 'invocation_command': 'dbt run', 'indirect_selection': 'eager', 'use_experimental_parser': 'False', 'log_path': 'F:\\Projects\\Data Engg Project\\Data Engg Project on Emails - OC\\new attempt\\email_project\\logs'}
[0m18:11:08.000603 [debug] [MainThread]: Snowflake adapter: Setting snowflake.connector to ERROR (file logging only)
[0m18:11:08.000603 [debug] [MainThread]: Snowflake adapter: Setting botocore to ERROR (file logging only)
[0m18:11:08.000603 [debug] [MainThread]: Snowflake adapter: Setting boto3 to ERROR (file logging only)
[0m18:11:08.178196 [debug] [MainThread]: Sending event: {'category': 'dbt', 'action': 'project_id', 'label': 'affc3535-e189-45ea-a8d4-fc34cc5121c2', 'context': [<snowplow_tracker.self_describing_json.SelfDescribingJson object at 0x000001E9230A8AD0>]}
[0m18:11:08.247262 [debug] [MainThread]: Sending event: {'category': 'dbt', 'action': 'adapter_info', 'label': 'affc3535-e189-45ea-a8d4-fc34cc5121c2', 'context': [<snowplow_tracker.self_describing_json.SelfDescribingJson object at 0x000001E922982F30>]}
[0m18:11:08.247262 [info ] [MainThread]: Registered adapter: snowflake=1.11.6
[0m18:11:08.579041 [debug] [MainThread]: checksum: 30a8cc8fdcbf66701b0944d4ccce3fa46dd04b61e5df68b9f16d57b2e0e3f0be, vars: {}, profile: , target: , version: 1.11.11
[0m18:11:08.699948 [debug] [MainThread]: Partial parsing enabled: 0 files deleted, 0 files added, 1 files changed.
[0m18:11:08.699948 [debug] [MainThread]: Partial parsing: updated file: email_project://models\warehouse\email_fct.sql
[0m18:11:08.962348 [debug] [MainThread]: Sending event: {'category': 'dbt', 'action': 'load_project', 'label': 'affc3535-e189-45ea-a8d4-fc34cc5121c2', 'context': [<snowplow_tracker.self_describing_json.SelfDescribingJson object at 0x000001E923C05FD0>]}
[0m18:11:09.026530 [debug] [MainThread]: Wrote artifact WritableManifest to F:\Projects\Data Engg Project\Data Engg Project on Emails - OC\new attempt\email_project\target\manifest.json
[0m18:11:09.042419 [debug] [MainThread]: Wrote artifact SemanticManifest to F:\Projects\Data Engg Project\Data Engg Project on Emails - OC\new attempt\email_project\target\semantic_manifest.json
[0m18:11:09.044859 [debug] [MainThread]: Sending event: {'category': 'dbt', 'action': 'resource_counts', 'label': 'affc3535-e189-45ea-a8d4-fc34cc5121c2', 'context': [<snowplow_tracker.self_describing_json.SelfDescribingJson object at 0x000001E923C91310>]}
[0m18:11:09.044859 [info ] [MainThread]: Found 3 models, 1 source, 538 macros
[0m18:11:09.058226 [debug] [MainThread]: Sending event: {'category': 'dbt', 'action': 'runnable_timing', 'label': 'affc3535-e189-45ea-a8d4-fc34cc5121c2', 'context': [<snowplow_tracker.self_describing_json.SelfDescribingJson object at 0x000001E923C555B0>]}
[0m18:11:09.058226 [info ] [MainThread]: 
[0m18:11:09.058226 [info ] [MainThread]: Concurrency: 1 threads (target='dev')
[0m18:11:09.058226 [info ] [MainThread]: 
[0m18:11:09.058226 [debug] [MainThread]: Acquiring new snowflake connection 'master'
[0m18:11:09.058226 [debug] [ThreadPool]: Acquiring new snowflake connection 'list_email_db'
[0m18:11:09.143728 [debug] [ThreadPool]: Using snowflake connection "list_email_db"
[0m18:11:09.143728 [debug] [ThreadPool]: On list_email_db: show terse schemas in database email_db
    limit 10000
/* {"app": "dbt", "dbt_version": "1.11.11", "profile_name": "email_project", "target_name": "dev", "connection_name": "list_email_db"} */
[0m18:11:09.144725 [debug] [ThreadPool]: Opening a new connection, currently in state init
[0m18:11:10.033086 [debug] [ThreadPool]: SQL status: SUCCESS 5 in 0.892 seconds
[0m18:11:10.033086 [debug] [ThreadPool]: Using snowflake connection "list_email_db"
[0m18:11:10.033086 [debug] [ThreadPool]: On list_email_db: show terse schemas in database email_db
    limit 10000
/* {"app": "dbt", "dbt_version": "1.11.11", "profile_name": "email_project", "target_name": "dev", "connection_name": "list_email_db"} */
[0m18:11:10.130096 [debug] [ThreadPool]: SQL status: SUCCESS 5 in 0.103 seconds
[0m18:11:10.146736 [debug] [ThreadPool]: Acquiring new snowflake connection 'list_email_db_staging'
[0m18:11:10.146736 [debug] [ThreadPool]: Using snowflake connection "list_email_db_staging"
[0m18:11:10.161915 [debug] [ThreadPool]: On list_email_db_staging: show objects in email_db.staging
    limit 10000
    

/* {"app": "dbt", "dbt_version": "1.11.11", "profile_name": "email_project", "target_name": "dev", "connection_name": "list_email_db_staging"} */;
[0m18:11:10.161915 [debug] [ThreadPool]: Opening a new connection, currently in state init
[0m18:11:10.612383 [debug] [ThreadPool]: SQL status: SUCCESS 1 in 0.460 seconds
[0m18:11:10.612383 [debug] [ThreadPool]: Re-using an available connection from the pool (formerly list_email_db_staging, now list_email_db_warehouse)
[0m18:11:10.628306 [debug] [ThreadPool]: Using snowflake connection "list_email_db_warehouse"
[0m18:11:10.628306 [debug] [ThreadPool]: On list_email_db_warehouse: show objects in email_db.warehouse
    limit 10000
    

/* {"app": "dbt", "dbt_version": "1.11.11", "profile_name": "email_project", "target_name": "dev", "connection_name": "list_email_db_warehouse"} */;
[0m18:11:10.755917 [debug] [ThreadPool]: SQL status: SUCCESS 1 in 0.127 seconds
[0m18:11:10.755917 [debug] [MainThread]: Sending event: {'category': 'dbt', 'action': 'runnable_timing', 'label': 'affc3535-e189-45ea-a8d4-fc34cc5121c2', 'context': [<snowplow_tracker.self_describing_json.SelfDescribingJson object at 0x000001E91DBF7440>]}
[0m18:11:10.755917 [debug] [Thread-2 (]: Began running node model.email_project.stg_gmail_data
[0m18:11:10.755917 [info ] [Thread-2 (]: 1 of 3 START sql view model staging.stg_gmail_data ............................. [RUN]
[0m18:11:10.755917 [debug] [Thread-2 (]: Acquiring new snowflake connection 'model.email_project.stg_gmail_data'
[0m18:11:10.755917 [debug] [Thread-2 (]: Began compiling node model.email_project.stg_gmail_data
[0m18:11:10.774042 [debug] [Thread-2 (]: Writing injected SQL for node "model.email_project.stg_gmail_data"
[0m18:11:10.774042 [debug] [Thread-2 (]: Began executing node model.email_project.stg_gmail_data
[0m18:11:10.816661 [debug] [Thread-2 (]: Writing runtime sql for node "model.email_project.stg_gmail_data"
[0m18:11:10.819660 [debug] [Thread-2 (]: Using snowflake connection "model.email_project.stg_gmail_data"
[0m18:11:10.820680 [debug] [Thread-2 (]: On model.email_project.stg_gmail_data: create or replace   view email_db.staging.stg_gmail_data
  
  
  
  
  as (
    
with msg_rank as(
    SELECT 
        MESSAGE_ID,
        --SENDER_RAW,
        LOWER(SENDER_EMAIL) AS sender_email,
        SENDER_DISPLAY_NAME AS SENDER_NAME,
        SENDER_DOMAIN,
        SENDER_DOMAIN_TYPE,
        CASE
            WHEN CC IS NULL THEN 'None'
            ELSE CC
        END AS CC,
        RECIPIENT_COUNT,    
        SUBJECT,    
        TO_DATE(FULL_DATE ,'DD/MM/YYYY') as email_date,
        --YEAR,
        --QUARTER,
        --MONTH,
        --MONTH_NAME,
        --WEEK,
        DAY_OF_WEEK,
        --DAY_NAME,
        --IS_WEEKEND,    
        --FULL_TIME,
        --HOUR,
        --MINUTE,
        --AM_PM,
        --TIME_BUCKET,
        FOLDER,
        ALL_LABELS,    
        SIZE_BYTES,
        ATTACHMENT_COUNT,
        HAS_ATTACHMENTS,  
        IS_READ,
        IS_STARRED,
        IS_REPLIED,   
        --THREAD_SUBJECT,
        TO_TIMESTAMP(THREAD_FIRST_MESSAGE_AT, 'DD/MM/YYYY HH24:MI') AS THREAD_FIRST_MESSAGE_AT,    
        --THREAD_DURATION_SEC,       
        THREAD_PARTICIPANT_COUNT,
        RANK () OVER (PARTITION BY MESSAGE_ID ORDER BY FULL_DATE desc) AS rnk
    from email_db.raw.gmail_data
)
SELECT         
        MESSAGE_ID,
        SENDER_NAME,
        sender_email,
        SENDER_DOMAIN,
        SENDER_DOMAIN_TYPE,
        CC,
        RECIPIENT_COUNT,    
        SUBJECT,    
        email_date,
        DAY_OF_WEEK,
        FOLDER,
        ALL_LABELS,    
        SIZE_BYTES,
        ATTACHMENT_COUNT,
        HAS_ATTACHMENTS,  
        IS_READ,
        IS_STARRED,
        IS_REPLIED, 
        THREAD_FIRST_MESSAGE_AT,           
        THREAD_PARTICIPANT_COUNT, 
    FROM msg_rank WHERE rnk = 1
  )
/* {"app": "dbt", "dbt_version": "1.11.11", "profile_name": "email_project", "target_name": "dev", "node_id": "model.email_project.stg_gmail_data"} */;
[0m18:11:10.820680 [debug] [Thread-2 (]: Opening a new connection, currently in state init
[0m18:11:11.594001 [debug] [Thread-2 (]: SQL status: SUCCESS 1 in 0.779 seconds
[0m18:11:11.616893 [debug] [Thread-2 (]: Sending event: {'category': 'dbt', 'action': 'run_model', 'label': 'affc3535-e189-45ea-a8d4-fc34cc5121c2', 'context': [<snowplow_tracker.self_describing_json.SelfDescribingJson object at 0x000001E9201943E0>]}
[0m18:11:11.627667 [info ] [Thread-2 (]: 1 of 3 OK created sql view model staging.stg_gmail_data ........................ [[32mSUCCESS 1[0m in 0.86s]
[0m18:11:11.627667 [debug] [Thread-2 (]: Finished running node model.email_project.stg_gmail_data
[0m18:11:11.627667 [debug] [Thread-2 (]: Began running node model.email_project.email_fct
[0m18:11:11.630762 [info ] [Thread-2 (]: 2 of 3 START sql table model warehouse.email_fct ............................... [RUN]
[0m18:11:11.631810 [debug] [Thread-2 (]: Re-using an available connection from the pool (formerly model.email_project.stg_gmail_data, now model.email_project.email_fct)
[0m18:11:11.631810 [debug] [Thread-2 (]: Began compiling node model.email_project.email_fct
[0m18:11:11.633477 [debug] [Thread-2 (]: Writing injected SQL for node "model.email_project.email_fct"
[0m18:11:11.633477 [debug] [Thread-2 (]: Began executing node model.email_project.email_fct
[0m18:11:11.661707 [debug] [Thread-2 (]: Writing runtime sql for node "model.email_project.email_fct"
[0m18:11:11.661707 [debug] [Thread-2 (]: Using snowflake connection "model.email_project.email_fct"
[0m18:11:11.661707 [debug] [Thread-2 (]: On model.email_project.email_fct: create or replace transient table email_db.warehouse.email_fct
    
    
    
    as (

SELECT MESSAGE_ID,
sender_email
from email_db.staging.stg_gmail_data
    )

/* {"app": "dbt", "dbt_version": "1.11.11", "profile_name": "email_project", "target_name": "dev", "node_id": "model.email_project.email_fct"} */;
[0m18:11:12.165404 [debug] [Thread-2 (]: SQL status: SUCCESS 5672 in 0.516 seconds
[0m18:11:12.181412 [debug] [Thread-2 (]: Sending event: {'category': 'dbt', 'action': 'run_model', 'label': 'affc3535-e189-45ea-a8d4-fc34cc5121c2', 'context': [<snowplow_tracker.self_describing_json.SelfDescribingJson object at 0x000001E9251D45C0>]}
[0m18:11:12.181412 [info ] [Thread-2 (]: 2 of 3 OK created sql table model warehouse.email_fct .......................... [[32mSUCCESS 5672[0m in 0.55s]
[0m18:11:12.181412 [debug] [Thread-2 (]: Finished running node model.email_project.email_fct
[0m18:11:12.181412 [debug] [Thread-2 (]: Began running node model.email_project.sender_dim
[0m18:11:12.181412 [info ] [Thread-2 (]: 3 of 3 START sql table model warehouse.sender_dim .............................. [RUN]
[0m18:11:12.181412 [debug] [Thread-2 (]: Re-using an available connection from the pool (formerly model.email_project.email_fct, now model.email_project.sender_dim)
[0m18:11:12.181412 [debug] [Thread-2 (]: Began compiling node model.email_project.sender_dim
[0m18:11:12.181412 [debug] [Thread-2 (]: Writing injected SQL for node "model.email_project.sender_dim"
[0m18:11:12.181412 [debug] [Thread-2 (]: Began executing node model.email_project.sender_dim
[0m18:11:12.181412 [debug] [Thread-2 (]: Writing runtime sql for node "model.email_project.sender_dim"
[0m18:11:12.197137 [debug] [Thread-2 (]: Using snowflake connection "model.email_project.sender_dim"
[0m18:11:12.198736 [debug] [Thread-2 (]: On model.email_project.sender_dim: create or replace transient table email_db.warehouse.sender_dim
    
    
    
    as (

with reorder_columns as(
SELECT 
distinct sender_email,
SENDER_NAME,
SENDER_DOMAIN_TYPE
FROM email_db.staging.stg_gmail_data
)
SELECT
SENDER_NAME, 
sender_email,
SENDER_DOMAIN_TYPE
FROM reorder_columns
    )

/* {"app": "dbt", "dbt_version": "1.11.11", "profile_name": "email_project", "target_name": "dev", "node_id": "model.email_project.sender_dim"} */;
[0m18:11:12.772209 [debug] [Thread-2 (]: SQL status: SUCCESS 300 in 0.584 seconds
[0m18:11:12.772209 [debug] [Thread-2 (]: Sending event: {'category': 'dbt', 'action': 'run_model', 'label': 'affc3535-e189-45ea-a8d4-fc34cc5121c2', 'context': [<snowplow_tracker.self_describing_json.SelfDescribingJson object at 0x000001E92528F290>]}
[0m18:11:12.772209 [info ] [Thread-2 (]: 3 of 3 OK created sql table model warehouse.sender_dim ......................... [[32mSUCCESS 300[0m in 0.59s]
[0m18:11:12.787961 [debug] [Thread-2 (]: Finished running node model.email_project.sender_dim
[0m18:11:12.787961 [debug] [MainThread]: Connection 'master' was properly closed.
[0m18:11:12.787961 [debug] [MainThread]: Connection 'list_email_db' was left open.
[0m18:11:12.787961 [debug] [MainThread]: On list_email_db: Close
[0m18:11:12.930663 [debug] [MainThread]: Connection 'list_email_db_warehouse' was left open.
[0m18:11:12.930663 [debug] [MainThread]: On list_email_db_warehouse: Close
[0m18:11:13.078929 [debug] [MainThread]: Connection 'model.email_project.sender_dim' was left open.
[0m18:11:13.078929 [debug] [MainThread]: On model.email_project.sender_dim: Close
[0m18:11:13.235200 [info ] [MainThread]: 
[0m18:11:13.235200 [info ] [MainThread]: Finished running 2 table models, 1 view model in 0 hours 0 minutes and 4.18 seconds (4.18s).
[0m18:11:13.235200 [debug] [MainThread]: Command end result
[0m18:11:13.346986 [debug] [MainThread]: Wrote artifact WritableManifest to F:\Projects\Data Engg Project\Data Engg Project on Emails - OC\new attempt\email_project\target\manifest.json
[0m18:11:13.352998 [debug] [MainThread]: Wrote artifact SemanticManifest to F:\Projects\Data Engg Project\Data Engg Project on Emails - OC\new attempt\email_project\target\semantic_manifest.json
[0m18:11:13.352998 [debug] [MainThread]: Wrote artifact RunExecutionResult to F:\Projects\Data Engg Project\Data Engg Project on Emails - OC\new attempt\email_project\target\run_results.json
[0m18:11:13.352998 [info ] [MainThread]: 
[0m18:11:13.352998 [info ] [MainThread]: [32mCompleted successfully[0m
[0m18:11:13.352998 [info ] [MainThread]: 
[0m18:11:13.363013 [info ] [MainThread]: Done. PASS=3 WARN=0 ERROR=0 SKIP=0 NO-OP=0 TOTAL=3
[0m18:11:13.363013 [debug] [MainThread]: Command `dbt run` succeeded at 18:11:13.363013 after 6.09 seconds
[0m18:11:13.363013 [debug] [MainThread]: Sending event: {'category': 'dbt', 'action': 'invocation', 'label': 'end', 'context': [<snowplow_tracker.self_describing_json.SelfDescribingJson object at 0x000001E91E3634D0>, <snowplow_tracker.self_describing_json.SelfDescribingJson object at 0x000001E920E8BD10>, <snowplow_tracker.self_describing_json.SelfDescribingJson object at 0x000001E91FD19E80>]}
[0m18:11:13.363013 [debug] [MainThread]: Flushing usage events
[0m18:11:14.499873 [debug] [MainThread]: An error was encountered while trying to flush usage events
[0m14:09:39.305759 [debug] [MainThread]: Sending event: {'category': 'dbt', 'action': 'invocation', 'label': 'start', 'context': [<snowplow_tracker.self_describing_json.SelfDescribingJson object at 0x0000025E4737B980>, <snowplow_tracker.self_describing_json.SelfDescribingJson object at 0x0000025E47E72DE0>, <snowplow_tracker.self_describing_json.SelfDescribingJson object at 0x0000025E47E73020>]}


============================== 14:09:39.305759 | e0ae6768-64d7-4957-9c80-7e650d4b997a ==============================
[0m14:09:39.305759 [info ] [MainThread]: Running with dbt=1.11.11
[0m14:09:39.305759 [debug] [MainThread]: running dbt with arguments {'static_parser': 'True', 'no_print': 'None', 'version_check': 'True', 'warn_error_options': 'WarnErrorOptionsV2(error=[], warn=[], silence=[])', 'target_path': 'None', 'printer_width': '80', 'write_json': 'True', 'empty': 'None', 'log_cache_events': 'False', 'introspect': 'True', 'cache_selected_only': 'False', 'log_format': 'default', 'debug': 'False', 'fail_fast': 'False', 'profiles_dir': 'C:\\Users\\61452\\.dbt', 'send_anonymous_usage_stats': 'True', 'quiet': 'False', 'warn_error': 'None', 'partial_parse': 'True', 'use_colors': 'True', 'indirect_selection': 'eager', 'invocation_command': 'dbt ', 'use_experimental_parser': 'False', 'log_path': 'f:\\Projects\\Data Engg Project\\Data Engg Project on Emails - OC\\new attempt\\email_project\\logs'}
[0m14:09:39.455943 [debug] [MainThread]: Sending event: {'category': 'dbt', 'action': 'project_id', 'label': 'e0ae6768-64d7-4957-9c80-7e650d4b997a', 'context': [<snowplow_tracker.self_describing_json.SelfDescribingJson object at 0x0000025E4515CBF0>]}
[0m14:09:39.491858 [info ] [MainThread]: Warning: No packages were found in packages.yml
[0m14:09:39.493856 [info ] [MainThread]: Warning: No packages were found in packages.yml
[0m14:09:39.494858 [debug] [MainThread]: Command `cli deps` succeeded at 14:09:39.494858 after 0.36 seconds
[0m14:09:39.495868 [debug] [MainThread]: Sending event: {'category': 'dbt', 'action': 'invocation', 'label': 'end', 'context': [<snowplow_tracker.self_describing_json.SelfDescribingJson object at 0x0000025E472B1010>, <snowplow_tracker.self_describing_json.SelfDescribingJson object at 0x0000025E47732060>, <snowplow_tracker.self_describing_json.SelfDescribingJson object at 0x0000025E485AE090>]}
[0m14:09:39.495868 [debug] [MainThread]: Flushing usage events
[0m14:09:42.252224 [debug] [MainThread]: An error was encountered while trying to flush usage events
[0m19:44:30.066225 [debug] [MainThread]: Sending event: {'category': 'dbt', 'action': 'invocation', 'label': 'start', 'context': [<snowplow_tracker.self_describing_json.SelfDescribingJson object at 0x000002764512D6A0>, <snowplow_tracker.self_describing_json.SelfDescribingJson object at 0x00000276473875C0>, <snowplow_tracker.self_describing_json.SelfDescribingJson object at 0x0000027647387380>]}


============================== 19:44:30.066225 | 4a307897-3879-45cd-bfee-e9629de62e2f ==============================
[0m19:44:30.066225 [info ] [MainThread]: Running with dbt=1.11.11
[0m19:44:30.066225 [debug] [MainThread]: running dbt with arguments {'version_check': 'True', 'no_print': 'None', 'static_parser': 'True', 'target_path': 'None', 'warn_error_options': 'WarnErrorOptionsV2(error=[], warn=[], silence=[])', 'printer_width': '80', 'write_json': 'True', 'introspect': 'True', 'log_cache_events': 'False', 'empty': 'None', 'cache_selected_only': 'False', 'log_format': 'default', 'debug': 'False', 'fail_fast': 'False', 'partial_parse': 'True', 'send_anonymous_usage_stats': 'True', 'quiet': 'False', 'warn_error': 'None', 'profiles_dir': 'C:\\Users\\61452\\.dbt', 'use_colors': 'True', 'invocation_command': 'dbt ', 'indirect_selection': 'eager', 'use_experimental_parser': 'False', 'log_path': 'f:\\Projects\\Data Engg Project\\Data Engg Project on Emails - OC\\new attempt\\email_project\\logs'}
[0m19:44:30.258832 [debug] [MainThread]: Sending event: {'category': 'dbt', 'action': 'project_id', 'label': '4a307897-3879-45cd-bfee-e9629de62e2f', 'context': [<snowplow_tracker.self_describing_json.SelfDescribingJson object at 0x0000027647BB6000>]}
[0m19:44:30.279357 [info ] [MainThread]: Warning: No packages were found in packages.yml
[0m19:44:30.279357 [info ] [MainThread]: Warning: No packages were found in packages.yml
[0m19:44:30.279357 [debug] [MainThread]: Command `cli deps` succeeded at 19:44:30.279357 after 0.39 seconds
[0m19:44:30.295656 [debug] [MainThread]: Sending event: {'category': 'dbt', 'action': 'invocation', 'label': 'end', 'context': [<snowplow_tracker.self_describing_json.SelfDescribingJson object at 0x000002764703EEA0>, <snowplow_tracker.self_describing_json.SelfDescribingJson object at 0x000002764703F860>, <snowplow_tracker.self_describing_json.SelfDescribingJson object at 0x000002764177AF90>]}
[0m19:44:30.296680 [debug] [MainThread]: Flushing usage events
[0m19:44:32.807729 [debug] [MainThread]: An error was encountered while trying to flush usage events
[0m19:45:53.551043 [debug] [MainThread]: Sending event: {'category': 'dbt', 'action': 'invocation', 'label': 'start', 'context': [<snowplow_tracker.self_describing_json.SelfDescribingJson object at 0x000002814804A2A0>, <snowplow_tracker.self_describing_json.SelfDescribingJson object at 0x00000281449EAE70>, <snowplow_tracker.self_describing_json.SelfDescribingJson object at 0x0000028148748920>]}


============================== 19:45:53.551043 | d8947879-f609-498e-9d74-ef29a2209283 ==============================
[0m19:45:53.551043 [info ] [MainThread]: Running with dbt=1.11.11
[0m19:45:53.551043 [debug] [MainThread]: running dbt with arguments {'version_check': 'True', 'no_print': 'None', 'static_parser': 'True', 'target_path': 'None', 'warn_error_options': 'WarnErrorOptionsV2(error=[], warn=[], silence=[])', 'printer_width': '80', 'write_json': 'True', 'introspect': 'True', 'log_cache_events': 'False', 'empty': 'False', 'cache_selected_only': 'False', 'log_format': 'default', 'debug': 'False', 'fail_fast': 'False', 'profiles_dir': 'C:\\Users\\61452\\.dbt', 'send_anonymous_usage_stats': 'True', 'quiet': 'False', 'warn_error': 'None', 'partial_parse': 'True', 'invocation_command': 'dbt run', 'use_colors': 'True', 'indirect_selection': 'eager', 'use_experimental_parser': 'False', 'log_path': 'F:\\Projects\\Data Engg Project\\Data Engg Project on Emails - OC\\new attempt\\email_project\\logs'}
[0m19:45:53.962454 [debug] [MainThread]: Snowflake adapter: Setting snowflake.connector to ERROR (file logging only)
[0m19:45:53.962454 [debug] [MainThread]: Snowflake adapter: Setting botocore to ERROR (file logging only)
[0m19:45:53.962454 [debug] [MainThread]: Snowflake adapter: Setting boto3 to ERROR (file logging only)
[0m19:45:54.152732 [debug] [MainThread]: Sending event: {'category': 'dbt', 'action': 'project_id', 'label': 'd8947879-f609-498e-9d74-ef29a2209283', 'context': [<snowplow_tracker.self_describing_json.SelfDescribingJson object at 0x00000281498EF0B0>]}
[0m19:45:54.226090 [debug] [MainThread]: Sending event: {'category': 'dbt', 'action': 'adapter_info', 'label': 'd8947879-f609-498e-9d74-ef29a2209283', 'context': [<snowplow_tracker.self_describing_json.SelfDescribingJson object at 0x000002814804A330>]}
[0m19:45:54.226090 [info ] [MainThread]: Registered adapter: snowflake=1.11.6
[0m19:45:54.601082 [debug] [MainThread]: checksum: 30a8cc8fdcbf66701b0944d4ccce3fa46dd04b61e5df68b9f16d57b2e0e3f0be, vars: {}, profile: , target: , version: 1.11.11
[0m19:45:54.812429 [debug] [MainThread]: Partial parsing enabled: 0 files deleted, 0 files added, 0 files changed.
[0m19:45:54.812429 [debug] [MainThread]: Nothing changed, skipping partial parsing.
[0m19:45:54.812429 [debug] [MainThread]: Partial parsing enabled, no changes found, skipping parsing
[0m19:45:54.812429 [warn ] [MainThread]: [[33mWARNING[0m]: Configuration paths exist in your dbt_project.yml file which do not apply to any resources.
There are 1 unused configuration paths:
- models.email_project.warehouse
[0m19:45:54.871821 [debug] [MainThread]: Sending event: {'category': 'dbt', 'action': 'load_project', 'label': 'd8947879-f609-498e-9d74-ef29a2209283', 'context': [<snowplow_tracker.self_describing_json.SelfDescribingJson object at 0x000002814AE09910>]}
[0m19:45:54.954684 [debug] [MainThread]: Wrote artifact WritableManifest to F:\Projects\Data Engg Project\Data Engg Project on Emails - OC\new attempt\email_project\target\manifest.json
[0m19:45:54.962830 [debug] [MainThread]: Wrote artifact SemanticManifest to F:\Projects\Data Engg Project\Data Engg Project on Emails - OC\new attempt\email_project\target\semantic_manifest.json
[0m19:45:54.979140 [debug] [MainThread]: Sending event: {'category': 'dbt', 'action': 'resource_counts', 'label': 'd8947879-f609-498e-9d74-ef29a2209283', 'context': [<snowplow_tracker.self_describing_json.SelfDescribingJson object at 0x000002814B07EE10>]}
[0m19:45:54.979140 [info ] [MainThread]: Found 1 model, 1 source, 538 macros
[0m19:45:54.979140 [debug] [MainThread]: Sending event: {'category': 'dbt', 'action': 'runnable_timing', 'label': 'd8947879-f609-498e-9d74-ef29a2209283', 'context': [<snowplow_tracker.self_describing_json.SelfDescribingJson object at 0x000002814AFC89B0>]}
[0m19:45:54.979140 [info ] [MainThread]: 
[0m19:45:54.979140 [info ] [MainThread]: Concurrency: 1 threads (target='dev')
[0m19:45:54.979140 [info ] [MainThread]: 
[0m19:45:54.979140 [debug] [MainThread]: Acquiring new snowflake connection 'master'
[0m19:45:54.979140 [debug] [ThreadPool]: Acquiring new snowflake connection 'list_email_db'
[0m19:45:59.029611 [debug] [ThreadPool]: Using snowflake connection "list_email_db"
[0m19:45:59.029611 [debug] [ThreadPool]: On list_email_db: show terse schemas in database email_db
    limit 10000
/* {"app": "dbt", "dbt_version": "1.11.11", "profile_name": "email_project", "target_name": "dev", "connection_name": "list_email_db"} */
[0m19:45:59.029611 [debug] [ThreadPool]: Opening a new connection, currently in state init
[0m19:46:05.724486 [debug] [ThreadPool]: SQL status: SUCCESS 5 in 6.684 seconds
[0m19:46:05.729373 [debug] [ThreadPool]: Acquiring new snowflake connection 'list_email_db_staging'
[0m19:46:05.748167 [debug] [ThreadPool]: Using snowflake connection "list_email_db_staging"
[0m19:46:05.748167 [debug] [ThreadPool]: On list_email_db_staging: show objects in email_db.staging
    limit 10000
    

/* {"app": "dbt", "dbt_version": "1.11.11", "profile_name": "email_project", "target_name": "dev", "connection_name": "list_email_db_staging"} */;
[0m19:46:05.748167 [debug] [ThreadPool]: Opening a new connection, currently in state init
[0m19:46:06.545795 [debug] [ThreadPool]: SQL status: SUCCESS 1 in 0.798 seconds
[0m19:46:06.545795 [debug] [MainThread]: Sending event: {'category': 'dbt', 'action': 'runnable_timing', 'label': 'd8947879-f609-498e-9d74-ef29a2209283', 'context': [<snowplow_tracker.self_describing_json.SelfDescribingJson object at 0x000002814B07D130>]}
[0m19:46:06.552945 [debug] [Thread-2 (]: Began running node model.email_project.stg_gmail_data
[0m19:46:06.552945 [info ] [Thread-2 (]: 1 of 1 START sql view model staging.stg_gmail_data ............................. [RUN]
[0m19:46:06.552945 [debug] [Thread-2 (]: Acquiring new snowflake connection 'model.email_project.stg_gmail_data'
[0m19:46:06.559499 [debug] [Thread-2 (]: Began compiling node model.email_project.stg_gmail_data
[0m19:46:06.562425 [debug] [Thread-2 (]: Writing injected SQL for node "model.email_project.stg_gmail_data"
[0m19:46:06.562425 [debug] [Thread-2 (]: Began executing node model.email_project.stg_gmail_data
[0m19:46:06.616517 [debug] [Thread-2 (]: Writing runtime sql for node "model.email_project.stg_gmail_data"
[0m19:46:06.619505 [debug] [Thread-2 (]: Using snowflake connection "model.email_project.stg_gmail_data"
[0m19:46:06.619505 [debug] [Thread-2 (]: On model.email_project.stg_gmail_data: create or replace   view email_db.staging.stg_gmail_data
  
  
  
  
  as (
    
with msg_rank as(
    SELECT 
        MESSAGE_ID,
        --SENDER_RAW,
        LOWER(SENDER_EMAIL) AS sender_email,
        SENDER_DISPLAY_NAME AS SENDER_NAME,
        SENDER_DOMAIN,
        SENDER_DOMAIN_TYPE,
        CASE
            WHEN CC IS NULL THEN 'None'
            ELSE CC
        END AS CC,
        RECIPIENT_COUNT,    
        SUBJECT,    
        TO_DATE(FULL_DATE ,'DD/MM/YYYY') as email_date,
        --YEAR,
        --QUARTER,
        --MONTH,
        --MONTH_NAME,
        --WEEK,
        DAY_OF_WEEK,
        --DAY_NAME,
        --IS_WEEKEND,    
        --FULL_TIME,
        --HOUR,
        --MINUTE,
        --AM_PM,
        --TIME_BUCKET,
        FOLDER,
        ALL_LABELS,    
        SIZE_BYTES,
        ATTACHMENT_COUNT,
        HAS_ATTACHMENTS,  
        IS_READ,
        IS_STARRED,
        IS_REPLIED,   
        --THREAD_SUBJECT,
        TO_TIMESTAMP(THREAD_FIRST_MESSAGE_AT, 'DD/MM/YYYY HH24:MI') AS THREAD_FIRST_MESSAGE_AT,    
        --THREAD_DURATION_SEC,       
        THREAD_PARTICIPANT_COUNT,
        RANK () OVER (PARTITION BY MESSAGE_ID ORDER BY FULL_DATE desc) AS rnk
    from email_db.raw.gmail_data
)
SELECT         
        MESSAGE_ID,
        SENDER_NAME,
        sender_email,
        SENDER_DOMAIN,
        SENDER_DOMAIN_TYPE,
        CC,
        RECIPIENT_COUNT,    
        SUBJECT,    
        email_date,
        DAY_OF_WEEK,
        FOLDER,
        ALL_LABELS,    
        SIZE_BYTES,
        ATTACHMENT_COUNT,
        HAS_ATTACHMENTS,  
        IS_READ,
        IS_STARRED,
        IS_REPLIED, 
        THREAD_FIRST_MESSAGE_AT,           
        THREAD_PARTICIPANT_COUNT, 
    FROM msg_rank WHERE rnk = 1
  )
/* {"app": "dbt", "dbt_version": "1.11.11", "profile_name": "email_project", "target_name": "dev", "node_id": "model.email_project.stg_gmail_data"} */;
[0m19:46:06.620503 [debug] [Thread-2 (]: Opening a new connection, currently in state init
[0m19:46:07.429081 [debug] [Thread-2 (]: SQL status: SUCCESS 1 in 0.815 seconds
[0m19:46:07.481316 [debug] [Thread-2 (]: Sending event: {'category': 'dbt', 'action': 'run_model', 'label': 'd8947879-f609-498e-9d74-ef29a2209283', 'context': [<snowplow_tracker.self_describing_json.SelfDescribingJson object at 0x00000281498EDF70>]}
[0m19:46:07.481316 [info ] [Thread-2 (]: 1 of 1 OK created sql view model staging.stg_gmail_data ........................ [[32mSUCCESS 1[0m in 0.91s]
[0m19:46:07.481316 [debug] [Thread-2 (]: Finished running node model.email_project.stg_gmail_data
[0m19:46:07.481316 [debug] [MainThread]: Connection 'master' was properly closed.
[0m19:46:07.481316 [debug] [MainThread]: Connection 'list_email_db' was left open.
[0m19:46:07.481316 [debug] [MainThread]: On list_email_db: Close
[0m19:46:07.662475 [debug] [MainThread]: Connection 'list_email_db_staging' was left open.
[0m19:46:07.662475 [debug] [MainThread]: On list_email_db_staging: Close
[0m19:46:07.867857 [debug] [MainThread]: Connection 'model.email_project.stg_gmail_data' was left open.
[0m19:46:07.874585 [debug] [MainThread]: On model.email_project.stg_gmail_data: Close
[0m19:46:08.063926 [info ] [MainThread]: 
[0m19:46:08.063926 [info ] [MainThread]: Finished running 1 view model in 0 hours 0 minutes and 13.08 seconds (13.08s).
[0m19:46:08.063926 [debug] [MainThread]: Command end result
[0m19:46:08.110161 [debug] [MainThread]: Wrote artifact WritableManifest to F:\Projects\Data Engg Project\Data Engg Project on Emails - OC\new attempt\email_project\target\manifest.json
[0m19:46:08.113213 [debug] [MainThread]: Wrote artifact SemanticManifest to F:\Projects\Data Engg Project\Data Engg Project on Emails - OC\new attempt\email_project\target\semantic_manifest.json
[0m19:46:08.121435 [debug] [MainThread]: Wrote artifact RunExecutionResult to F:\Projects\Data Engg Project\Data Engg Project on Emails - OC\new attempt\email_project\target\run_results.json
[0m19:46:08.121435 [info ] [MainThread]: 
[0m19:46:08.121435 [info ] [MainThread]: [32mCompleted successfully[0m
[0m19:46:08.125322 [info ] [MainThread]: 
[0m19:46:08.125322 [info ] [MainThread]: Done. PASS=1 WARN=0 ERROR=0 SKIP=0 NO-OP=0 TOTAL=1
[0m19:46:08.125322 [debug] [MainThread]: Command `dbt run` succeeded at 19:46:08.125322 after 14.74 seconds
[0m19:46:08.125322 [debug] [MainThread]: Sending event: {'category': 'dbt', 'action': 'invocation', 'label': 'end', 'context': [<snowplow_tracker.self_describing_json.SelfDescribingJson object at 0x0000028147BAC380>, <snowplow_tracker.self_describing_json.SelfDescribingJson object at 0x0000028147933110>, <snowplow_tracker.self_describing_json.SelfDescribingJson object at 0x0000028147932E40>]}
[0m19:46:08.125322 [debug] [MainThread]: Flushing usage events
[0m19:46:10.129447 [debug] [MainThread]: An error was encountered while trying to flush usage events
[0m20:06:58.880003 [debug] [MainThread]: Sending event: {'category': 'dbt', 'action': 'invocation', 'label': 'start', 'context': [<snowplow_tracker.self_describing_json.SelfDescribingJson object at 0x00000251AE906A80>, <snowplow_tracker.self_describing_json.SelfDescribingJson object at 0x00000251AB972180>, <snowplow_tracker.self_describing_json.SelfDescribingJson object at 0x00000251AEDCA540>]}


============================== 20:06:58.880003 | 7af44ae0-c56e-4d6d-8dda-a6b4719c5d82 ==============================
[0m20:06:58.880003 [info ] [MainThread]: Running with dbt=1.11.11
[0m20:06:58.896610 [debug] [MainThread]: running dbt with arguments {'static_parser': 'True', 'no_print': 'None', 'version_check': 'True', 'target_path': 'None', 'warn_error_options': 'WarnErrorOptionsV2(error=[], warn=[], silence=[])', 'printer_width': '80', 'write_json': 'True', 'empty': 'False', 'log_cache_events': 'False', 'introspect': 'True', 'cache_selected_only': 'False', 'log_format': 'default', 'debug': 'False', 'fail_fast': 'False', 'partial_parse': 'True', 'send_anonymous_usage_stats': 'True', 'quiet': 'False', 'warn_error': 'None', 'profiles_dir': 'C:\\Users\\61452\\.dbt', 'use_colors': 'True', 'indirect_selection': 'eager', 'invocation_command': 'dbt run', 'use_experimental_parser': 'False', 'log_path': 'F:\\Projects\\Data Engg Project\\Data Engg Project on Emails - OC\\new attempt\\email_project\\logs'}
[0m20:06:59.851922 [debug] [MainThread]: Snowflake adapter: Setting snowflake.connector to ERROR (file logging only)
[0m20:06:59.851922 [debug] [MainThread]: Snowflake adapter: Setting botocore to ERROR (file logging only)
[0m20:06:59.851922 [debug] [MainThread]: Snowflake adapter: Setting boto3 to ERROR (file logging only)
[0m20:07:00.101300 [debug] [MainThread]: Sending event: {'category': 'dbt', 'action': 'project_id', 'label': '7af44ae0-c56e-4d6d-8dda-a6b4719c5d82', 'context': [<snowplow_tracker.self_describing_json.SelfDescribingJson object at 0x00000251B14A7C20>]}
[0m20:07:00.168390 [debug] [MainThread]: Sending event: {'category': 'dbt', 'action': 'adapter_info', 'label': '7af44ae0-c56e-4d6d-8dda-a6b4719c5d82', 'context': [<snowplow_tracker.self_describing_json.SelfDescribingJson object at 0x00000251AE93E750>]}
[0m20:07:00.170400 [info ] [MainThread]: Registered adapter: snowflake=1.11.6
[0m20:07:00.663688 [debug] [MainThread]: checksum: 30a8cc8fdcbf66701b0944d4ccce3fa46dd04b61e5df68b9f16d57b2e0e3f0be, vars: {}, profile: , target: , version: 1.11.11
[0m20:07:00.780307 [debug] [MainThread]: Partial parsing enabled: 0 files deleted, 0 files added, 0 files changed.
[0m20:07:00.780307 [debug] [MainThread]: Nothing changed, skipping partial parsing.
[0m20:07:00.780307 [debug] [MainThread]: Partial parsing enabled, no changes found, skipping parsing
[0m20:07:00.796646 [warn ] [MainThread]: [[33mWARNING[0m]: Configuration paths exist in your dbt_project.yml file which do not apply to any resources.
There are 1 unused configuration paths:
- models.email_project.warehouse
[0m20:07:00.832283 [debug] [MainThread]: Sending event: {'category': 'dbt', 'action': 'load_project', 'label': '7af44ae0-c56e-4d6d-8dda-a6b4719c5d82', 'context': [<snowplow_tracker.self_describing_json.SelfDescribingJson object at 0x00000251B1EA74D0>]}
[0m20:07:00.913428 [debug] [MainThread]: Wrote artifact WritableManifest to F:\Projects\Data Engg Project\Data Engg Project on Emails - OC\new attempt\email_project\target\manifest.json
[0m20:07:00.947389 [debug] [MainThread]: Wrote artifact SemanticManifest to F:\Projects\Data Engg Project\Data Engg Project on Emails - OC\new attempt\email_project\target\semantic_manifest.json
[0m20:07:00.963202 [debug] [MainThread]: Sending event: {'category': 'dbt', 'action': 'resource_counts', 'label': '7af44ae0-c56e-4d6d-8dda-a6b4719c5d82', 'context': [<snowplow_tracker.self_describing_json.SelfDescribingJson object at 0x00000251B2122CC0>]}
[0m20:07:00.963202 [info ] [MainThread]: Found 1 model, 1 source, 538 macros
[0m20:07:00.963202 [debug] [MainThread]: Sending event: {'category': 'dbt', 'action': 'runnable_timing', 'label': '7af44ae0-c56e-4d6d-8dda-a6b4719c5d82', 'context': [<snowplow_tracker.self_describing_json.SelfDescribingJson object at 0x00000251B206BD10>]}
[0m20:07:00.963202 [info ] [MainThread]: 
[0m20:07:00.963202 [info ] [MainThread]: Concurrency: 1 threads (target='dev')
[0m20:07:00.963202 [info ] [MainThread]: 
[0m20:07:00.963202 [debug] [MainThread]: Acquiring new snowflake connection 'master'
[0m20:07:00.963202 [debug] [ThreadPool]: Acquiring new snowflake connection 'list_email_db'
[0m20:07:04.763953 [debug] [ThreadPool]: Using snowflake connection "list_email_db"
[0m20:07:04.763953 [debug] [ThreadPool]: On list_email_db: show terse schemas in database email_db
    limit 10000
/* {"app": "dbt", "dbt_version": "1.11.11", "profile_name": "email_project", "target_name": "dev", "connection_name": "list_email_db"} */
[0m20:07:04.767313 [debug] [ThreadPool]: Opening a new connection, currently in state init
[0m20:07:06.797278 [debug] [ThreadPool]: SQL status: SUCCESS 4 in 2.045 seconds
[0m20:07:06.813290 [debug] [ThreadPool]: Acquiring new snowflake connection 'list_email_db_staging'
[0m20:07:06.813290 [debug] [ThreadPool]: Using snowflake connection "list_email_db_staging"
[0m20:07:06.829085 [debug] [ThreadPool]: On list_email_db_staging: show objects in email_db.staging
    limit 10000
    

/* {"app": "dbt", "dbt_version": "1.11.11", "profile_name": "email_project", "target_name": "dev", "connection_name": "list_email_db_staging"} */;
[0m20:07:06.829085 [debug] [ThreadPool]: Opening a new connection, currently in state init
[0m20:07:07.985440 [debug] [ThreadPool]: SQL status: SUCCESS 1 in 1.162 seconds
[0m20:07:08.000719 [debug] [MainThread]: Sending event: {'category': 'dbt', 'action': 'runnable_timing', 'label': '7af44ae0-c56e-4d6d-8dda-a6b4719c5d82', 'context': [<snowplow_tracker.self_describing_json.SelfDescribingJson object at 0x00000251B27401A0>]}
[0m20:07:08.006728 [debug] [Thread-2 (]: Began running node model.email_project.stg_gmail_data
[0m20:07:08.007728 [info ] [Thread-2 (]: 1 of 1 START sql view model staging.stg_gmail_data ............................. [RUN]
[0m20:07:08.008729 [debug] [Thread-2 (]: Acquiring new snowflake connection 'model.email_project.stg_gmail_data'
[0m20:07:08.008729 [debug] [Thread-2 (]: Began compiling node model.email_project.stg_gmail_data
[0m20:07:08.015678 [debug] [Thread-2 (]: Writing injected SQL for node "model.email_project.stg_gmail_data"
[0m20:07:08.015678 [debug] [Thread-2 (]: Began executing node model.email_project.stg_gmail_data
[0m20:07:08.069583 [debug] [Thread-2 (]: Writing runtime sql for node "model.email_project.stg_gmail_data"
[0m20:07:08.071584 [debug] [Thread-2 (]: Using snowflake connection "model.email_project.stg_gmail_data"
[0m20:07:08.072583 [debug] [Thread-2 (]: On model.email_project.stg_gmail_data: create or replace   view email_db.staging.stg_gmail_data
  
  
  
  
  as (
    
with msg_rank as(
    SELECT 
        MESSAGE_ID,
        --SENDER_RAW,
        LOWER(SENDER_EMAIL) AS sender_email,
        SENDER_DISPLAY_NAME AS SENDER_NAME,
        SENDER_DOMAIN,
        SENDER_DOMAIN_TYPE,
        CASE
            WHEN CC IS NULL THEN 'None'
            ELSE CC
        END AS CC,
        RECIPIENT_COUNT,    
        SUBJECT,    
        TO_DATE(FULL_DATE ,'DD/MM/YYYY') as email_date,
        --YEAR,
        --QUARTER,
        --MONTH,
        --MONTH_NAME,
        --WEEK,
        DAY_OF_WEEK,
        --DAY_NAME,
        --IS_WEEKEND,    
        --FULL_TIME,
        --HOUR,
        --MINUTE,
        --AM_PM,
        --TIME_BUCKET,
        FOLDER,
        SPLIT(ALL_LABELS, ',')[0] AS LABEL_1,
        SPLIT(ALL_LABELS, ',')[1] AS LABEL_2,
        SPLIT(ALL_LABELS, ',')[2] AS LABEL_3,
        SPLIT(ALL_LABELS, ',')[3] AS LABEL_4,
        ALL_LABELS,    
        SIZE_BYTES,
        ATTACHMENT_COUNT,
        HAS_ATTACHMENTS,  
        IS_READ,
        IS_STARRED,
        IS_REPLIED,   
        --THREAD_SUBJECT,
        TO_TIMESTAMP(THREAD_FIRST_MESSAGE_AT, 'DD/MM/YYYY HH24:MI') AS THREAD_FIRST_MESSAGE_AT,    
        --THREAD_DURATION_SEC,       
        THREAD_PARTICIPANT_COUNT,
        RANK () OVER (PARTITION BY MESSAGE_ID ORDER BY FULL_DATE desc) AS rnk
    from email_db.raw.gmail_data
)
SELECT         
        MESSAGE_ID,
        SENDER_NAME,
        sender_email,
        SENDER_DOMAIN,
        SENDER_DOMAIN_TYPE,
        CC,
        RECIPIENT_COUNT,    
        SUBJECT,    
        email_date,
        DAY_OF_WEEK,
        FOLDER,
        ALL_LABELS,    
        SIZE_BYTES,
        ATTACHMENT_COUNT,
        HAS_ATTACHMENTS,  
        IS_READ,
        IS_STARRED,
        IS_REPLIED, 
        THREAD_FIRST_MESSAGE_AT,           
        THREAD_PARTICIPANT_COUNT, 
    FROM msg_rank WHERE rnk = 1
  )
/* {"app": "dbt", "dbt_version": "1.11.11", "profile_name": "email_project", "target_name": "dev", "node_id": "model.email_project.stg_gmail_data"} */;
[0m20:07:08.072583 [debug] [Thread-2 (]: Opening a new connection, currently in state init
[0m20:07:08.830826 [debug] [Thread-2 (]: SQL status: SUCCESS 1 in 0.762 seconds
[0m20:07:08.863325 [debug] [Thread-2 (]: Sending event: {'category': 'dbt', 'action': 'run_model', 'label': '7af44ae0-c56e-4d6d-8dda-a6b4719c5d82', 'context': [<snowplow_tracker.self_describing_json.SelfDescribingJson object at 0x00000251B08EDD60>]}
[0m20:07:08.863325 [info ] [Thread-2 (]: 1 of 1 OK created sql view model staging.stg_gmail_data ........................ [[32mSUCCESS 1[0m in 0.84s]
[0m20:07:08.867027 [debug] [Thread-2 (]: Finished running node model.email_project.stg_gmail_data
[0m20:07:08.867027 [debug] [MainThread]: Connection 'master' was properly closed.
[0m20:07:08.867027 [debug] [MainThread]: Connection 'list_email_db' was left open.
[0m20:07:08.867027 [debug] [MainThread]: On list_email_db: Close
[0m20:07:09.064050 [debug] [MainThread]: Connection 'list_email_db_staging' was left open.
[0m20:07:09.064050 [debug] [MainThread]: On list_email_db_staging: Close
[0m20:07:09.265393 [debug] [MainThread]: Connection 'model.email_project.stg_gmail_data' was left open.
[0m20:07:09.265393 [debug] [MainThread]: On model.email_project.stg_gmail_data: Close
[0m20:07:09.470077 [info ] [MainThread]: 
[0m20:07:09.471299 [info ] [MainThread]: Finished running 1 view model in 0 hours 0 minutes and 8.51 seconds (8.51s).
[0m20:07:09.472089 [debug] [MainThread]: Command end result
[0m20:07:09.504848 [debug] [MainThread]: Wrote artifact WritableManifest to F:\Projects\Data Engg Project\Data Engg Project on Emails - OC\new attempt\email_project\target\manifest.json
[0m20:07:09.504848 [debug] [MainThread]: Wrote artifact SemanticManifest to F:\Projects\Data Engg Project\Data Engg Project on Emails - OC\new attempt\email_project\target\semantic_manifest.json
[0m20:07:09.515404 [debug] [MainThread]: Wrote artifact RunExecutionResult to F:\Projects\Data Engg Project\Data Engg Project on Emails - OC\new attempt\email_project\target\run_results.json
[0m20:07:09.515404 [info ] [MainThread]: 
[0m20:07:09.515404 [info ] [MainThread]: [32mCompleted successfully[0m
[0m20:07:09.515404 [info ] [MainThread]: 
[0m20:07:09.518324 [info ] [MainThread]: Done. PASS=1 WARN=0 ERROR=0 SKIP=0 NO-OP=0 TOTAL=1
[0m20:07:09.518324 [debug] [MainThread]: Command `dbt run` succeeded at 20:07:09.518324 after 10.98 seconds
[0m20:07:09.520338 [debug] [MainThread]: Sending event: {'category': 'dbt', 'action': 'invocation', 'label': 'end', 'context': [<snowplow_tracker.self_describing_json.SelfDescribingJson object at 0x00000251AEAD8FE0>, <snowplow_tracker.self_describing_json.SelfDescribingJson object at 0x00000251AF05BB30>, <snowplow_tracker.self_describing_json.SelfDescribingJson object at 0x00000251AF05B170>]}
[0m20:07:09.520338 [debug] [MainThread]: Flushing usage events
[0m20:07:13.034335 [debug] [MainThread]: An error was encountered while trying to flush usage events
[0m20:09:18.147020 [debug] [MainThread]: Sending event: {'category': 'dbt', 'action': 'invocation', 'label': 'start', 'context': [<snowplow_tracker.self_describing_json.SelfDescribingJson object at 0x000001A97F4E6900>, <snowplow_tracker.self_describing_json.SelfDescribingJson object at 0x000001A97F46D160>, <snowplow_tracker.self_describing_json.SelfDescribingJson object at 0x000001A97F46CCB0>]}


============================== 20:09:18.147020 | edc88f69-a7d6-4a4b-851b-d929fb389480 ==============================
[0m20:09:18.147020 [info ] [MainThread]: Running with dbt=1.11.11
[0m20:09:18.147020 [debug] [MainThread]: running dbt with arguments {'static_parser': 'True', 'no_print': 'None', 'version_check': 'True', 'warn_error_options': 'WarnErrorOptionsV2(error=[], warn=[], silence=[])', 'target_path': 'None', 'printer_width': '80', 'write_json': 'True', 'introspect': 'True', 'log_cache_events': 'False', 'empty': 'False', 'cache_selected_only': 'False', 'fail_fast': 'False', 'debug': 'False', 'log_format': 'default', 'profiles_dir': 'C:\\Users\\61452\\.dbt', 'send_anonymous_usage_stats': 'True', 'quiet': 'False', 'warn_error': 'None', 'partial_parse': 'True', 'use_colors': 'True', 'invocation_command': 'dbt run', 'indirect_selection': 'eager', 'use_experimental_parser': 'False', 'log_path': 'F:\\Projects\\Data Engg Project\\Data Engg Project on Emails - OC\\new attempt\\email_project\\logs'}
[0m20:09:18.713744 [debug] [MainThread]: Snowflake adapter: Setting snowflake.connector to ERROR (file logging only)
[0m20:09:18.713744 [debug] [MainThread]: Snowflake adapter: Setting botocore to ERROR (file logging only)
[0m20:09:18.713744 [debug] [MainThread]: Snowflake adapter: Setting boto3 to ERROR (file logging only)
[0m20:09:18.914575 [debug] [MainThread]: Sending event: {'category': 'dbt', 'action': 'project_id', 'label': 'edc88f69-a7d6-4a4b-851b-d929fb389480', 'context': [<snowplow_tracker.self_describing_json.SelfDescribingJson object at 0x000001A902394080>]}
[0m20:09:18.980703 [debug] [MainThread]: Sending event: {'category': 'dbt', 'action': 'adapter_info', 'label': 'edc88f69-a7d6-4a4b-851b-d929fb389480', 'context': [<snowplow_tracker.self_describing_json.SelfDescribingJson object at 0x000001A9022FF260>]}
[0m20:09:18.995738 [info ] [MainThread]: Registered adapter: snowflake=1.11.6
[0m20:09:19.297520 [debug] [MainThread]: checksum: 30a8cc8fdcbf66701b0944d4ccce3fa46dd04b61e5df68b9f16d57b2e0e3f0be, vars: {}, profile: , target: , version: 1.11.11
[0m20:09:19.430534 [debug] [MainThread]: Partial parsing enabled: 0 files deleted, 0 files added, 0 files changed.
[0m20:09:19.430534 [debug] [MainThread]: Nothing changed, skipping partial parsing.
[0m20:09:19.430534 [debug] [MainThread]: Partial parsing enabled, no changes found, skipping parsing
[0m20:09:19.438671 [warn ] [MainThread]: [[33mWARNING[0m]: Configuration paths exist in your dbt_project.yml file which do not apply to any resources.
There are 1 unused configuration paths:
- models.email_project.warehouse
[0m20:09:19.465514 [debug] [MainThread]: Sending event: {'category': 'dbt', 'action': 'load_project', 'label': 'edc88f69-a7d6-4a4b-851b-d929fb389480', 'context': [<snowplow_tracker.self_describing_json.SelfDescribingJson object at 0x000001A90235D640>]}
[0m20:09:19.559233 [debug] [MainThread]: Wrote artifact WritableManifest to F:\Projects\Data Engg Project\Data Engg Project on Emails - OC\new attempt\email_project\target\manifest.json
[0m20:09:19.561966 [debug] [MainThread]: Wrote artifact SemanticManifest to F:\Projects\Data Engg Project\Data Engg Project on Emails - OC\new attempt\email_project\target\semantic_manifest.json
[0m20:09:19.576299 [debug] [MainThread]: Sending event: {'category': 'dbt', 'action': 'resource_counts', 'label': 'edc88f69-a7d6-4a4b-851b-d929fb389480', 'context': [<snowplow_tracker.self_describing_json.SelfDescribingJson object at 0x000001A9027CEE10>]}
[0m20:09:19.576299 [info ] [MainThread]: Found 1 model, 1 source, 538 macros
[0m20:09:19.577288 [debug] [MainThread]: Sending event: {'category': 'dbt', 'action': 'runnable_timing', 'label': 'edc88f69-a7d6-4a4b-851b-d929fb389480', 'context': [<snowplow_tracker.self_describing_json.SelfDescribingJson object at 0x000001A90271BE30>]}
[0m20:09:19.579300 [info ] [MainThread]: 
[0m20:09:19.580280 [info ] [MainThread]: Concurrency: 1 threads (target='dev')
[0m20:09:19.580722 [info ] [MainThread]: 
[0m20:09:19.580722 [debug] [MainThread]: Acquiring new snowflake connection 'master'
[0m20:09:19.580722 [debug] [ThreadPool]: Acquiring new snowflake connection 'list_email_db'
[0m20:09:19.660026 [debug] [ThreadPool]: Using snowflake connection "list_email_db"
[0m20:09:19.661026 [debug] [ThreadPool]: On list_email_db: show terse schemas in database email_db
    limit 10000
/* {"app": "dbt", "dbt_version": "1.11.11", "profile_name": "email_project", "target_name": "dev", "connection_name": "list_email_db"} */
[0m20:09:19.661026 [debug] [ThreadPool]: Opening a new connection, currently in state init
[0m20:09:20.907471 [debug] [ThreadPool]: SQL status: SUCCESS 4 in 1.246 seconds
[0m20:09:20.910384 [debug] [ThreadPool]: Acquiring new snowflake connection 'list_email_db_staging'
[0m20:09:20.914006 [debug] [ThreadPool]: Using snowflake connection "list_email_db_staging"
[0m20:09:20.914006 [debug] [ThreadPool]: On list_email_db_staging: show objects in email_db.staging
    limit 10000
    

/* {"app": "dbt", "dbt_version": "1.11.11", "profile_name": "email_project", "target_name": "dev", "connection_name": "list_email_db_staging"} */;
[0m20:09:20.914006 [debug] [ThreadPool]: Opening a new connection, currently in state init
[0m20:09:21.814360 [debug] [ThreadPool]: SQL status: SUCCESS 1 in 0.904 seconds
[0m20:09:21.830684 [debug] [MainThread]: Sending event: {'category': 'dbt', 'action': 'runnable_timing', 'label': 'edc88f69-a7d6-4a4b-851b-d929fb389480', 'context': [<snowplow_tracker.self_describing_json.SelfDescribingJson object at 0x000001A9029739E0>]}
[0m20:09:21.830684 [debug] [Thread-2 (]: Began running node model.email_project.stg_gmail_data
[0m20:09:21.830684 [info ] [Thread-2 (]: 1 of 1 START sql view model staging.stg_gmail_data ............................. [RUN]
[0m20:09:21.830684 [debug] [Thread-2 (]: Acquiring new snowflake connection 'model.email_project.stg_gmail_data'
[0m20:09:21.830684 [debug] [Thread-2 (]: Began compiling node model.email_project.stg_gmail_data
[0m20:09:21.846268 [debug] [Thread-2 (]: Writing injected SQL for node "model.email_project.stg_gmail_data"
[0m20:09:21.848290 [debug] [Thread-2 (]: Began executing node model.email_project.stg_gmail_data
[0m20:09:21.880331 [debug] [Thread-2 (]: Writing runtime sql for node "model.email_project.stg_gmail_data"
[0m20:09:21.884344 [debug] [Thread-2 (]: Using snowflake connection "model.email_project.stg_gmail_data"
[0m20:09:21.885348 [debug] [Thread-2 (]: On model.email_project.stg_gmail_data: create or replace   view email_db.staging.stg_gmail_data
  
  
  
  
  as (
    
with msg_rank as(
    SELECT 
        MESSAGE_ID,
        --SENDER_RAW,
        LOWER(SENDER_EMAIL) AS sender_email,
        SENDER_DISPLAY_NAME AS SENDER_NAME,
        SENDER_DOMAIN,
        SENDER_DOMAIN_TYPE,
        CASE
            WHEN CC IS NULL THEN 'None'
            ELSE CC
        END AS CC,
        RECIPIENT_COUNT,    
        SUBJECT,    
        TO_DATE(FULL_DATE ,'DD/MM/YYYY') as email_date,
        --YEAR,
        --QUARTER,
        --MONTH,
        --MONTH_NAME,
        --WEEK,
        DAY_OF_WEEK,
        --DAY_NAME,
        --IS_WEEKEND,    
        --FULL_TIME,
        --HOUR,
        --MINUTE,
        --AM_PM,
        --TIME_BUCKET,
        FOLDER,
        SPLIT(ALL_LABELS, ',')[0] AS LABEL_1,
        SPLIT(ALL_LABELS, ',')[1] AS LABEL_2,
        SPLIT(ALL_LABELS, ',')[2] AS LABEL_3,
        SPLIT(ALL_LABELS, ',')[3] AS LABEL_4,
        ALL_LABELS,    
        SIZE_BYTES,
        ATTACHMENT_COUNT,
        HAS_ATTACHMENTS,  
        IS_READ,
        IS_STARRED,
        IS_REPLIED,   
        --THREAD_SUBJECT,
        TO_TIMESTAMP(THREAD_FIRST_MESSAGE_AT, 'DD/MM/YYYY HH24:MI') AS THREAD_FIRST_MESSAGE_AT,    
        --THREAD_DURATION_SEC,       
        THREAD_PARTICIPANT_COUNT,
        RANK () OVER (PARTITION BY MESSAGE_ID ORDER BY FULL_DATE desc) AS rnk
    from email_db.raw.gmail_data
)
SELECT         
        MESSAGE_ID,
        SENDER_NAME,
        sender_email,
        SENDER_DOMAIN,
        SENDER_DOMAIN_TYPE,
        CC,
        RECIPIENT_COUNT,    
        SUBJECT,    
        email_date,
        DAY_OF_WEEK,
        FOLDER,
        ALL_LABELS,    
        SIZE_BYTES,
        ATTACHMENT_COUNT,
        HAS_ATTACHMENTS,  
        IS_READ,
        IS_STARRED,
        IS_REPLIED, 
        THREAD_FIRST_MESSAGE_AT,           
        THREAD_PARTICIPANT_COUNT, 
    FROM msg_rank WHERE rnk = 1
  )
/* {"app": "dbt", "dbt_version": "1.11.11", "profile_name": "email_project", "target_name": "dev", "node_id": "model.email_project.stg_gmail_data"} */;
[0m20:09:21.885348 [debug] [Thread-2 (]: Opening a new connection, currently in state init
[0m20:09:22.614171 [debug] [Thread-2 (]: SQL status: SUCCESS 1 in 0.743 seconds
[0m20:09:22.662557 [debug] [Thread-2 (]: Sending event: {'category': 'dbt', 'action': 'run_model', 'label': 'edc88f69-a7d6-4a4b-851b-d929fb389480', 'context': [<snowplow_tracker.self_describing_json.SelfDescribingJson object at 0x000001A97FF7DF10>]}
[0m20:09:22.663966 [info ] [Thread-2 (]: 1 of 1 OK created sql view model staging.stg_gmail_data ........................ [[32mSUCCESS 1[0m in 0.82s]
[0m20:09:22.663966 [debug] [Thread-2 (]: Finished running node model.email_project.stg_gmail_data
[0m20:09:22.663966 [debug] [MainThread]: Connection 'master' was properly closed.
[0m20:09:22.663966 [debug] [MainThread]: Connection 'list_email_db' was left open.
[0m20:09:22.663966 [debug] [MainThread]: On list_email_db: Close
[0m20:09:22.849158 [debug] [MainThread]: Connection 'list_email_db_staging' was left open.
[0m20:09:22.849158 [debug] [MainThread]: On list_email_db_staging: Close
[0m20:09:23.090698 [debug] [MainThread]: Connection 'model.email_project.stg_gmail_data' was left open.
[0m20:09:23.090698 [debug] [MainThread]: On model.email_project.stg_gmail_data: Close
[0m20:09:23.397755 [info ] [MainThread]: 
[0m20:09:23.397755 [info ] [MainThread]: Finished running 1 view model in 0 hours 0 minutes and 3.82 seconds (3.82s).
[0m20:09:23.397755 [debug] [MainThread]: Command end result
[0m20:09:23.431274 [debug] [MainThread]: Wrote artifact WritableManifest to F:\Projects\Data Engg Project\Data Engg Project on Emails - OC\new attempt\email_project\target\manifest.json
[0m20:09:23.435279 [debug] [MainThread]: Wrote artifact SemanticManifest to F:\Projects\Data Engg Project\Data Engg Project on Emails - OC\new attempt\email_project\target\semantic_manifest.json
[0m20:09:23.437600 [debug] [MainThread]: Wrote artifact RunExecutionResult to F:\Projects\Data Engg Project\Data Engg Project on Emails - OC\new attempt\email_project\target\run_results.json
[0m20:09:23.437600 [info ] [MainThread]: 
[0m20:09:23.437600 [info ] [MainThread]: [32mCompleted successfully[0m
[0m20:09:23.437600 [info ] [MainThread]: 
[0m20:09:23.437600 [info ] [MainThread]: Done. PASS=1 WARN=0 ERROR=0 SKIP=0 NO-OP=0 TOTAL=1
[0m20:09:23.437600 [debug] [MainThread]: Command `dbt run` succeeded at 20:09:23.437600 after 5.44 seconds
[0m20:09:23.447171 [debug] [MainThread]: Sending event: {'category': 'dbt', 'action': 'invocation', 'label': 'end', 'context': [<snowplow_tracker.self_describing_json.SelfDescribingJson object at 0x000001A97FEC2F30>, <snowplow_tracker.self_describing_json.SelfDescribingJson object at 0x000001A97BF475F0>, <snowplow_tracker.self_describing_json.SelfDescribingJson object at 0x000001A97F5F9C40>]}
[0m20:09:23.447171 [debug] [MainThread]: Flushing usage events
[0m20:09:25.437034 [debug] [MainThread]: An error was encountered while trying to flush usage events
[0m20:10:49.096308 [debug] [MainThread]: Sending event: {'category': 'dbt', 'action': 'invocation', 'label': 'start', 'context': [<snowplow_tracker.self_describing_json.SelfDescribingJson object at 0x000001B8CCCF7470>, <snowplow_tracker.self_describing_json.SelfDescribingJson object at 0x000001B8CD7DE0C0>, <snowplow_tracker.self_describing_json.SelfDescribingJson object at 0x000001B8CC9DD8E0>]}


============================== 20:10:49.102006 | 61ff745b-46ff-43d0-8c8f-84bf374a4707 ==============================
[0m20:10:49.102006 [info ] [MainThread]: Running with dbt=1.11.11
[0m20:10:49.102006 [debug] [MainThread]: running dbt with arguments {'version_check': 'True', 'no_print': 'None', 'static_parser': 'True', 'warn_error_options': 'WarnErrorOptionsV2(error=[], warn=[], silence=[])', 'target_path': 'None', 'printer_width': '80', 'write_json': 'True', 'introspect': 'True', 'log_cache_events': 'False', 'empty': 'False', 'cache_selected_only': 'False', 'fail_fast': 'False', 'debug': 'False', 'log_format': 'default', 'profiles_dir': 'C:\\Users\\61452\\.dbt', 'send_anonymous_usage_stats': 'True', 'quiet': 'False', 'warn_error': 'None', 'partial_parse': 'True', 'indirect_selection': 'eager', 'use_colors': 'True', 'invocation_command': 'dbt run', 'use_experimental_parser': 'False', 'log_path': 'F:\\Projects\\Data Engg Project\\Data Engg Project on Emails - OC\\new attempt\\email_project\\logs'}
[0m20:10:49.714312 [debug] [MainThread]: Snowflake adapter: Setting snowflake.connector to ERROR (file logging only)
[0m20:10:49.716325 [debug] [MainThread]: Snowflake adapter: Setting botocore to ERROR (file logging only)
[0m20:10:49.716325 [debug] [MainThread]: Snowflake adapter: Setting boto3 to ERROR (file logging only)
[0m20:10:49.916714 [debug] [MainThread]: Sending event: {'category': 'dbt', 'action': 'project_id', 'label': '61ff745b-46ff-43d0-8c8f-84bf374a4707', 'context': [<snowplow_tracker.self_describing_json.SelfDescribingJson object at 0x000001B8CD166240>]}
[0m20:10:49.980862 [debug] [MainThread]: Sending event: {'category': 'dbt', 'action': 'adapter_info', 'label': '61ff745b-46ff-43d0-8c8f-84bf374a4707', 'context': [<snowplow_tracker.self_describing_json.SelfDescribingJson object at 0x000001B8CF5BFB00>]}
[0m20:10:49.980862 [info ] [MainThread]: Registered adapter: snowflake=1.11.6
[0m20:10:50.316949 [debug] [MainThread]: checksum: 30a8cc8fdcbf66701b0944d4ccce3fa46dd04b61e5df68b9f16d57b2e0e3f0be, vars: {}, profile: , target: , version: 1.11.11
[0m20:10:50.457056 [debug] [MainThread]: Partial parsing enabled: 0 files deleted, 0 files added, 0 files changed.
[0m20:10:50.457056 [debug] [MainThread]: Nothing changed, skipping partial parsing.
[0m20:10:50.457056 [debug] [MainThread]: Partial parsing enabled, no changes found, skipping parsing
[0m20:10:50.497916 [debug] [MainThread]: Sending event: {'category': 'dbt', 'action': 'load_project', 'label': '61ff745b-46ff-43d0-8c8f-84bf374a4707', 'context': [<snowplow_tracker.self_describing_json.SelfDescribingJson object at 0x000001B8CFED61E0>]}
[0m20:10:50.594058 [debug] [MainThread]: Wrote artifact WritableManifest to F:\Projects\Data Engg Project\Data Engg Project on Emails - OC\new attempt\email_project\target\manifest.json
[0m20:10:50.598044 [debug] [MainThread]: Wrote artifact SemanticManifest to F:\Projects\Data Engg Project\Data Engg Project on Emails - OC\new attempt\email_project\target\semantic_manifest.json
[0m20:10:50.613060 [debug] [MainThread]: Sending event: {'category': 'dbt', 'action': 'resource_counts', 'label': '61ff745b-46ff-43d0-8c8f-84bf374a4707', 'context': [<snowplow_tracker.self_describing_json.SelfDescribingJson object at 0x000001B8D00A9C40>]}
[0m20:10:50.613748 [info ] [MainThread]: Found 1 model, 1 source, 538 macros
[0m20:10:50.613748 [debug] [MainThread]: Sending event: {'category': 'dbt', 'action': 'runnable_timing', 'label': '61ff745b-46ff-43d0-8c8f-84bf374a4707', 'context': [<snowplow_tracker.self_describing_json.SelfDescribingJson object at 0x000001B8CF4E6840>]}
[0m20:10:50.617420 [info ] [MainThread]: 
[0m20:10:50.617420 [info ] [MainThread]: Concurrency: 1 threads (target='dev')
[0m20:10:50.617420 [info ] [MainThread]: 
[0m20:10:50.617420 [debug] [MainThread]: Acquiring new snowflake connection 'master'
[0m20:10:50.617420 [debug] [ThreadPool]: Acquiring new snowflake connection 'list_email_db'
[0m20:10:50.698394 [debug] [ThreadPool]: Using snowflake connection "list_email_db"
[0m20:10:50.699389 [debug] [ThreadPool]: On list_email_db: show terse schemas in database email_db
    limit 10000
/* {"app": "dbt", "dbt_version": "1.11.11", "profile_name": "email_project", "target_name": "dev", "connection_name": "list_email_db"} */
[0m20:10:50.699389 [debug] [ThreadPool]: Opening a new connection, currently in state init
[0m20:10:51.552128 [debug] [ThreadPool]: SQL status: SUCCESS 4 in 0.852 seconds
[0m20:10:51.555127 [debug] [ThreadPool]: Acquiring new snowflake connection 'list_email_db_staging'
[0m20:10:51.569196 [debug] [ThreadPool]: Using snowflake connection "list_email_db_staging"
[0m20:10:51.569196 [debug] [ThreadPool]: On list_email_db_staging: show objects in email_db.staging
    limit 10000
    

/* {"app": "dbt", "dbt_version": "1.11.11", "profile_name": "email_project", "target_name": "dev", "connection_name": "list_email_db_staging"} */;
[0m20:10:51.570196 [debug] [ThreadPool]: Opening a new connection, currently in state init
[0m20:10:52.664750 [debug] [ThreadPool]: SQL status: SUCCESS 1 in 1.100 seconds
[0m20:10:52.664750 [debug] [MainThread]: Sending event: {'category': 'dbt', 'action': 'runnable_timing', 'label': '61ff745b-46ff-43d0-8c8f-84bf374a4707', 'context': [<snowplow_tracker.self_describing_json.SelfDescribingJson object at 0x000001B8D02112E0>]}
[0m20:10:52.664750 [debug] [Thread-2 (]: Began running node model.email_project.stg_gmail_data
[0m20:10:52.664750 [info ] [Thread-2 (]: 1 of 1 START sql view model staging.stg_gmail_data ............................. [RUN]
[0m20:10:52.679184 [debug] [Thread-2 (]: Acquiring new snowflake connection 'model.email_project.stg_gmail_data'
[0m20:10:52.679184 [debug] [Thread-2 (]: Began compiling node model.email_project.stg_gmail_data
[0m20:10:52.680465 [debug] [Thread-2 (]: Writing injected SQL for node "model.email_project.stg_gmail_data"
[0m20:10:52.680465 [debug] [Thread-2 (]: Began executing node model.email_project.stg_gmail_data
[0m20:10:52.715721 [debug] [Thread-2 (]: Writing runtime sql for node "model.email_project.stg_gmail_data"
[0m20:10:52.723905 [debug] [Thread-2 (]: Using snowflake connection "model.email_project.stg_gmail_data"
[0m20:10:52.723905 [debug] [Thread-2 (]: On model.email_project.stg_gmail_data: create or replace   view email_db.staging.stg_gmail_data
  
  
  
  
  as (
    
with msg_rank as(
    SELECT 
        MESSAGE_ID,
        --SENDER_RAW,
        LOWER(SENDER_EMAIL) AS sender_email,
        SENDER_DISPLAY_NAME AS SENDER_NAME,
        SENDER_DOMAIN,
        SENDER_DOMAIN_TYPE,
        CASE
            WHEN CC IS NULL THEN 'None'
            ELSE CC
        END AS CC,
        RECIPIENT_COUNT,    
        SUBJECT,    
        TO_DATE(FULL_DATE ,'DD/MM/YYYY') as email_date,
        --YEAR,
        --QUARTER,
        --MONTH,
        --MONTH_NAME,
        --WEEK,
        DAY_OF_WEEK,
        --DAY_NAME,
        --IS_WEEKEND,    
        --FULL_TIME,
        --HOUR,
        --MINUTE,
        --AM_PM,
        --TIME_BUCKET,
        FOLDER,
        SPLIT(ALL_LABELS, ',')[0] AS LABEL_1,
        SPLIT(ALL_LABELS, ',')[1] AS LABEL_2,
        SPLIT(ALL_LABELS, ',')[2] AS LABEL_3,
        SPLIT(ALL_LABELS, ',')[3] AS LABEL_4
        ALL_LABELS,    
        SIZE_BYTES,
        ATTACHMENT_COUNT,
        HAS_ATTACHMENTS,  
        IS_READ,
        IS_STARRED,
        IS_REPLIED,   
        --THREAD_SUBJECT,
        TO_TIMESTAMP(THREAD_FIRST_MESSAGE_AT, 'DD/MM/YYYY HH24:MI') AS THREAD_FIRST_MESSAGE_AT,    
        --THREAD_DURATION_SEC,       
        THREAD_PARTICIPANT_COUNT,
        RANK () OVER (PARTITION BY MESSAGE_ID ORDER BY FULL_DATE desc) AS rnk
    from email_db.raw.gmail_data
)
SELECT         
        MESSAGE_ID,
        SENDER_NAME,
        sender_email,
        SENDER_DOMAIN,
        SENDER_DOMAIN_TYPE,
        CC,
        RECIPIENT_COUNT,    
        SUBJECT,    
        email_date,
        DAY_OF_WEEK,
        FOLDER,
        ALL_LABELS,    
        SIZE_BYTES,
        ATTACHMENT_COUNT,
        HAS_ATTACHMENTS,  
        IS_READ,
        IS_STARRED,
        IS_REPLIED, 
        THREAD_FIRST_MESSAGE_AT,           
        THREAD_PARTICIPANT_COUNT, 
    FROM msg_rank WHERE rnk = 1
  )
/* {"app": "dbt", "dbt_version": "1.11.11", "profile_name": "email_project", "target_name": "dev", "node_id": "model.email_project.stg_gmail_data"} */;
[0m20:10:52.723905 [debug] [Thread-2 (]: Opening a new connection, currently in state init
[0m20:10:53.231470 [debug] [Thread-2 (]: Snowflake adapter: Snowflake query id: 01c5fcfa-0003-776c-0003-44e2000a0a52
[0m20:10:53.231470 [debug] [Thread-2 (]: Snowflake adapter: Snowflake error: 001003 (42000): SQL compilation error:
syntax error line 41 at position 8 unexpected 'ALL_LABELS'.
syntax error line 42 at position 18 unexpected ','.
syntax error line 43 at position 24 unexpected ','.
syntax error line 44 at position 23 unexpected ','.
syntax error line 45 at position 15 unexpected ','.
syntax error line 46 at position 18 unexpected ','.
syntax error line 47 at position 18 unexpected ','.
syntax error line 49 at position 46 unexpected ''DD/MM/YYYY HH24:MI''.
syntax error line 49 at position 71 unexpected 'THREAD_FIRST_MESSAGE_AT'.
syntax error line 51 at position 32 unexpected ','.
syntax error line 52 at position 14 unexpected ')'.
syntax error line 52 at position 16 unexpected 'OVER'.
syntax error line 52 at position 22 unexpected 'PARTITION'.
syntax error line 52 at position 71 unexpected 'AS'.
[0m20:10:53.247451 [debug] [Thread-2 (]: Database Error in model stg_gmail_data (models\staging\stg_gmail_data.sql)
  001003 (42000): SQL compilation error:
  syntax error line 41 at position 8 unexpected 'ALL_LABELS'.
  syntax error line 42 at position 18 unexpected ','.
  syntax error line 43 at position 24 unexpected ','.
  syntax error line 44 at position 23 unexpected ','.
  syntax error line 45 at position 15 unexpected ','.
  syntax error line 46 at position 18 unexpected ','.
  syntax error line 47 at position 18 unexpected ','.
  syntax error line 49 at position 46 unexpected ''DD/MM/YYYY HH24:MI''.
  syntax error line 49 at position 71 unexpected 'THREAD_FIRST_MESSAGE_AT'.
  syntax error line 51 at position 32 unexpected ','.
  syntax error line 52 at position 14 unexpected ')'.
  syntax error line 52 at position 16 unexpected 'OVER'.
  syntax error line 52 at position 22 unexpected 'PARTITION'.
  syntax error line 52 at position 71 unexpected 'AS'.
  compiled code at target\run\email_project\models\staging\stg_gmail_data.sql
[0m20:10:53.247451 [debug] [Thread-2 (]: Sending event: {'category': 'dbt', 'action': 'run_model', 'label': '61ff745b-46ff-43d0-8c8f-84bf374a4707', 'context': [<snowplow_tracker.self_describing_json.SelfDescribingJson object at 0x000001B8D077FEF0>]}
[0m20:10:53.247451 [error] [Thread-2 (]: 1 of 1 ERROR creating sql view model staging.stg_gmail_data .................... [[31mERROR[0m in 0.57s]
[0m20:10:53.263921 [debug] [Thread-2 (]: Finished running node model.email_project.stg_gmail_data
[0m20:10:53.263921 [debug] [Thread-5 (]: Marking all children of 'model.email_project.stg_gmail_data' to be skipped because of status 'error'.  Reason: Database Error in model stg_gmail_data (models\staging\stg_gmail_data.sql)
  001003 (42000): SQL compilation error:
  syntax error line 41 at position 8 unexpected 'ALL_LABELS'.
  syntax error line 42 at position 18 unexpected ','.
  syntax error line 43 at position 24 unexpected ','.
  syntax error line 44 at position 23 unexpected ','.
  syntax error line 45 at position 15 unexpected ','.
  syntax error line 46 at position 18 unexpected ','.
  syntax error line 47 at position 18 unexpected ','.
  syntax error line 49 at position 46 unexpected ''DD/MM/YYYY HH24:MI''.
  syntax error line 49 at position 71 unexpected 'THREAD_FIRST_MESSAGE_AT'.
  syntax error line 51 at position 32 unexpected ','.
  syntax error line 52 at position 14 unexpected ')'.
  syntax error line 52 at position 16 unexpected 'OVER'.
  syntax error line 52 at position 22 unexpected 'PARTITION'.
  syntax error line 52 at position 71 unexpected 'AS'.
  compiled code at target\run\email_project\models\staging\stg_gmail_data.sql.
[0m20:10:53.263921 [debug] [MainThread]: Connection 'master' was properly closed.
[0m20:10:53.263921 [debug] [MainThread]: Connection 'list_email_db' was left open.
[0m20:10:53.263921 [debug] [MainThread]: On list_email_db: Close
[0m20:10:53.520683 [debug] [MainThread]: Connection 'list_email_db_staging' was left open.
[0m20:10:53.520683 [debug] [MainThread]: On list_email_db_staging: Close
[0m20:10:53.758102 [debug] [MainThread]: Connection 'model.email_project.stg_gmail_data' was left open.
[0m20:10:53.758102 [debug] [MainThread]: On model.email_project.stg_gmail_data: Close
[0m20:10:53.942177 [info ] [MainThread]: 
[0m20:10:53.943166 [info ] [MainThread]: Finished running 1 view model in 0 hours 0 minutes and 3.32 seconds (3.32s).
[0m20:10:53.945367 [debug] [MainThread]: Command end result
[0m20:10:53.976947 [debug] [MainThread]: Wrote artifact WritableManifest to F:\Projects\Data Engg Project\Data Engg Project on Emails - OC\new attempt\email_project\target\manifest.json
[0m20:10:53.981025 [debug] [MainThread]: Wrote artifact SemanticManifest to F:\Projects\Data Engg Project\Data Engg Project on Emails - OC\new attempt\email_project\target\semantic_manifest.json
[0m20:10:53.987697 [debug] [MainThread]: Wrote artifact RunExecutionResult to F:\Projects\Data Engg Project\Data Engg Project on Emails - OC\new attempt\email_project\target\run_results.json
[0m20:10:53.987697 [info ] [MainThread]: 
[0m20:10:53.987697 [info ] [MainThread]: [31mCompleted with 1 error, 0 partial successes, and 0 warnings:[0m
[0m20:10:53.987697 [info ] [MainThread]: 
[0m20:10:53.987697 [error] [MainThread]: [31mFailure in model stg_gmail_data (models\staging\stg_gmail_data.sql)[0m
[0m20:10:53.993043 [error] [MainThread]:   Database Error in model stg_gmail_data (models\staging\stg_gmail_data.sql)
  001003 (42000): SQL compilation error:
  syntax error line 41 at position 8 unexpected 'ALL_LABELS'.
  syntax error line 42 at position 18 unexpected ','.
  syntax error line 43 at position 24 unexpected ','.
  syntax error line 44 at position 23 unexpected ','.
  syntax error line 45 at position 15 unexpected ','.
  syntax error line 46 at position 18 unexpected ','.
  syntax error line 47 at position 18 unexpected ','.
  syntax error line 49 at position 46 unexpected ''DD/MM/YYYY HH24:MI''.
  syntax error line 49 at position 71 unexpected 'THREAD_FIRST_MESSAGE_AT'.
  syntax error line 51 at position 32 unexpected ','.
  syntax error line 52 at position 14 unexpected ')'.
  syntax error line 52 at position 16 unexpected 'OVER'.
  syntax error line 52 at position 22 unexpected 'PARTITION'.
  syntax error line 52 at position 71 unexpected 'AS'.
  compiled code at target\run\email_project\models\staging\stg_gmail_data.sql
[0m20:10:53.993043 [info ] [MainThread]: 
[0m20:10:53.994053 [info ] [MainThread]:   compiled code at target\compiled\email_project\models\staging\stg_gmail_data.sql
[0m20:10:53.995118 [info ] [MainThread]: 
[0m20:10:53.995118 [info ] [MainThread]: Done. PASS=0 WARN=0 ERROR=1 SKIP=0 NO-OP=0 TOTAL=1
[0m20:10:53.997233 [debug] [MainThread]: Command `dbt run` failed at 20:10:53.997233 after 5.05 seconds
[0m20:10:53.998241 [debug] [MainThread]: Sending event: {'category': 'dbt', 'action': 'invocation', 'label': 'end', 'context': [<snowplow_tracker.self_describing_json.SelfDescribingJson object at 0x000001B8CD002D20>, <snowplow_tracker.self_describing_json.SelfDescribingJson object at 0x000001B8CD7DFCB0>, <snowplow_tracker.self_describing_json.SelfDescribingJson object at 0x000001B8CD9CB0B0>]}
[0m20:10:53.999252 [debug] [MainThread]: Flushing usage events
[0m20:10:56.034557 [debug] [MainThread]: An error was encountered while trying to flush usage events
[0m20:11:05.589405 [debug] [MainThread]: Sending event: {'category': 'dbt', 'action': 'invocation', 'label': 'start', 'context': [<snowplow_tracker.self_describing_json.SelfDescribingJson object at 0x0000013C83BB6ED0>, <snowplow_tracker.self_describing_json.SelfDescribingJson object at 0x0000013C84305CD0>, <snowplow_tracker.self_describing_json.SelfDescribingJson object at 0x0000013C84307140>]}


============================== 20:11:05.595406 | 6525d376-f346-4585-9f78-d12612f3a6a1 ==============================
[0m20:11:05.595406 [info ] [MainThread]: Running with dbt=1.11.11
[0m20:11:05.596403 [debug] [MainThread]: running dbt with arguments {'static_parser': 'True', 'no_print': 'None', 'version_check': 'True', 'warn_error_options': 'WarnErrorOptionsV2(error=[], warn=[], silence=[])', 'target_path': 'None', 'printer_width': '80', 'write_json': 'True', 'empty': 'False', 'log_cache_events': 'False', 'introspect': 'True', 'cache_selected_only': 'False', 'fail_fast': 'False', 'debug': 'False', 'log_format': 'default', 'profiles_dir': 'C:\\Users\\61452\\.dbt', 'send_anonymous_usage_stats': 'True', 'quiet': 'False', 'warn_error': 'None', 'partial_parse': 'True', 'invocation_command': 'dbt run', 'indirect_selection': 'eager', 'use_colors': 'True', 'use_experimental_parser': 'False', 'log_path': 'F:\\Projects\\Data Engg Project\\Data Engg Project on Emails - OC\\new attempt\\email_project\\logs'}
[0m20:11:06.207154 [debug] [MainThread]: Snowflake adapter: Setting snowflake.connector to ERROR (file logging only)
[0m20:11:06.208036 [debug] [MainThread]: Snowflake adapter: Setting botocore to ERROR (file logging only)
[0m20:11:06.209055 [debug] [MainThread]: Snowflake adapter: Setting boto3 to ERROR (file logging only)
[0m20:11:06.401994 [debug] [MainThread]: Sending event: {'category': 'dbt', 'action': 'project_id', 'label': '6525d376-f346-4585-9f78-d12612f3a6a1', 'context': [<snowplow_tracker.self_describing_json.SelfDescribingJson object at 0x0000013C8730B0E0>]}
[0m20:11:06.477647 [debug] [MainThread]: Sending event: {'category': 'dbt', 'action': 'adapter_info', 'label': '6525d376-f346-4585-9f78-d12612f3a6a1', 'context': [<snowplow_tracker.self_describing_json.SelfDescribingJson object at 0x0000013C89D7A480>]}
[0m20:11:06.479563 [info ] [MainThread]: Registered adapter: snowflake=1.11.6
[0m20:11:06.780491 [debug] [MainThread]: checksum: 30a8cc8fdcbf66701b0944d4ccce3fa46dd04b61e5df68b9f16d57b2e0e3f0be, vars: {}, profile: , target: , version: 1.11.11
[0m20:11:06.913782 [debug] [MainThread]: Partial parsing enabled: 0 files deleted, 0 files added, 0 files changed.
[0m20:11:06.913782 [debug] [MainThread]: Nothing changed, skipping partial parsing.
[0m20:11:06.913782 [debug] [MainThread]: Partial parsing enabled, no changes found, skipping parsing
[0m20:11:06.947386 [debug] [MainThread]: Sending event: {'category': 'dbt', 'action': 'load_project', 'label': '6525d376-f346-4585-9f78-d12612f3a6a1', 'context': [<snowplow_tracker.self_describing_json.SelfDescribingJson object at 0x0000013C8A54B0B0>]}
[0m20:11:07.031781 [debug] [MainThread]: Wrote artifact WritableManifest to F:\Projects\Data Engg Project\Data Engg Project on Emails - OC\new attempt\email_project\target\manifest.json
[0m20:11:07.031781 [debug] [MainThread]: Wrote artifact SemanticManifest to F:\Projects\Data Engg Project\Data Engg Project on Emails - OC\new attempt\email_project\target\semantic_manifest.json
[0m20:11:07.055741 [debug] [MainThread]: Sending event: {'category': 'dbt', 'action': 'resource_counts', 'label': '6525d376-f346-4585-9f78-d12612f3a6a1', 'context': [<snowplow_tracker.self_describing_json.SelfDescribingJson object at 0x0000013C8A9BEE40>]}
[0m20:11:07.056727 [info ] [MainThread]: Found 1 model, 1 source, 538 macros
[0m20:11:07.057717 [debug] [MainThread]: Sending event: {'category': 'dbt', 'action': 'runnable_timing', 'label': '6525d376-f346-4585-9f78-d12612f3a6a1', 'context': [<snowplow_tracker.self_describing_json.SelfDescribingJson object at 0x0000013C86C81DC0>]}
[0m20:11:07.058722 [info ] [MainThread]: 
[0m20:11:07.059943 [info ] [MainThread]: Concurrency: 1 threads (target='dev')
[0m20:11:07.059943 [info ] [MainThread]: 
[0m20:11:07.060962 [debug] [MainThread]: Acquiring new snowflake connection 'master'
[0m20:11:07.062977 [debug] [ThreadPool]: Acquiring new snowflake connection 'list_email_db'
[0m20:11:07.139003 [debug] [ThreadPool]: Using snowflake connection "list_email_db"
[0m20:11:07.141016 [debug] [ThreadPool]: On list_email_db: show terse schemas in database email_db
    limit 10000
/* {"app": "dbt", "dbt_version": "1.11.11", "profile_name": "email_project", "target_name": "dev", "connection_name": "list_email_db"} */
[0m20:11:07.141016 [debug] [ThreadPool]: Opening a new connection, currently in state init
[0m20:11:08.014797 [debug] [ThreadPool]: SQL status: SUCCESS 4 in 0.876 seconds
[0m20:11:08.014797 [debug] [ThreadPool]: Acquiring new snowflake connection 'list_email_db_staging'
[0m20:11:08.032491 [debug] [ThreadPool]: Using snowflake connection "list_email_db_staging"
[0m20:11:08.032491 [debug] [ThreadPool]: On list_email_db_staging: show objects in email_db.staging
    limit 10000
    

/* {"app": "dbt", "dbt_version": "1.11.11", "profile_name": "email_project", "target_name": "dev", "connection_name": "list_email_db_staging"} */;
[0m20:11:08.032491 [debug] [ThreadPool]: Opening a new connection, currently in state init
[0m20:11:08.655692 [debug] [ThreadPool]: SQL status: SUCCESS 1 in 0.626 seconds
[0m20:11:08.664352 [debug] [MainThread]: Sending event: {'category': 'dbt', 'action': 'runnable_timing', 'label': '6525d376-f346-4585-9f78-d12612f3a6a1', 'context': [<snowplow_tracker.self_describing_json.SelfDescribingJson object at 0x0000013C8B147BC0>]}
[0m20:11:08.664352 [debug] [Thread-2 (]: Began running node model.email_project.stg_gmail_data
[0m20:11:08.664352 [info ] [Thread-2 (]: 1 of 1 START sql view model staging.stg_gmail_data ............................. [RUN]
[0m20:11:08.664352 [debug] [Thread-2 (]: Acquiring new snowflake connection 'model.email_project.stg_gmail_data'
[0m20:11:08.664352 [debug] [Thread-2 (]: Began compiling node model.email_project.stg_gmail_data
[0m20:11:08.684093 [debug] [Thread-2 (]: Writing injected SQL for node "model.email_project.stg_gmail_data"
[0m20:11:08.685091 [debug] [Thread-2 (]: Began executing node model.email_project.stg_gmail_data
[0m20:11:08.716658 [debug] [Thread-2 (]: Writing runtime sql for node "model.email_project.stg_gmail_data"
[0m20:11:08.719613 [debug] [Thread-2 (]: Using snowflake connection "model.email_project.stg_gmail_data"
[0m20:11:08.719613 [debug] [Thread-2 (]: On model.email_project.stg_gmail_data: create or replace   view email_db.staging.stg_gmail_data
  
  
  
  
  as (
    
with msg_rank as(
    SELECT 
        MESSAGE_ID,
        --SENDER_RAW,
        LOWER(SENDER_EMAIL) AS sender_email,
        SENDER_DISPLAY_NAME AS SENDER_NAME,
        SENDER_DOMAIN,
        SENDER_DOMAIN_TYPE,
        CASE
            WHEN CC IS NULL THEN 'None'
            ELSE CC
        END AS CC,
        RECIPIENT_COUNT,    
        SUBJECT,    
        TO_DATE(FULL_DATE ,'DD/MM/YYYY') as email_date,
        --YEAR,
        --QUARTER,
        --MONTH,
        --MONTH_NAME,
        --WEEK,
        DAY_OF_WEEK,
        --DAY_NAME,
        --IS_WEEKEND,    
        --FULL_TIME,
        --HOUR,
        --MINUTE,
        --AM_PM,
        --TIME_BUCKET,
        FOLDER,
        SPLIT(ALL_LABELS, ',')[0] AS LABEL_1,
        SPLIT(ALL_LABELS, ',')[1] AS LABEL_2,
        SPLIT(ALL_LABELS, ',')[2] AS LABEL_3,
        SPLIT(ALL_LABELS, ',')[3] AS LABEL_4,
        ALL_LABELS,    
        SIZE_BYTES,
        ATTACHMENT_COUNT,
        HAS_ATTACHMENTS,  
        IS_READ,
        IS_STARRED,
        IS_REPLIED,   
        --THREAD_SUBJECT,
        TO_TIMESTAMP(THREAD_FIRST_MESSAGE_AT, 'DD/MM/YYYY HH24:MI') AS THREAD_FIRST_MESSAGE_AT,    
        --THREAD_DURATION_SEC,       
        THREAD_PARTICIPANT_COUNT,
        RANK () OVER (PARTITION BY MESSAGE_ID ORDER BY FULL_DATE desc) AS rnk
    from email_db.raw.gmail_data
)
SELECT         
        MESSAGE_ID,
        SENDER_NAME,
        sender_email,
        SENDER_DOMAIN,
        SENDER_DOMAIN_TYPE,
        CC,
        RECIPIENT_COUNT,    
        SUBJECT,    
        email_date,
        DAY_OF_WEEK,
        FOLDER,
        ALL_LABELS,    
        SIZE_BYTES,
        ATTACHMENT_COUNT,
        HAS_ATTACHMENTS,  
        IS_READ,
        IS_STARRED,
        IS_REPLIED, 
        THREAD_FIRST_MESSAGE_AT,           
        THREAD_PARTICIPANT_COUNT, 
    FROM msg_rank WHERE rnk = 1
  )
/* {"app": "dbt", "dbt_version": "1.11.11", "profile_name": "email_project", "target_name": "dev", "node_id": "model.email_project.stg_gmail_data"} */;
[0m20:11:08.720613 [debug] [Thread-2 (]: Opening a new connection, currently in state init
[0m20:11:09.465419 [debug] [Thread-2 (]: SQL status: SUCCESS 1 in 0.745 seconds
[0m20:11:09.481036 [debug] [Thread-2 (]: Sending event: {'category': 'dbt', 'action': 'run_model', 'label': '6525d376-f346-4585-9f78-d12612f3a6a1', 'context': [<snowplow_tracker.self_describing_json.SelfDescribingJson object at 0x0000013C891FDEE0>]}
[0m20:11:09.497691 [info ] [Thread-2 (]: 1 of 1 OK created sql view model staging.stg_gmail_data ........................ [[32mSUCCESS 1[0m in 0.82s]
[0m20:11:09.497691 [debug] [Thread-2 (]: Finished running node model.email_project.stg_gmail_data
[0m20:11:09.497691 [debug] [MainThread]: Connection 'master' was properly closed.
[0m20:11:09.497691 [debug] [MainThread]: Connection 'list_email_db' was left open.
[0m20:11:09.497691 [debug] [MainThread]: On list_email_db: Close
[0m20:11:09.731802 [debug] [MainThread]: Connection 'list_email_db_staging' was left open.
[0m20:11:09.731802 [debug] [MainThread]: On list_email_db_staging: Close
[0m20:11:09.966344 [debug] [MainThread]: Connection 'model.email_project.stg_gmail_data' was left open.
[0m20:11:09.968348 [debug] [MainThread]: On model.email_project.stg_gmail_data: Close
[0m20:11:10.166584 [info ] [MainThread]: 
[0m20:11:10.166584 [info ] [MainThread]: Finished running 1 view model in 0 hours 0 minutes and 3.11 seconds (3.11s).
[0m20:11:10.166584 [debug] [MainThread]: Command end result
[0m20:11:10.199469 [debug] [MainThread]: Wrote artifact WritableManifest to F:\Projects\Data Engg Project\Data Engg Project on Emails - OC\new attempt\email_project\target\manifest.json
[0m20:11:10.199469 [debug] [MainThread]: Wrote artifact SemanticManifest to F:\Projects\Data Engg Project\Data Engg Project on Emails - OC\new attempt\email_project\target\semantic_manifest.json
[0m20:11:10.199469 [debug] [MainThread]: Wrote artifact RunExecutionResult to F:\Projects\Data Engg Project\Data Engg Project on Emails - OC\new attempt\email_project\target\run_results.json
[0m20:11:10.199469 [info ] [MainThread]: 
[0m20:11:10.213486 [info ] [MainThread]: [32mCompleted successfully[0m
[0m20:11:10.215508 [info ] [MainThread]: 
[0m20:11:10.216503 [info ] [MainThread]: Done. PASS=1 WARN=0 ERROR=0 SKIP=0 NO-OP=0 TOTAL=1
[0m20:11:10.217499 [debug] [MainThread]: Command `dbt run` succeeded at 20:11:10.217499 after 4.78 seconds
[0m20:11:10.217499 [debug] [MainThread]: Sending event: {'category': 'dbt', 'action': 'invocation', 'label': 'end', 'context': [<snowplow_tracker.self_describing_json.SelfDescribingJson object at 0x0000013C87B5E3F0>, <snowplow_tracker.self_describing_json.SelfDescribingJson object at 0x0000013C87C0B680>, <snowplow_tracker.self_describing_json.SelfDescribingJson object at 0x0000013C89143410>]}
[0m20:11:10.218500 [debug] [MainThread]: Flushing usage events
[0m20:11:11.481073 [debug] [MainThread]: An error was encountered while trying to flush usage events
[0m20:11:46.047134 [debug] [MainThread]: Sending event: {'category': 'dbt', 'action': 'invocation', 'label': 'start', 'context': [<snowplow_tracker.self_describing_json.SelfDescribingJson object at 0x000002AD85429B80>, <snowplow_tracker.self_describing_json.SelfDescribingJson object at 0x000002AD81E87230>, <snowplow_tracker.self_describing_json.SelfDescribingJson object at 0x000002AD84897380>]}


============================== 20:11:46.065643 | 37b54d96-87c4-4241-8809-bda29f4589e4 ==============================
[0m20:11:46.065643 [info ] [MainThread]: Running with dbt=1.11.11
[0m20:11:46.066645 [debug] [MainThread]: running dbt with arguments {'static_parser': 'True', 'no_print': 'None', 'version_check': 'True', 'warn_error_options': 'WarnErrorOptionsV2(error=[], warn=[], silence=[])', 'target_path': 'None', 'printer_width': '80', 'write_json': 'True', 'introspect': 'True', 'log_cache_events': 'False', 'empty': 'False', 'cache_selected_only': 'False', 'fail_fast': 'False', 'debug': 'False', 'log_format': 'default', 'profiles_dir': 'C:\\Users\\61452\\.dbt', 'send_anonymous_usage_stats': 'True', 'quiet': 'False', 'warn_error': 'None', 'partial_parse': 'True', 'invocation_command': 'dbt run', 'use_colors': 'True', 'indirect_selection': 'eager', 'use_experimental_parser': 'False', 'log_path': 'F:\\Projects\\Data Engg Project\\Data Engg Project on Emails - OC\\new attempt\\email_project\\logs'}
[0m20:11:46.683453 [debug] [MainThread]: Snowflake adapter: Setting snowflake.connector to ERROR (file logging only)
[0m20:11:46.683453 [debug] [MainThread]: Snowflake adapter: Setting botocore to ERROR (file logging only)
[0m20:11:46.683453 [debug] [MainThread]: Snowflake adapter: Setting boto3 to ERROR (file logging only)
[0m20:11:46.924349 [debug] [MainThread]: Sending event: {'category': 'dbt', 'action': 'project_id', 'label': '37b54d96-87c4-4241-8809-bda29f4589e4', 'context': [<snowplow_tracker.self_describing_json.SelfDescribingJson object at 0x000002AD880ACF20>]}
[0m20:11:46.995328 [debug] [MainThread]: Sending event: {'category': 'dbt', 'action': 'adapter_info', 'label': '37b54d96-87c4-4241-8809-bda29f4589e4', 'context': [<snowplow_tracker.self_describing_json.SelfDescribingJson object at 0x000002AD8804F260>]}
[0m20:11:46.998042 [info ] [MainThread]: Registered adapter: snowflake=1.11.6
[0m20:11:47.314072 [debug] [MainThread]: checksum: 30a8cc8fdcbf66701b0944d4ccce3fa46dd04b61e5df68b9f16d57b2e0e3f0be, vars: {}, profile: , target: , version: 1.11.11
[0m20:11:47.451770 [debug] [MainThread]: Partial parsing enabled: 0 files deleted, 0 files added, 0 files changed.
[0m20:11:47.452776 [debug] [MainThread]: Nothing changed, skipping partial parsing.
[0m20:11:47.452776 [debug] [MainThread]: Partial parsing enabled, no changes found, skipping parsing
[0m20:11:47.480991 [debug] [MainThread]: Sending event: {'category': 'dbt', 'action': 'load_project', 'label': '37b54d96-87c4-4241-8809-bda29f4589e4', 'context': [<snowplow_tracker.self_describing_json.SelfDescribingJson object at 0x000002AD882AD910>]}
[0m20:11:47.574616 [debug] [MainThread]: Wrote artifact WritableManifest to F:\Projects\Data Engg Project\Data Engg Project on Emails - OC\new attempt\email_project\target\manifest.json
[0m20:11:47.577691 [debug] [MainThread]: Wrote artifact SemanticManifest to F:\Projects\Data Engg Project\Data Engg Project on Emails - OC\new attempt\email_project\target\semantic_manifest.json
[0m20:11:47.581682 [debug] [MainThread]: Sending event: {'category': 'dbt', 'action': 'resource_counts', 'label': '37b54d96-87c4-4241-8809-bda29f4589e4', 'context': [<snowplow_tracker.self_describing_json.SelfDescribingJson object at 0x000002AD8851EE10>]}
[0m20:11:47.581682 [info ] [MainThread]: Found 1 model, 1 source, 538 macros
[0m20:11:47.581682 [debug] [MainThread]: Sending event: {'category': 'dbt', 'action': 'runnable_timing', 'label': '37b54d96-87c4-4241-8809-bda29f4589e4', 'context': [<snowplow_tracker.self_describing_json.SelfDescribingJson object at 0x000002AD8801CB30>]}
[0m20:11:47.595621 [info ] [MainThread]: 
[0m20:11:47.597220 [info ] [MainThread]: Concurrency: 1 threads (target='dev')
[0m20:11:47.597705 [info ] [MainThread]: 
[0m20:11:47.599271 [debug] [MainThread]: Acquiring new snowflake connection 'master'
[0m20:11:47.600291 [debug] [ThreadPool]: Acquiring new snowflake connection 'list_email_db'
[0m20:11:47.682104 [debug] [ThreadPool]: Using snowflake connection "list_email_db"
[0m20:11:47.683103 [debug] [ThreadPool]: On list_email_db: show terse schemas in database email_db
    limit 10000
/* {"app": "dbt", "dbt_version": "1.11.11", "profile_name": "email_project", "target_name": "dev", "connection_name": "list_email_db"} */
[0m20:11:47.683103 [debug] [ThreadPool]: Opening a new connection, currently in state init
[0m20:11:48.577867 [debug] [ThreadPool]: SQL status: SUCCESS 4 in 0.894 seconds
[0m20:11:48.580449 [debug] [ThreadPool]: Acquiring new snowflake connection 'list_email_db_staging'
[0m20:11:48.581634 [debug] [ThreadPool]: Using snowflake connection "list_email_db_staging"
[0m20:11:48.581634 [debug] [ThreadPool]: On list_email_db_staging: show objects in email_db.staging
    limit 10000
    

/* {"app": "dbt", "dbt_version": "1.11.11", "profile_name": "email_project", "target_name": "dev", "connection_name": "list_email_db_staging"} */;
[0m20:11:48.581634 [debug] [ThreadPool]: Opening a new connection, currently in state init
[0m20:11:49.316503 [debug] [ThreadPool]: SQL status: SUCCESS 1 in 0.722 seconds
[0m20:11:49.320158 [debug] [MainThread]: Sending event: {'category': 'dbt', 'action': 'runnable_timing', 'label': '37b54d96-87c4-4241-8809-bda29f4589e4', 'context': [<snowplow_tracker.self_describing_json.SelfDescribingJson object at 0x000002AD88CD6CF0>]}
[0m20:11:49.324228 [debug] [Thread-2 (]: Began running node model.email_project.stg_gmail_data
[0m20:11:49.325240 [info ] [Thread-2 (]: 1 of 1 START sql view model staging.stg_gmail_data ............................. [RUN]
[0m20:11:49.326240 [debug] [Thread-2 (]: Acquiring new snowflake connection 'model.email_project.stg_gmail_data'
[0m20:11:49.326240 [debug] [Thread-2 (]: Began compiling node model.email_project.stg_gmail_data
[0m20:11:49.335464 [debug] [Thread-2 (]: Writing injected SQL for node "model.email_project.stg_gmail_data"
[0m20:11:49.336474 [debug] [Thread-2 (]: Began executing node model.email_project.stg_gmail_data
[0m20:11:49.366677 [debug] [Thread-2 (]: Writing runtime sql for node "model.email_project.stg_gmail_data"
[0m20:11:49.366677 [debug] [Thread-2 (]: Using snowflake connection "model.email_project.stg_gmail_data"
[0m20:11:49.366677 [debug] [Thread-2 (]: On model.email_project.stg_gmail_data: create or replace   view email_db.staging.stg_gmail_data
  
  
  
  
  as (
    
with msg_rank as(
    SELECT 
        MESSAGE_ID,
        --SENDER_RAW,
        LOWER(SENDER_EMAIL) AS sender_email,
        SENDER_DISPLAY_NAME AS SENDER_NAME,
        SENDER_DOMAIN,
        SENDER_DOMAIN_TYPE,
        CASE
            WHEN CC IS NULL THEN 'None'
            ELSE CC
        END AS CC,
        RECIPIENT_COUNT,    
        SUBJECT,    
        TO_DATE(FULL_DATE ,'DD/MM/YYYY') as email_date,
        --YEAR,
        --QUARTER,
        --MONTH,
        --MONTH_NAME,
        --WEEK,
        DAY_OF_WEEK,
        --DAY_NAME,
        --IS_WEEKEND,    
        --FULL_TIME,
        --HOUR,
        --MINUTE,
        --AM_PM,
        --TIME_BUCKET,
        FOLDER,
        SPLIT(ALL_LABELS, ',')[0] AS LABEL_1,
        SPLIT(ALL_LABELS, ',')[1] AS LABEL_2,
        SPLIT(ALL_LABELS, ',')[2] AS LABEL_3,
        SPLIT(ALL_LABELS, ',')[3] AS LABEL_4,
        ALL_LABELS,    
        SIZE_BYTES,
        ATTACHMENT_COUNT,
        HAS_ATTACHMENTS,  
        IS_READ,
        IS_STARRED,
        IS_REPLIED,   
        --THREAD_SUBJECT,
        TO_TIMESTAMP(THREAD_FIRST_MESSAGE_AT, 'DD/MM/YYYY HH24:MI') AS THREAD_FIRST_MESSAGE_AT,    
        --THREAD_DURATION_SEC,       
        THREAD_PARTICIPANT_COUNT,
        RANK () OVER (PARTITION BY MESSAGE_ID ORDER BY FULL_DATE desc) AS rnk
    from email_db.raw.gmail_data
)
SELECT         
        MESSAGE_ID,
        SENDER_NAME,
        sender_email,
        SENDER_DOMAIN,
        SENDER_DOMAIN_TYPE,
        CC,
        RECIPIENT_COUNT,    
        SUBJECT,    
        email_date,
        DAY_OF_WEEK,
        FOLDER,
        ALL_LABELS,
        LABEL_1,
        LABEL_2,
        LABEL_3,
        LABEL_4,    
        SIZE_BYTES,
        ATTACHMENT_COUNT,
        HAS_ATTACHMENTS,  
        IS_READ,
        IS_STARRED,
        IS_REPLIED, 
        THREAD_FIRST_MESSAGE_AT,           
        THREAD_PARTICIPANT_COUNT, 
    FROM msg_rank WHERE rnk = 1
  )
/* {"app": "dbt", "dbt_version": "1.11.11", "profile_name": "email_project", "target_name": "dev", "node_id": "model.email_project.stg_gmail_data"} */;
[0m20:11:49.366677 [debug] [Thread-2 (]: Opening a new connection, currently in state init
[0m20:11:50.133315 [debug] [Thread-2 (]: SQL status: SUCCESS 1 in 0.761 seconds
[0m20:11:50.163841 [debug] [Thread-2 (]: Sending event: {'category': 'dbt', 'action': 'run_model', 'label': '37b54d96-87c4-4241-8809-bda29f4589e4', 'context': [<snowplow_tracker.self_describing_json.SelfDescribingJson object at 0x000002AD86D8DEB0>]}
[0m20:11:50.164666 [info ] [Thread-2 (]: 1 of 1 OK created sql view model staging.stg_gmail_data ........................ [[32mSUCCESS 1[0m in 0.82s]
[0m20:11:50.164666 [debug] [Thread-2 (]: Finished running node model.email_project.stg_gmail_data
[0m20:11:50.167132 [debug] [MainThread]: Connection 'master' was properly closed.
[0m20:11:50.168151 [debug] [MainThread]: Connection 'list_email_db' was left open.
[0m20:11:50.168151 [debug] [MainThread]: On list_email_db: Close
[0m20:11:50.347926 [debug] [MainThread]: Connection 'list_email_db_staging' was left open.
[0m20:11:50.347926 [debug] [MainThread]: On list_email_db_staging: Close
[0m20:11:50.549845 [debug] [MainThread]: Connection 'model.email_project.stg_gmail_data' was left open.
[0m20:11:50.549845 [debug] [MainThread]: On model.email_project.stg_gmail_data: Close
[0m20:11:50.751862 [info ] [MainThread]: 
[0m20:11:50.752878 [info ] [MainThread]: Finished running 1 view model in 0 hours 0 minutes and 3.15 seconds (3.15s).
[0m20:11:50.753880 [debug] [MainThread]: Command end result
[0m20:11:50.783984 [debug] [MainThread]: Wrote artifact WritableManifest to F:\Projects\Data Engg Project\Data Engg Project on Emails - OC\new attempt\email_project\target\manifest.json
[0m20:11:50.783984 [debug] [MainThread]: Wrote artifact SemanticManifest to F:\Projects\Data Engg Project\Data Engg Project on Emails - OC\new attempt\email_project\target\semantic_manifest.json
[0m20:11:50.783984 [debug] [MainThread]: Wrote artifact RunExecutionResult to F:\Projects\Data Engg Project\Data Engg Project on Emails - OC\new attempt\email_project\target\run_results.json
[0m20:11:50.783984 [info ] [MainThread]: 
[0m20:11:50.796784 [info ] [MainThread]: [32mCompleted successfully[0m
[0m20:11:50.797789 [info ] [MainThread]: 
[0m20:11:50.798803 [info ] [MainThread]: Done. PASS=1 WARN=0 ERROR=0 SKIP=0 NO-OP=0 TOTAL=1
[0m20:11:50.799808 [debug] [MainThread]: Command `dbt run` succeeded at 20:11:50.799808 after 4.88 seconds
[0m20:11:50.800814 [debug] [MainThread]: Sending event: {'category': 'dbt', 'action': 'invocation', 'label': 'end', 'context': [<snowplow_tracker.self_describing_json.SelfDescribingJson object at 0x000002AD84ECFDA0>, <snowplow_tracker.self_describing_json.SelfDescribingJson object at 0x000002AD8529CCB0>, <snowplow_tracker.self_describing_json.SelfDescribingJson object at 0x000002AD84DBBC50>]}
[0m20:11:50.800814 [debug] [MainThread]: Flushing usage events
[0m20:11:51.982690 [debug] [MainThread]: An error was encountered while trying to flush usage events
[0m20:17:52.830780 [debug] [MainThread]: Sending event: {'category': 'dbt', 'action': 'invocation', 'label': 'start', 'context': [<snowplow_tracker.self_describing_json.SelfDescribingJson object at 0x0000028A1C59B290>, <snowplow_tracker.self_describing_json.SelfDescribingJson object at 0x0000028A1D2BE450>, <snowplow_tracker.self_describing_json.SelfDescribingJson object at 0x0000028A19A5AE40>]}


============================== 20:17:52.847002 | d1d6a172-1352-4f41-ba7d-24fdc10cbf18 ==============================
[0m20:17:52.847002 [info ] [MainThread]: Running with dbt=1.11.11
[0m20:17:52.847601 [debug] [MainThread]: running dbt with arguments {'version_check': 'True', 'no_print': 'None', 'static_parser': 'True', 'target_path': 'None', 'warn_error_options': 'WarnErrorOptionsV2(error=[], warn=[], silence=[])', 'printer_width': '80', 'write_json': 'True', 'empty': 'False', 'log_cache_events': 'False', 'introspect': 'True', 'cache_selected_only': 'False', 'log_format': 'default', 'debug': 'False', 'fail_fast': 'False', 'partial_parse': 'True', 'send_anonymous_usage_stats': 'True', 'quiet': 'False', 'warn_error': 'None', 'profiles_dir': 'C:\\Users\\61452\\.dbt', 'invocation_command': 'dbt run', 'use_colors': 'True', 'indirect_selection': 'eager', 'use_experimental_parser': 'False', 'log_path': 'F:\\Projects\\Data Engg Project\\Data Engg Project on Emails - OC\\new attempt\\email_project\\logs'}
[0m20:17:53.430814 [debug] [MainThread]: Snowflake adapter: Setting snowflake.connector to ERROR (file logging only)
[0m20:17:53.430814 [debug] [MainThread]: Snowflake adapter: Setting botocore to ERROR (file logging only)
[0m20:17:53.446079 [debug] [MainThread]: Snowflake adapter: Setting boto3 to ERROR (file logging only)
[0m20:17:53.652589 [debug] [MainThread]: Sending event: {'category': 'dbt', 'action': 'project_id', 'label': 'd1d6a172-1352-4f41-ba7d-24fdc10cbf18', 'context': [<snowplow_tracker.self_describing_json.SelfDescribingJson object at 0x0000028A1A388080>]}
[0m20:17:53.755909 [debug] [MainThread]: Sending event: {'category': 'dbt', 'action': 'adapter_info', 'label': 'd1d6a172-1352-4f41-ba7d-24fdc10cbf18', 'context': [<snowplow_tracker.self_describing_json.SelfDescribingJson object at 0x0000028A1FC410D0>]}
[0m20:17:53.757215 [info ] [MainThread]: Registered adapter: snowflake=1.11.6
[0m20:17:54.131836 [debug] [MainThread]: checksum: 30a8cc8fdcbf66701b0944d4ccce3fa46dd04b61e5df68b9f16d57b2e0e3f0be, vars: {}, profile: , target: , version: 1.11.11
[0m20:17:54.282893 [debug] [MainThread]: Partial parsing enabled: 0 files deleted, 0 files added, 0 files changed.
[0m20:17:54.282893 [debug] [MainThread]: Nothing changed, skipping partial parsing.
[0m20:17:54.282893 [debug] [MainThread]: Partial parsing enabled, no changes found, skipping parsing
[0m20:17:54.314677 [debug] [MainThread]: Sending event: {'category': 'dbt', 'action': 'load_project', 'label': 'd1d6a172-1352-4f41-ba7d-24fdc10cbf18', 'context': [<snowplow_tracker.self_describing_json.SelfDescribingJson object at 0x0000028A1FE6F170>]}
[0m20:17:54.398999 [debug] [MainThread]: Wrote artifact WritableManifest to F:\Projects\Data Engg Project\Data Engg Project on Emails - OC\new attempt\email_project\target\manifest.json
[0m20:17:54.410798 [debug] [MainThread]: Wrote artifact SemanticManifest to F:\Projects\Data Engg Project\Data Engg Project on Emails - OC\new attempt\email_project\target\semantic_manifest.json
[0m20:17:54.426362 [debug] [MainThread]: Sending event: {'category': 'dbt', 'action': 'resource_counts', 'label': 'd1d6a172-1352-4f41-ba7d-24fdc10cbf18', 'context': [<snowplow_tracker.self_describing_json.SelfDescribingJson object at 0x0000028A200DEEA0>]}
[0m20:17:54.428376 [info ] [MainThread]: Found 1 model, 1 source, 538 macros
[0m20:17:54.428376 [debug] [MainThread]: Sending event: {'category': 'dbt', 'action': 'runnable_timing', 'label': 'd1d6a172-1352-4f41-ba7d-24fdc10cbf18', 'context': [<snowplow_tracker.self_describing_json.SelfDescribingJson object at 0x0000028A1A54CB30>]}
[0m20:17:54.431338 [info ] [MainThread]: 
[0m20:17:54.432720 [info ] [MainThread]: Concurrency: 1 threads (target='dev')
[0m20:17:54.432720 [info ] [MainThread]: 
[0m20:17:54.432720 [debug] [MainThread]: Acquiring new snowflake connection 'master'
[0m20:17:54.432720 [debug] [ThreadPool]: Acquiring new snowflake connection 'list_email_db'
[0m20:17:54.514217 [debug] [ThreadPool]: Using snowflake connection "list_email_db"
[0m20:17:54.514217 [debug] [ThreadPool]: On list_email_db: show terse schemas in database email_db
    limit 10000
/* {"app": "dbt", "dbt_version": "1.11.11", "profile_name": "email_project", "target_name": "dev", "connection_name": "list_email_db"} */
[0m20:17:54.514217 [debug] [ThreadPool]: Opening a new connection, currently in state init
[0m20:17:56.197766 [debug] [ThreadPool]: SQL status: SUCCESS 4 in 1.682 seconds
[0m20:17:56.197766 [debug] [ThreadPool]: Acquiring new snowflake connection 'list_email_db_staging'
[0m20:17:56.214730 [debug] [ThreadPool]: Using snowflake connection "list_email_db_staging"
[0m20:17:56.214730 [debug] [ThreadPool]: On list_email_db_staging: show objects in email_db.staging
    limit 10000
    

/* {"app": "dbt", "dbt_version": "1.11.11", "profile_name": "email_project", "target_name": "dev", "connection_name": "list_email_db_staging"} */;
[0m20:17:56.217256 [debug] [ThreadPool]: Opening a new connection, currently in state init
[0m20:17:56.764418 [debug] [ThreadPool]: SQL status: SUCCESS 1 in 0.547 seconds
[0m20:17:56.767056 [debug] [MainThread]: Sending event: {'category': 'dbt', 'action': 'runnable_timing', 'label': 'd1d6a172-1352-4f41-ba7d-24fdc10cbf18', 'context': [<snowplow_tracker.self_describing_json.SelfDescribingJson object at 0x0000028A2070C3B0>]}
[0m20:17:56.770235 [debug] [Thread-2 (]: Began running node model.email_project.stg_gmail_data
[0m20:17:56.770235 [info ] [Thread-2 (]: 1 of 1 START sql view model staging.stg_gmail_data ............................. [RUN]
[0m20:17:56.770235 [debug] [Thread-2 (]: Acquiring new snowflake connection 'model.email_project.stg_gmail_data'
[0m20:17:56.770235 [debug] [Thread-2 (]: Began compiling node model.email_project.stg_gmail_data
[0m20:17:56.784952 [debug] [Thread-2 (]: Writing injected SQL for node "model.email_project.stg_gmail_data"
[0m20:17:56.785951 [debug] [Thread-2 (]: Began executing node model.email_project.stg_gmail_data
[0m20:17:56.818846 [debug] [Thread-2 (]: Writing runtime sql for node "model.email_project.stg_gmail_data"
[0m20:17:56.820834 [debug] [Thread-2 (]: Using snowflake connection "model.email_project.stg_gmail_data"
[0m20:17:56.821836 [debug] [Thread-2 (]: On model.email_project.stg_gmail_data: create or replace   view email_db.staging.stg_gmail_data
  
  
  
  
  as (
    
with msg_rank as(
    SELECT 
        MESSAGE_ID,
        --SENDER_RAW,
        LOWER(SENDER_EMAIL) AS sender_email,
        SENDER_DISPLAY_NAME AS SENDER_NAME,
        SENDER_DOMAIN,
        SENDER_DOMAIN_TYPE,
        CASE
            WHEN CC IS NULL THEN 'None'
            ELSE CC
        END AS CC,
        RECIPIENT_COUNT,    
        SUBJECT,    
        TO_DATE(FULL_DATE ,'DD/MM/YYYY') as email_date,
        --YEAR,
        --QUARTER,
        --MONTH,
        --MONTH_NAME,
        --WEEK,
        DAY_OF_WEEK,
        --DAY_NAME,
        --IS_WEEKEND,    
        --FULL_TIME,
        --HOUR,
        --MINUTE,
        --AM_PM,
        --TIME_BUCKET,
        FOLDER,
        SPLIT(ALL_LABELS, ', INBOX')[0] AS ALL_LABELS    
        SIZE_BYTES,
        ATTACHMENT_COUNT,
        HAS_ATTACHMENTS,  
        IS_READ,
        IS_STARRED,
        IS_REPLIED,   
        --THREAD_SUBJECT,
        TO_TIMESTAMP(THREAD_FIRST_MESSAGE_AT, 'DD/MM/YYYY HH24:MI') AS THREAD_FIRST_MESSAGE_AT,    
        --THREAD_DURATION_SEC,       
        THREAD_PARTICIPANT_COUNT,
        RANK () OVER (PARTITION BY MESSAGE_ID ORDER BY FULL_DATE desc) AS rnk
    from email_db.raw.gmail_data
)
SELECT         
        MESSAGE_ID,
        SENDER_NAME,
        sender_email,
        SENDER_DOMAIN,
        SENDER_DOMAIN_TYPE,
        CC,
        RECIPIENT_COUNT,    
        SUBJECT,    
        email_date,
        DAY_OF_WEEK,
        FOLDER,
        ALL_LABELS,
        SPLIT(ALL_LABELS, ',')[0] AS LABEL_1,
        SPLIT(ALL_LABELS, ',')[1] AS LABEL_2,
        SPLIT(ALL_LABELS, ',')[2] AS LABEL_3,
        SPLIT(ALL_LABELS, ',')[3] AS LABEL_4,    
        SIZE_BYTES,
        ATTACHMENT_COUNT,
        HAS_ATTACHMENTS,  
        IS_READ,
        IS_STARRED,
        IS_REPLIED, 
        THREAD_FIRST_MESSAGE_AT,           
        THREAD_PARTICIPANT_COUNT, 
    FROM msg_rank WHERE rnk = 1
  )
/* {"app": "dbt", "dbt_version": "1.11.11", "profile_name": "email_project", "target_name": "dev", "node_id": "model.email_project.stg_gmail_data"} */;
[0m20:17:56.821836 [debug] [Thread-2 (]: Opening a new connection, currently in state init
[0m20:17:57.675246 [debug] [Thread-2 (]: Snowflake adapter: Snowflake query id: 01c5fd01-0003-7812-0003-44e2000a3ec2
[0m20:17:57.676249 [debug] [Thread-2 (]: Snowflake adapter: Snowflake error: 001003 (42000): SQL compilation error:
syntax error line 38 at position 8 unexpected 'SIZE_BYTES'.
syntax error line 39 at position 24 unexpected ','.
syntax error line 40 at position 23 unexpected ','.
syntax error line 41 at position 15 unexpected ','.
syntax error line 42 at position 18 unexpected ','.
syntax error line 43 at position 18 unexpected ','.
syntax error line 45 at position 46 unexpected ''DD/MM/YYYY HH24:MI''.
syntax error line 45 at position 71 unexpected 'THREAD_FIRST_MESSAGE_AT'.
syntax error line 47 at position 32 unexpected ','.
syntax error line 48 at position 14 unexpected ')'.
syntax error line 48 at position 16 unexpected 'OVER'.
syntax error line 48 at position 22 unexpected 'PARTITION'.
syntax error line 48 at position 71 unexpected 'AS'.
[0m20:17:57.679244 [debug] [Thread-2 (]: Database Error in model stg_gmail_data (models\staging\stg_gmail_data.sql)
  001003 (42000): SQL compilation error:
  syntax error line 38 at position 8 unexpected 'SIZE_BYTES'.
  syntax error line 39 at position 24 unexpected ','.
  syntax error line 40 at position 23 unexpected ','.
  syntax error line 41 at position 15 unexpected ','.
  syntax error line 42 at position 18 unexpected ','.
  syntax error line 43 at position 18 unexpected ','.
  syntax error line 45 at position 46 unexpected ''DD/MM/YYYY HH24:MI''.
  syntax error line 45 at position 71 unexpected 'THREAD_FIRST_MESSAGE_AT'.
  syntax error line 47 at position 32 unexpected ','.
  syntax error line 48 at position 14 unexpected ')'.
  syntax error line 48 at position 16 unexpected 'OVER'.
  syntax error line 48 at position 22 unexpected 'PARTITION'.
  syntax error line 48 at position 71 unexpected 'AS'.
  compiled code at target\run\email_project\models\staging\stg_gmail_data.sql
[0m20:17:57.680891 [debug] [Thread-2 (]: Sending event: {'category': 'dbt', 'action': 'run_model', 'label': 'd1d6a172-1352-4f41-ba7d-24fdc10cbf18', 'context': [<snowplow_tracker.self_describing_json.SelfDescribingJson object at 0x0000028A206CF4A0>]}
[0m20:17:57.680891 [error] [Thread-2 (]: 1 of 1 ERROR creating sql view model staging.stg_gmail_data .................... [[31mERROR[0m in 0.91s]
[0m20:17:57.680891 [debug] [Thread-2 (]: Finished running node model.email_project.stg_gmail_data
[0m20:17:57.680891 [debug] [Thread-5 (]: Marking all children of 'model.email_project.stg_gmail_data' to be skipped because of status 'error'.  Reason: Database Error in model stg_gmail_data (models\staging\stg_gmail_data.sql)
  001003 (42000): SQL compilation error:
  syntax error line 38 at position 8 unexpected 'SIZE_BYTES'.
  syntax error line 39 at position 24 unexpected ','.
  syntax error line 40 at position 23 unexpected ','.
  syntax error line 41 at position 15 unexpected ','.
  syntax error line 42 at position 18 unexpected ','.
  syntax error line 43 at position 18 unexpected ','.
  syntax error line 45 at position 46 unexpected ''DD/MM/YYYY HH24:MI''.
  syntax error line 45 at position 71 unexpected 'THREAD_FIRST_MESSAGE_AT'.
  syntax error line 47 at position 32 unexpected ','.
  syntax error line 48 at position 14 unexpected ')'.
  syntax error line 48 at position 16 unexpected 'OVER'.
  syntax error line 48 at position 22 unexpected 'PARTITION'.
  syntax error line 48 at position 71 unexpected 'AS'.
  compiled code at target\run\email_project\models\staging\stg_gmail_data.sql.
[0m20:17:57.680891 [debug] [MainThread]: Connection 'master' was properly closed.
[0m20:17:57.680891 [debug] [MainThread]: Connection 'list_email_db' was left open.
[0m20:17:57.680891 [debug] [MainThread]: On list_email_db: Close
[0m20:17:57.881887 [debug] [MainThread]: Connection 'list_email_db_staging' was left open.
[0m20:17:57.881887 [debug] [MainThread]: On list_email_db_staging: Close
[0m20:17:58.082090 [debug] [MainThread]: Connection 'model.email_project.stg_gmail_data' was left open.
[0m20:17:58.097083 [debug] [MainThread]: On model.email_project.stg_gmail_data: Close
[0m20:17:58.281221 [info ] [MainThread]: 
[0m20:17:58.281221 [info ] [MainThread]: Finished running 1 view model in 0 hours 0 minutes and 3.85 seconds (3.85s).
[0m20:17:58.281221 [debug] [MainThread]: Command end result
[0m20:17:58.319706 [debug] [MainThread]: Wrote artifact WritableManifest to F:\Projects\Data Engg Project\Data Engg Project on Emails - OC\new attempt\email_project\target\manifest.json
[0m20:17:58.319706 [debug] [MainThread]: Wrote artifact SemanticManifest to F:\Projects\Data Engg Project\Data Engg Project on Emails - OC\new attempt\email_project\target\semantic_manifest.json
[0m20:17:58.332721 [debug] [MainThread]: Wrote artifact RunExecutionResult to F:\Projects\Data Engg Project\Data Engg Project on Emails - OC\new attempt\email_project\target\run_results.json
[0m20:17:58.333728 [info ] [MainThread]: 
[0m20:17:58.334716 [info ] [MainThread]: [31mCompleted with 1 error, 0 partial successes, and 0 warnings:[0m
[0m20:17:58.334716 [info ] [MainThread]: 
[0m20:17:58.335724 [error] [MainThread]: [31mFailure in model stg_gmail_data (models\staging\stg_gmail_data.sql)[0m
[0m20:17:58.336714 [error] [MainThread]:   Database Error in model stg_gmail_data (models\staging\stg_gmail_data.sql)
  001003 (42000): SQL compilation error:
  syntax error line 38 at position 8 unexpected 'SIZE_BYTES'.
  syntax error line 39 at position 24 unexpected ','.
  syntax error line 40 at position 23 unexpected ','.
  syntax error line 41 at position 15 unexpected ','.
  syntax error line 42 at position 18 unexpected ','.
  syntax error line 43 at position 18 unexpected ','.
  syntax error line 45 at position 46 unexpected ''DD/MM/YYYY HH24:MI''.
  syntax error line 45 at position 71 unexpected 'THREAD_FIRST_MESSAGE_AT'.
  syntax error line 47 at position 32 unexpected ','.
  syntax error line 48 at position 14 unexpected ')'.
  syntax error line 48 at position 16 unexpected 'OVER'.
  syntax error line 48 at position 22 unexpected 'PARTITION'.
  syntax error line 48 at position 71 unexpected 'AS'.
  compiled code at target\run\email_project\models\staging\stg_gmail_data.sql
[0m20:17:58.337719 [info ] [MainThread]: 
[0m20:17:58.337719 [info ] [MainThread]:   compiled code at target\compiled\email_project\models\staging\stg_gmail_data.sql
[0m20:17:58.338716 [info ] [MainThread]: 
[0m20:17:58.339717 [info ] [MainThread]: Done. PASS=0 WARN=0 ERROR=1 SKIP=0 NO-OP=0 TOTAL=1
[0m20:17:58.340718 [debug] [MainThread]: Command `dbt run` failed at 20:17:58.340718 after 5.64 seconds
[0m20:17:58.340718 [debug] [MainThread]: Sending event: {'category': 'dbt', 'action': 'invocation', 'label': 'end', 'context': [<snowplow_tracker.self_describing_json.SelfDescribingJson object at 0x0000028A1D39ECC0>, <snowplow_tracker.self_describing_json.SelfDescribingJson object at 0x0000028A1C99E360>, <snowplow_tracker.self_describing_json.SelfDescribingJson object at 0x0000028A1D2BE450>]}
[0m20:17:58.341714 [debug] [MainThread]: Flushing usage events
[0m20:18:01.166546 [debug] [MainThread]: An error was encountered while trying to flush usage events
[0m20:18:21.785288 [debug] [MainThread]: Sending event: {'category': 'dbt', 'action': 'invocation', 'label': 'start', 'context': [<snowplow_tracker.self_describing_json.SelfDescribingJson object at 0x000001785329B3E0>, <snowplow_tracker.self_describing_json.SelfDescribingJson object at 0x00000178545E4AD0>, <snowplow_tracker.self_describing_json.SelfDescribingJson object at 0x00000178545E40E0>]}


============================== 20:18:21.797807 | 6fb95071-073e-42bf-844a-66fe6ac5b8ea ==============================
[0m20:18:21.797807 [info ] [MainThread]: Running with dbt=1.11.11
[0m20:18:21.797807 [debug] [MainThread]: running dbt with arguments {'static_parser': 'True', 'no_print': 'None', 'version_check': 'True', 'warn_error_options': 'WarnErrorOptionsV2(error=[], warn=[], silence=[])', 'target_path': 'None', 'printer_width': '80', 'write_json': 'True', 'empty': 'False', 'log_cache_events': 'False', 'introspect': 'True', 'cache_selected_only': 'False', 'log_format': 'default', 'debug': 'False', 'fail_fast': 'False', 'profiles_dir': 'C:\\Users\\61452\\.dbt', 'send_anonymous_usage_stats': 'True', 'quiet': 'False', 'warn_error': 'None', 'partial_parse': 'True', 'invocation_command': 'dbt run', 'use_colors': 'True', 'indirect_selection': 'eager', 'use_experimental_parser': 'False', 'log_path': 'F:\\Projects\\Data Engg Project\\Data Engg Project on Emails - OC\\new attempt\\email_project\\logs'}
[0m20:18:22.413792 [debug] [MainThread]: Snowflake adapter: Setting snowflake.connector to ERROR (file logging only)
[0m20:18:22.414417 [debug] [MainThread]: Snowflake adapter: Setting botocore to ERROR (file logging only)
[0m20:18:22.414417 [debug] [MainThread]: Snowflake adapter: Setting boto3 to ERROR (file logging only)
[0m20:18:22.614887 [debug] [MainThread]: Sending event: {'category': 'dbt', 'action': 'project_id', 'label': '6fb95071-073e-42bf-844a-66fe6ac5b8ea', 'context': [<snowplow_tracker.self_describing_json.SelfDescribingJson object at 0x0000017856144320>]}
[0m20:18:22.685451 [debug] [MainThread]: Sending event: {'category': 'dbt', 'action': 'adapter_info', 'label': '6fb95071-073e-42bf-844a-66fe6ac5b8ea', 'context': [<snowplow_tracker.self_describing_json.SelfDescribingJson object at 0x000001785369EDB0>]}
[0m20:18:22.685451 [info ] [MainThread]: Registered adapter: snowflake=1.11.6
[0m20:18:22.997874 [debug] [MainThread]: checksum: 30a8cc8fdcbf66701b0944d4ccce3fa46dd04b61e5df68b9f16d57b2e0e3f0be, vars: {}, profile: , target: , version: 1.11.11
[0m20:18:23.114682 [debug] [MainThread]: Partial parsing enabled: 0 files deleted, 0 files added, 0 files changed.
[0m20:18:23.114682 [debug] [MainThread]: Nothing changed, skipping partial parsing.
[0m20:18:23.114682 [debug] [MainThread]: Partial parsing enabled, no changes found, skipping parsing
[0m20:18:23.162006 [debug] [MainThread]: Sending event: {'category': 'dbt', 'action': 'load_project', 'label': '6fb95071-073e-42bf-844a-66fe6ac5b8ea', 'context': [<snowplow_tracker.self_describing_json.SelfDescribingJson object at 0x0000017855863170>]}
[0m20:18:23.246571 [debug] [MainThread]: Wrote artifact WritableManifest to F:\Projects\Data Engg Project\Data Engg Project on Emails - OC\new attempt\email_project\target\manifest.json
[0m20:18:23.247678 [debug] [MainThread]: Wrote artifact SemanticManifest to F:\Projects\Data Engg Project\Data Engg Project on Emails - OC\new attempt\email_project\target\semantic_manifest.json
[0m20:18:23.264129 [debug] [MainThread]: Sending event: {'category': 'dbt', 'action': 'resource_counts', 'label': '6fb95071-073e-42bf-844a-66fe6ac5b8ea', 'context': [<snowplow_tracker.self_describing_json.SelfDescribingJson object at 0x0000017856DEEE10>]}
[0m20:18:23.267566 [info ] [MainThread]: Found 1 model, 1 source, 538 macros
[0m20:18:23.268583 [debug] [MainThread]: Sending event: {'category': 'dbt', 'action': 'runnable_timing', 'label': '6fb95071-073e-42bf-844a-66fe6ac5b8ea', 'context': [<snowplow_tracker.self_describing_json.SelfDescribingJson object at 0x000001785463E840>]}
[0m20:18:23.269593 [info ] [MainThread]: 
[0m20:18:23.269593 [info ] [MainThread]: Concurrency: 1 threads (target='dev')
[0m20:18:23.269593 [info ] [MainThread]: 
[0m20:18:23.269593 [debug] [MainThread]: Acquiring new snowflake connection 'master'
[0m20:18:23.269593 [debug] [ThreadPool]: Acquiring new snowflake connection 'list_email_db'
[0m20:18:23.347791 [debug] [ThreadPool]: Using snowflake connection "list_email_db"
[0m20:18:23.347791 [debug] [ThreadPool]: On list_email_db: show terse schemas in database email_db
    limit 10000
/* {"app": "dbt", "dbt_version": "1.11.11", "profile_name": "email_project", "target_name": "dev", "connection_name": "list_email_db"} */
[0m20:18:23.347791 [debug] [ThreadPool]: Opening a new connection, currently in state init
[0m20:18:24.182605 [debug] [ThreadPool]: SQL status: SUCCESS 4 in 0.834 seconds
[0m20:18:24.182605 [debug] [ThreadPool]: Acquiring new snowflake connection 'list_email_db_staging'
[0m20:18:24.197619 [debug] [ThreadPool]: Using snowflake connection "list_email_db_staging"
[0m20:18:24.197619 [debug] [ThreadPool]: On list_email_db_staging: show objects in email_db.staging
    limit 10000
    

/* {"app": "dbt", "dbt_version": "1.11.11", "profile_name": "email_project", "target_name": "dev", "connection_name": "list_email_db_staging"} */;
[0m20:18:24.197619 [debug] [ThreadPool]: Opening a new connection, currently in state init
[0m20:18:24.898014 [debug] [ThreadPool]: SQL status: SUCCESS 1 in 0.697 seconds
[0m20:18:24.898014 [debug] [MainThread]: Sending event: {'category': 'dbt', 'action': 'runnable_timing', 'label': '6fb95071-073e-42bf-844a-66fe6ac5b8ea', 'context': [<snowplow_tracker.self_describing_json.SelfDescribingJson object at 0x000001785691F320>]}
[0m20:18:24.904004 [debug] [Thread-2 (]: Began running node model.email_project.stg_gmail_data
[0m20:18:24.908428 [info ] [Thread-2 (]: 1 of 1 START sql view model staging.stg_gmail_data ............................. [RUN]
[0m20:18:24.908428 [debug] [Thread-2 (]: Acquiring new snowflake connection 'model.email_project.stg_gmail_data'
[0m20:18:24.908428 [debug] [Thread-2 (]: Began compiling node model.email_project.stg_gmail_data
[0m20:18:24.919855 [debug] [Thread-2 (]: Writing injected SQL for node "model.email_project.stg_gmail_data"
[0m20:18:24.921414 [debug] [Thread-2 (]: Began executing node model.email_project.stg_gmail_data
[0m20:18:24.954464 [debug] [Thread-2 (]: Writing runtime sql for node "model.email_project.stg_gmail_data"
[0m20:18:24.956464 [debug] [Thread-2 (]: Using snowflake connection "model.email_project.stg_gmail_data"
[0m20:18:24.957454 [debug] [Thread-2 (]: On model.email_project.stg_gmail_data: create or replace   view email_db.staging.stg_gmail_data
  
  
  
  
  as (
    
with msg_rank as(
    SELECT 
        MESSAGE_ID,
        --SENDER_RAW,
        LOWER(SENDER_EMAIL) AS sender_email,
        SENDER_DISPLAY_NAME AS SENDER_NAME,
        SENDER_DOMAIN,
        SENDER_DOMAIN_TYPE,
        CASE
            WHEN CC IS NULL THEN 'None'
            ELSE CC
        END AS CC,
        RECIPIENT_COUNT,    
        SUBJECT,    
        TO_DATE(FULL_DATE ,'DD/MM/YYYY') as email_date,
        --YEAR,
        --QUARTER,
        --MONTH,
        --MONTH_NAME,
        --WEEK,
        DAY_OF_WEEK,
        --DAY_NAME,
        --IS_WEEKEND,    
        --FULL_TIME,
        --HOUR,
        --MINUTE,
        --AM_PM,
        --TIME_BUCKET,
        FOLDER,
        SPLIT(ALL_LABELS, ', INBOX')[0] AS ALL_LABELS,    
        SIZE_BYTES,
        ATTACHMENT_COUNT,
        HAS_ATTACHMENTS,  
        IS_READ,
        IS_STARRED,
        IS_REPLIED,   
        --THREAD_SUBJECT,
        TO_TIMESTAMP(THREAD_FIRST_MESSAGE_AT, 'DD/MM/YYYY HH24:MI') AS THREAD_FIRST_MESSAGE_AT,    
        --THREAD_DURATION_SEC,       
        THREAD_PARTICIPANT_COUNT,
        RANK () OVER (PARTITION BY MESSAGE_ID ORDER BY FULL_DATE desc) AS rnk
    from email_db.raw.gmail_data
)
SELECT         
        MESSAGE_ID,
        SENDER_NAME,
        sender_email,
        SENDER_DOMAIN,
        SENDER_DOMAIN_TYPE,
        CC,
        RECIPIENT_COUNT,    
        SUBJECT,    
        email_date,
        DAY_OF_WEEK,
        FOLDER,
        ALL_LABELS,
        SPLIT(ALL_LABELS, ',')[0] AS LABEL_1,
        SPLIT(ALL_LABELS, ',')[1] AS LABEL_2,
        SPLIT(ALL_LABELS, ',')[2] AS LABEL_3,
        SPLIT(ALL_LABELS, ',')[3] AS LABEL_4,    
        SIZE_BYTES,
        ATTACHMENT_COUNT,
        HAS_ATTACHMENTS,  
        IS_READ,
        IS_STARRED,
        IS_REPLIED, 
        THREAD_FIRST_MESSAGE_AT,           
        THREAD_PARTICIPANT_COUNT, 
    FROM msg_rank WHERE rnk = 1
  )
/* {"app": "dbt", "dbt_version": "1.11.11", "profile_name": "email_project", "target_name": "dev", "node_id": "model.email_project.stg_gmail_data"} */;
[0m20:18:24.957454 [debug] [Thread-2 (]: Opening a new connection, currently in state init
[0m20:18:25.631280 [debug] [Thread-2 (]: SQL status: SUCCESS 1 in 0.676 seconds
[0m20:18:25.664494 [debug] [Thread-2 (]: Sending event: {'category': 'dbt', 'action': 'run_model', 'label': '6fb95071-073e-42bf-844a-66fe6ac5b8ea', 'context': [<snowplow_tracker.self_describing_json.SelfDescribingJson object at 0x0000017856B77770>]}
[0m20:18:25.664494 [info ] [Thread-2 (]: 1 of 1 OK created sql view model staging.stg_gmail_data ........................ [[32mSUCCESS 1[0m in 0.74s]
[0m20:18:25.664494 [debug] [Thread-2 (]: Finished running node model.email_project.stg_gmail_data
[0m20:18:25.664494 [debug] [MainThread]: Connection 'master' was properly closed.
[0m20:18:25.664494 [debug] [MainThread]: Connection 'list_email_db' was left open.
[0m20:18:25.664494 [debug] [MainThread]: On list_email_db: Close
[0m20:18:25.853270 [debug] [MainThread]: Connection 'list_email_db_staging' was left open.
[0m20:18:25.853270 [debug] [MainThread]: On list_email_db_staging: Close
[0m20:18:26.069886 [debug] [MainThread]: Connection 'model.email_project.stg_gmail_data' was left open.
[0m20:18:26.070878 [debug] [MainThread]: On model.email_project.stg_gmail_data: Close
[0m20:18:26.275487 [info ] [MainThread]: 
[0m20:18:26.276478 [info ] [MainThread]: Finished running 1 view model in 0 hours 0 minutes and 3.01 seconds (3.01s).
[0m20:18:26.277491 [debug] [MainThread]: Command end result
[0m20:18:26.310514 [debug] [MainThread]: Wrote artifact WritableManifest to F:\Projects\Data Engg Project\Data Engg Project on Emails - OC\new attempt\email_project\target\manifest.json
[0m20:18:26.315157 [debug] [MainThread]: Wrote artifact SemanticManifest to F:\Projects\Data Engg Project\Data Engg Project on Emails - OC\new attempt\email_project\target\semantic_manifest.json
[0m20:18:26.321156 [debug] [MainThread]: Wrote artifact RunExecutionResult to F:\Projects\Data Engg Project\Data Engg Project on Emails - OC\new attempt\email_project\target\run_results.json
[0m20:18:26.321156 [info ] [MainThread]: 
[0m20:18:26.321156 [info ] [MainThread]: [32mCompleted successfully[0m
[0m20:18:26.321156 [info ] [MainThread]: 
[0m20:18:26.326651 [info ] [MainThread]: Done. PASS=1 WARN=0 ERROR=0 SKIP=0 NO-OP=0 TOTAL=1
[0m20:18:26.326651 [debug] [MainThread]: Command `dbt run` succeeded at 20:18:26.326651 after 4.67 seconds
[0m20:18:26.326651 [debug] [MainThread]: Sending event: {'category': 'dbt', 'action': 'invocation', 'label': 'end', 'context': [<snowplow_tracker.self_describing_json.SelfDescribingJson object at 0x000001785462B170>, <snowplow_tracker.self_describing_json.SelfDescribingJson object at 0x0000017853925E20>, <snowplow_tracker.self_describing_json.SelfDescribingJson object at 0x0000017853924380>]}
[0m20:18:26.328675 [debug] [MainThread]: Flushing usage events
[0m20:18:27.498359 [debug] [MainThread]: An error was encountered while trying to flush usage events
[0m20:21:29.202293 [debug] [MainThread]: Sending event: {'category': 'dbt', 'action': 'invocation', 'label': 'start', 'context': [<snowplow_tracker.self_describing_json.SelfDescribingJson object at 0x0000021BB798A2A0>, <snowplow_tracker.self_describing_json.SelfDescribingJson object at 0x0000021BB9078950>, <snowplow_tracker.self_describing_json.SelfDescribingJson object at 0x0000021BBB0C79B0>]}


============================== 20:21:29.210323 | bf9f9eb2-f8a0-49f8-bebd-4d6da8458948 ==============================
[0m20:21:29.210323 [info ] [MainThread]: Running with dbt=1.11.11
[0m20:21:29.210323 [debug] [MainThread]: running dbt with arguments {'static_parser': 'True', 'no_print': 'None', 'version_check': 'True', 'target_path': 'None', 'warn_error_options': 'WarnErrorOptionsV2(error=[], warn=[], silence=[])', 'printer_width': '80', 'write_json': 'True', 'introspect': 'True', 'log_cache_events': 'False', 'empty': 'False', 'cache_selected_only': 'False', 'log_format': 'default', 'debug': 'False', 'fail_fast': 'False', 'profiles_dir': 'C:\\Users\\61452\\.dbt', 'send_anonymous_usage_stats': 'True', 'quiet': 'False', 'warn_error': 'None', 'partial_parse': 'True', 'invocation_command': 'dbt run', 'indirect_selection': 'eager', 'use_colors': 'True', 'use_experimental_parser': 'False', 'log_path': 'F:\\Projects\\Data Engg Project\\Data Engg Project on Emails - OC\\new attempt\\email_project\\logs'}
[0m20:21:29.847801 [debug] [MainThread]: Snowflake adapter: Setting snowflake.connector to ERROR (file logging only)
[0m20:21:29.849209 [debug] [MainThread]: Snowflake adapter: Setting botocore to ERROR (file logging only)
[0m20:21:29.849209 [debug] [MainThread]: Snowflake adapter: Setting boto3 to ERROR (file logging only)
[0m20:21:30.063763 [debug] [MainThread]: Sending event: {'category': 'dbt', 'action': 'project_id', 'label': 'bf9f9eb2-f8a0-49f8-bebd-4d6da8458948', 'context': [<snowplow_tracker.self_describing_json.SelfDescribingJson object at 0x0000021BBDEE2810>]}
[0m20:21:30.147737 [debug] [MainThread]: Sending event: {'category': 'dbt', 'action': 'adapter_info', 'label': 'bf9f9eb2-f8a0-49f8-bebd-4d6da8458948', 'context': [<snowplow_tracker.self_describing_json.SelfDescribingJson object at 0x0000021BBDD7E780>]}
[0m20:21:30.147737 [info ] [MainThread]: Registered adapter: snowflake=1.11.6
[0m20:21:30.497156 [debug] [MainThread]: checksum: 30a8cc8fdcbf66701b0944d4ccce3fa46dd04b61e5df68b9f16d57b2e0e3f0be, vars: {}, profile: , target: , version: 1.11.11
[0m20:21:30.632561 [debug] [MainThread]: Partial parsing enabled: 0 files deleted, 0 files added, 0 files changed.
[0m20:21:30.632561 [debug] [MainThread]: Nothing changed, skipping partial parsing.
[0m20:21:30.632561 [debug] [MainThread]: Partial parsing enabled, no changes found, skipping parsing
[0m20:21:30.664805 [debug] [MainThread]: Sending event: {'category': 'dbt', 'action': 'load_project', 'label': 'bf9f9eb2-f8a0-49f8-bebd-4d6da8458948', 'context': [<snowplow_tracker.self_describing_json.SelfDescribingJson object at 0x0000021BBE2B5B80>]}
[0m20:21:30.758495 [debug] [MainThread]: Wrote artifact WritableManifest to F:\Projects\Data Engg Project\Data Engg Project on Emails - OC\new attempt\email_project\target\manifest.json
[0m20:21:30.761498 [debug] [MainThread]: Wrote artifact SemanticManifest to F:\Projects\Data Engg Project\Data Engg Project on Emails - OC\new attempt\email_project\target\semantic_manifest.json
[0m20:21:30.777095 [debug] [MainThread]: Sending event: {'category': 'dbt', 'action': 'resource_counts', 'label': 'bf9f9eb2-f8a0-49f8-bebd-4d6da8458948', 'context': [<snowplow_tracker.self_describing_json.SelfDescribingJson object at 0x0000021BBE56EE10>]}
[0m20:21:30.777095 [info ] [MainThread]: Found 1 model, 1 source, 538 macros
[0m20:21:30.778114 [debug] [MainThread]: Sending event: {'category': 'dbt', 'action': 'runnable_timing', 'label': 'bf9f9eb2-f8a0-49f8-bebd-4d6da8458948', 'context': [<snowplow_tracker.self_describing_json.SelfDescribingJson object at 0x0000021BBE4CBC50>]}
[0m20:21:30.780104 [info ] [MainThread]: 
[0m20:21:30.781105 [info ] [MainThread]: Concurrency: 1 threads (target='dev')
[0m20:21:30.781105 [info ] [MainThread]: 
[0m20:21:30.783027 [debug] [MainThread]: Acquiring new snowflake connection 'master'
[0m20:21:30.785033 [debug] [ThreadPool]: Acquiring new snowflake connection 'list_email_db'
[0m20:21:30.864514 [debug] [ThreadPool]: Using snowflake connection "list_email_db"
[0m20:21:30.864514 [debug] [ThreadPool]: On list_email_db: show terse schemas in database email_db
    limit 10000
/* {"app": "dbt", "dbt_version": "1.11.11", "profile_name": "email_project", "target_name": "dev", "connection_name": "list_email_db"} */
[0m20:21:30.865775 [debug] [ThreadPool]: Opening a new connection, currently in state init
[0m20:21:31.776257 [debug] [ThreadPool]: SQL status: SUCCESS 4 in 0.911 seconds
[0m20:21:31.779628 [debug] [ThreadPool]: Acquiring new snowflake connection 'list_email_db_staging'
[0m20:21:31.793658 [debug] [ThreadPool]: Using snowflake connection "list_email_db_staging"
[0m20:21:31.795194 [debug] [ThreadPool]: On list_email_db_staging: show objects in email_db.staging
    limit 10000
    

/* {"app": "dbt", "dbt_version": "1.11.11", "profile_name": "email_project", "target_name": "dev", "connection_name": "list_email_db_staging"} */;
[0m20:21:31.796234 [debug] [ThreadPool]: Opening a new connection, currently in state init
[0m20:21:32.330565 [debug] [ThreadPool]: SQL status: SUCCESS 1 in 0.542 seconds
[0m20:21:32.330565 [debug] [MainThread]: Sending event: {'category': 'dbt', 'action': 'runnable_timing', 'label': 'bf9f9eb2-f8a0-49f8-bebd-4d6da8458948', 'context': [<snowplow_tracker.self_describing_json.SelfDescribingJson object at 0x0000021BBE4CBE00>]}
[0m20:21:32.346238 [debug] [Thread-2 (]: Began running node model.email_project.stg_gmail_data
[0m20:21:32.347495 [info ] [Thread-2 (]: 1 of 1 START sql table model staging.stg_gmail_data ............................ [RUN]
[0m20:21:32.347495 [debug] [Thread-2 (]: Acquiring new snowflake connection 'model.email_project.stg_gmail_data'
[0m20:21:32.347495 [debug] [Thread-2 (]: Began compiling node model.email_project.stg_gmail_data
[0m20:21:32.352450 [debug] [Thread-2 (]: Writing injected SQL for node "model.email_project.stg_gmail_data"
[0m20:21:32.352450 [debug] [Thread-2 (]: Began executing node model.email_project.stg_gmail_data
[0m20:21:32.372690 [debug] [Thread-2 (]:  adapter: Dropping relation "EMAIL_DB"."STAGING"."STG_GMAIL_DATA" because it is a view and target relation email_db.staging.stg_gmail_data is of type table.
[0m20:21:32.382918 [debug] [Thread-2 (]: Applying DROP to: "EMAIL_DB"."STAGING"."STG_GMAIL_DATA"
[0m20:21:32.397554 [debug] [Thread-2 (]: Using snowflake connection "model.email_project.stg_gmail_data"
[0m20:21:32.398585 [debug] [Thread-2 (]: On model.email_project.stg_gmail_data: drop view if exists "EMAIL_DB"."STAGING"."STG_GMAIL_DATA" cascade
/* {"app": "dbt", "dbt_version": "1.11.11", "profile_name": "email_project", "target_name": "dev", "node_id": "model.email_project.stg_gmail_data"} */
[0m20:21:32.399573 [debug] [Thread-2 (]: Opening a new connection, currently in state init
[0m20:21:33.030873 [debug] [Thread-2 (]: SQL status: SUCCESS 1 in 0.641 seconds
[0m20:21:33.047314 [debug] [Thread-2 (]: Writing runtime sql for node "model.email_project.stg_gmail_data"
[0m20:21:33.047314 [debug] [Thread-2 (]: Using snowflake connection "model.email_project.stg_gmail_data"
[0m20:21:33.047314 [debug] [Thread-2 (]: On model.email_project.stg_gmail_data: create or replace transient table email_db.staging.stg_gmail_data
    
    
    
    as (
with msg_rank as(
    SELECT 
        MESSAGE_ID,
        --SENDER_RAW,
        LOWER(SENDER_EMAIL) AS sender_email,
        SENDER_DISPLAY_NAME AS SENDER_NAME,
        SENDER_DOMAIN,
        SENDER_DOMAIN_TYPE,
        CASE
            WHEN CC IS NULL THEN 'None'
            ELSE CC
        END AS CC,
        RECIPIENT_COUNT,    
        SUBJECT,    
        TO_DATE(FULL_DATE ,'DD/MM/YYYY') as email_date,
        --YEAR,
        --QUARTER,
        --MONTH,
        --MONTH_NAME,
        --WEEK,
        DAY_OF_WEEK,
        --DAY_NAME,
        --IS_WEEKEND,    
        --FULL_TIME,
        --HOUR,
        --MINUTE,
        --AM_PM,
        --TIME_BUCKET,
        FOLDER,
        SPLIT(ALL_LABELS, ', INBOX')[0] AS ALL_LABELS,    
        SIZE_BYTES,
        ATTACHMENT_COUNT,
        HAS_ATTACHMENTS,  
        IS_READ,
        IS_STARRED,
        IS_REPLIED,   
        --THREAD_SUBJECT,
        TO_TIMESTAMP(THREAD_FIRST_MESSAGE_AT, 'DD/MM/YYYY HH24:MI') AS THREAD_FIRST_MESSAGE_AT,    
        --THREAD_DURATION_SEC,       
        THREAD_PARTICIPANT_COUNT,
        RANK () OVER (PARTITION BY MESSAGE_ID ORDER BY FULL_DATE desc) AS rnk
    from email_db.raw.gmail_data
)
SELECT         
        MESSAGE_ID,
        SENDER_NAME,
        sender_email,
        SENDER_DOMAIN,
        SENDER_DOMAIN_TYPE,
        CC,
        RECIPIENT_COUNT,    
        SUBJECT,    
        email_date,
        DAY_OF_WEEK,
        FOLDER,
        ALL_LABELS,
        SPLIT(ALL_LABELS, ',')[0] AS LABEL_1,
        SPLIT(ALL_LABELS, ',')[1] AS LABEL_2,
        SPLIT(ALL_LABELS, ',')[2] AS LABEL_3,
        SPLIT(ALL_LABELS, ',')[3] AS LABEL_4,    
        SIZE_BYTES,
        ATTACHMENT_COUNT,
        HAS_ATTACHMENTS,  
        IS_READ,
        IS_STARRED,
        IS_REPLIED, 
        THREAD_FIRST_MESSAGE_AT,           
        THREAD_PARTICIPANT_COUNT, 
    FROM msg_rank WHERE rnk = 1
    )

/* {"app": "dbt", "dbt_version": "1.11.11", "profile_name": "email_project", "target_name": "dev", "node_id": "model.email_project.stg_gmail_data"} */;
[0m20:21:34.397639 [debug] [Thread-2 (]: SQL status: SUCCESS 5672 in 1.338 seconds
[0m20:21:34.431067 [debug] [Thread-2 (]: Sending event: {'category': 'dbt', 'action': 'run_model', 'label': 'bf9f9eb2-f8a0-49f8-bebd-4d6da8458948', 'context': [<snowplow_tracker.self_describing_json.SelfDescribingJson object at 0x0000021BBBE0DCD0>]}
[0m20:21:34.431067 [info ] [Thread-2 (]: 1 of 1 OK created sql table model staging.stg_gmail_data ....................... [[32mSUCCESS 5672[0m in 2.07s]
[0m20:21:34.431067 [debug] [Thread-2 (]: Finished running node model.email_project.stg_gmail_data
[0m20:21:34.431067 [debug] [MainThread]: Connection 'master' was properly closed.
[0m20:21:34.431067 [debug] [MainThread]: Connection 'list_email_db' was left open.
[0m20:21:34.431067 [debug] [MainThread]: On list_email_db: Close
[0m20:21:34.666965 [debug] [MainThread]: Connection 'list_email_db_staging' was left open.
[0m20:21:34.666965 [debug] [MainThread]: On list_email_db_staging: Close
[0m20:21:34.846563 [debug] [MainThread]: Connection 'model.email_project.stg_gmail_data' was left open.
[0m20:21:34.846563 [debug] [MainThread]: On model.email_project.stg_gmail_data: Close
[0m20:21:35.630611 [info ] [MainThread]: 
[0m20:21:35.630611 [info ] [MainThread]: Finished running 1 table model in 0 hours 0 minutes and 4.85 seconds (4.85s).
[0m20:21:35.630611 [debug] [MainThread]: Command end result
[0m20:21:35.671820 [debug] [MainThread]: Wrote artifact WritableManifest to F:\Projects\Data Engg Project\Data Engg Project on Emails - OC\new attempt\email_project\target\manifest.json
[0m20:21:35.671820 [debug] [MainThread]: Wrote artifact SemanticManifest to F:\Projects\Data Engg Project\Data Engg Project on Emails - OC\new attempt\email_project\target\semantic_manifest.json
[0m20:21:35.682425 [debug] [MainThread]: Wrote artifact RunExecutionResult to F:\Projects\Data Engg Project\Data Engg Project on Emails - OC\new attempt\email_project\target\run_results.json
[0m20:21:35.682425 [info ] [MainThread]: 
[0m20:21:35.682425 [info ] [MainThread]: [32mCompleted successfully[0m
[0m20:21:35.682425 [info ] [MainThread]: 
[0m20:21:35.682425 [info ] [MainThread]: Done. PASS=1 WARN=0 ERROR=0 SKIP=0 NO-OP=0 TOTAL=1
[0m20:21:35.682425 [debug] [MainThread]: Command `dbt run` succeeded at 20:21:35.682425 after 6.64 seconds
[0m20:21:35.682425 [debug] [MainThread]: Sending event: {'category': 'dbt', 'action': 'invocation', 'label': 'end', 'context': [<snowplow_tracker.self_describing_json.SelfDescribingJson object at 0x0000021BBBBBE150>, <snowplow_tracker.self_describing_json.SelfDescribingJson object at 0x0000021BBBBBD310>, <snowplow_tracker.self_describing_json.SelfDescribingJson object at 0x0000021BBBC6EE10>]}
[0m20:21:35.682425 [debug] [MainThread]: Flushing usage events
[0m20:21:37.683233 [debug] [MainThread]: An error was encountered while trying to flush usage events
[0m20:28:20.914030 [debug] [MainThread]: Sending event: {'category': 'dbt', 'action': 'invocation', 'label': 'start', 'context': [<snowplow_tracker.self_describing_json.SelfDescribingJson object at 0x00000213A05C4200>, <snowplow_tracker.self_describing_json.SelfDescribingJson object at 0x00000213A05C4950>, <snowplow_tracker.self_describing_json.SelfDescribingJson object at 0x00000213A05C4C80>]}


============================== 20:28:20.914030 | c9913d46-d204-43ad-83ef-512e7e9e97de ==============================
[0m20:28:20.914030 [info ] [MainThread]: Running with dbt=1.11.11
[0m20:28:20.914030 [debug] [MainThread]: running dbt with arguments {'version_check': 'True', 'no_print': 'None', 'static_parser': 'True', 'target_path': 'None', 'warn_error_options': 'WarnErrorOptionsV2(error=[], warn=[], silence=[])', 'printer_width': '80', 'write_json': 'True', 'empty': 'False', 'log_cache_events': 'False', 'introspect': 'True', 'cache_selected_only': 'False', 'fail_fast': 'False', 'debug': 'False', 'log_format': 'default', 'partial_parse': 'True', 'send_anonymous_usage_stats': 'True', 'quiet': 'False', 'warn_error': 'None', 'profiles_dir': 'C:\\Users\\61452\\.dbt', 'indirect_selection': 'eager', 'use_colors': 'True', 'invocation_command': 'dbt run', 'use_experimental_parser': 'False', 'log_path': 'F:\\Projects\\Data Engg Project\\Data Engg Project on Emails - OC\\new attempt\\email_project\\logs'}
[0m20:28:21.509379 [debug] [MainThread]: Snowflake adapter: Setting snowflake.connector to ERROR (file logging only)
[0m20:28:21.509379 [debug] [MainThread]: Snowflake adapter: Setting botocore to ERROR (file logging only)
[0m20:28:21.510361 [debug] [MainThread]: Snowflake adapter: Setting boto3 to ERROR (file logging only)
[0m20:28:21.713277 [debug] [MainThread]: Sending event: {'category': 'dbt', 'action': 'project_id', 'label': 'c9913d46-d204-43ad-83ef-512e7e9e97de', 'context': [<snowplow_tracker.self_describing_json.SelfDescribingJson object at 0x00000213A1A590D0>]}
[0m20:28:21.767326 [debug] [MainThread]: Sending event: {'category': 'dbt', 'action': 'adapter_info', 'label': 'c9913d46-d204-43ad-83ef-512e7e9e97de', 'context': [<snowplow_tracker.self_describing_json.SelfDescribingJson object at 0x00000213A1A5A6F0>]}
[0m20:28:21.767326 [info ] [MainThread]: Registered adapter: snowflake=1.11.6
[0m20:28:22.081055 [debug] [MainThread]: checksum: 30a8cc8fdcbf66701b0944d4ccce3fa46dd04b61e5df68b9f16d57b2e0e3f0be, vars: {}, profile: , target: , version: 1.11.11
[0m20:28:22.222263 [debug] [MainThread]: Partial parsing enabled: 0 files deleted, 0 files added, 0 files changed.
[0m20:28:22.222263 [debug] [MainThread]: Nothing changed, skipping partial parsing.
[0m20:28:22.222263 [debug] [MainThread]: Partial parsing enabled, no changes found, skipping parsing
[0m20:28:22.264096 [debug] [MainThread]: Sending event: {'category': 'dbt', 'action': 'load_project', 'label': 'c9913d46-d204-43ad-83ef-512e7e9e97de', 'context': [<snowplow_tracker.self_describing_json.SelfDescribingJson object at 0x00000213A1B8CEF0>]}
[0m20:28:22.348807 [debug] [MainThread]: Wrote artifact WritableManifest to F:\Projects\Data Engg Project\Data Engg Project on Emails - OC\new attempt\email_project\target\manifest.json
[0m20:28:22.352810 [debug] [MainThread]: Wrote artifact SemanticManifest to F:\Projects\Data Engg Project\Data Engg Project on Emails - OC\new attempt\email_project\target\semantic_manifest.json
[0m20:28:22.367484 [debug] [MainThread]: Sending event: {'category': 'dbt', 'action': 'resource_counts', 'label': 'c9913d46-d204-43ad-83ef-512e7e9e97de', 'context': [<snowplow_tracker.self_describing_json.SelfDescribingJson object at 0x00000213A1DFEED0>]}
[0m20:28:22.367484 [info ] [MainThread]: Found 1 model, 1 source, 538 macros
[0m20:28:22.368485 [debug] [MainThread]: Sending event: {'category': 'dbt', 'action': 'runnable_timing', 'label': 'c9913d46-d204-43ad-83ef-512e7e9e97de', 'context': [<snowplow_tracker.self_describing_json.SelfDescribingJson object at 0x00000213A18FCB30>]}
[0m20:28:22.370502 [info ] [MainThread]: 
[0m20:28:22.370502 [info ] [MainThread]: Concurrency: 1 threads (target='dev')
[0m20:28:22.371503 [info ] [MainThread]: 
[0m20:28:22.371503 [debug] [MainThread]: Acquiring new snowflake connection 'master'
[0m20:28:22.373501 [debug] [ThreadPool]: Acquiring new snowflake connection 'list_email_db'
[0m20:28:22.450433 [debug] [ThreadPool]: Using snowflake connection "list_email_db"
[0m20:28:22.451426 [debug] [ThreadPool]: On list_email_db: show terse schemas in database email_db
    limit 10000
/* {"app": "dbt", "dbt_version": "1.11.11", "profile_name": "email_project", "target_name": "dev", "connection_name": "list_email_db"} */
[0m20:28:22.451426 [debug] [ThreadPool]: Opening a new connection, currently in state init
[0m20:28:23.546665 [debug] [ThreadPool]: SQL status: SUCCESS 4 in 1.095 seconds
[0m20:28:23.550917 [debug] [ThreadPool]: Acquiring new snowflake connection 'list_email_db_staging'
[0m20:28:23.564259 [debug] [ThreadPool]: Using snowflake connection "list_email_db_staging"
[0m20:28:23.564259 [debug] [ThreadPool]: On list_email_db_staging: show objects in email_db.staging
    limit 10000
    

/* {"app": "dbt", "dbt_version": "1.11.11", "profile_name": "email_project", "target_name": "dev", "connection_name": "list_email_db_staging"} */;
[0m20:28:23.564259 [debug] [ThreadPool]: Opening a new connection, currently in state init
[0m20:28:24.447753 [debug] [ThreadPool]: SQL status: SUCCESS 1 in 0.882 seconds
[0m20:28:24.448817 [debug] [MainThread]: Sending event: {'category': 'dbt', 'action': 'runnable_timing', 'label': 'c9913d46-d204-43ad-83ef-512e7e9e97de', 'context': [<snowplow_tracker.self_describing_json.SelfDescribingJson object at 0x00000213A1DFDE20>]}
[0m20:28:24.448817 [debug] [Thread-2 (]: Began running node model.email_project.stg_gmail_data
[0m20:28:24.448817 [info ] [Thread-2 (]: 1 of 1 START sql table model staging.stg_gmail_data ............................ [RUN]
[0m20:28:24.448817 [debug] [Thread-2 (]: Acquiring new snowflake connection 'model.email_project.stg_gmail_data'
[0m20:28:24.448817 [debug] [Thread-2 (]: Began compiling node model.email_project.stg_gmail_data
[0m20:28:24.468589 [debug] [Thread-2 (]: Writing injected SQL for node "model.email_project.stg_gmail_data"
[0m20:28:24.469593 [debug] [Thread-2 (]: Began executing node model.email_project.stg_gmail_data
[0m20:28:24.505791 [debug] [Thread-2 (]: Writing runtime sql for node "model.email_project.stg_gmail_data"
[0m20:28:24.508791 [debug] [Thread-2 (]: Using snowflake connection "model.email_project.stg_gmail_data"
[0m20:28:24.508791 [debug] [Thread-2 (]: On model.email_project.stg_gmail_data: create or replace transient table email_db.staging.stg_gmail_data
    
    
    
    as (
with msg_rank as(
    SELECT 
        --SENDER_RAW,
        LOWER(SENDER_EMAIL) AS sender_email,
        SENDER_DISPLAY_NAME AS SENDER_NAME,
        SENDER_DOMAIN,
        SENDER_DOMAIN_TYPE,
        CASE
            WHEN CC IS NULL THEN 'None'
            ELSE CC
        END AS CC,
        RECIPIENT_COUNT,    
        SUBJECT,    
        TO_DATE(FULL_DATE ,'DD/MM/YYYY') as email_date,
        --YEAR,
        --QUARTER,
        --MONTH,
        --MONTH_NAME,
        --WEEK,
        DAY_OF_WEEK,
        --DAY_NAME,
        --IS_WEEKEND,    
        --FULL_TIME,
        --HOUR,
        --MINUTE,
        --AM_PM,
        --TIME_BUCKET,
        FOLDER,
        SPLIT(ALL_LABELS, ', INBOX')[0] AS ALL_LABELS,    
        SIZE_BYTES,
        ATTACHMENT_COUNT,
        HAS_ATTACHMENTS,  
        IS_READ,
        IS_STARRED,
        IS_REPLIED,   
        --THREAD_SUBJECT,
        TO_TIMESTAMP(THREAD_FIRST_MESSAGE_AT, 'DD/MM/YYYY HH24:MI') AS THREAD_FIRST_MESSAGE_AT,    
        --THREAD_DURATION_SEC,       
        THREAD_PARTICIPANT_COUNT,
        RANK () OVER (PARTITION BY MESSAGE_ID ORDER BY FULL_DATE desc) AS rnk
    from email_db.raw.gmail_data
)
SELECT         
        ROW_NUMBER() OVER (ORDER BY THREAD_FIRST_MESSAGE_AT DESC) AS SL,
        MESSAGE_ID,
        SENDER_NAME,
        sender_email,
        SENDER_DOMAIN,
        SENDER_DOMAIN_TYPE,
        CC,
        RECIPIENT_COUNT,    
        SUBJECT,    
        email_date,
        DAY_OF_WEEK,
        FOLDER,
        ALL_LABELS,
        SPLIT(ALL_LABELS, ',')[0] AS LABEL_1,
        SPLIT(ALL_LABELS, ',')[1] AS LABEL_2,
        SPLIT(ALL_LABELS, ',')[2] AS LABEL_3,
        SPLIT(ALL_LABELS, ',')[3] AS LABEL_4,    
        SIZE_BYTES,
        ATTACHMENT_COUNT,
        HAS_ATTACHMENTS,  
        IS_READ,
        IS_STARRED,
        IS_REPLIED, 
        THREAD_FIRST_MESSAGE_AT,           
        THREAD_PARTICIPANT_COUNT, 
    FROM msg_rank WHERE rnk = 1
    )

/* {"app": "dbt", "dbt_version": "1.11.11", "profile_name": "email_project", "target_name": "dev", "node_id": "model.email_project.stg_gmail_data"} */;
[0m20:28:24.509781 [debug] [Thread-2 (]: Opening a new connection, currently in state init
[0m20:28:24.996353 [debug] [Thread-2 (]: Snowflake adapter: Snowflake query id: 01c5fd0c-0003-776c-0003-44e2000a0bca
[0m20:28:24.997337 [debug] [Thread-2 (]: Snowflake adapter: Snowflake error: 000904 (42000): SQL compilation error: error line 50 at position 8
invalid identifier 'MESSAGE_ID'
[0m20:28:25.000343 [debug] [Thread-2 (]: Database Error in model stg_gmail_data (models\staging\stg_gmail_data.sql)
  000904 (42000): SQL compilation error: error line 50 at position 8
  invalid identifier 'MESSAGE_ID'
  compiled code at target\run\email_project\models\staging\stg_gmail_data.sql
[0m20:28:25.003342 [debug] [Thread-2 (]: Sending event: {'category': 'dbt', 'action': 'run_model', 'label': 'c9913d46-d204-43ad-83ef-512e7e9e97de', 'context': [<snowplow_tracker.self_describing_json.SelfDescribingJson object at 0x00000213A23ED880>]}
[0m20:28:25.004355 [error] [Thread-2 (]: 1 of 1 ERROR creating sql table model staging.stg_gmail_data ................... [[31mERROR[0m in 0.55s]
[0m20:28:25.005339 [debug] [Thread-2 (]: Finished running node model.email_project.stg_gmail_data
[0m20:28:25.006192 [debug] [Thread-5 (]: Marking all children of 'model.email_project.stg_gmail_data' to be skipped because of status 'error'.  Reason: Database Error in model stg_gmail_data (models\staging\stg_gmail_data.sql)
  000904 (42000): SQL compilation error: error line 50 at position 8
  invalid identifier 'MESSAGE_ID'
  compiled code at target\run\email_project\models\staging\stg_gmail_data.sql.
[0m20:28:25.009094 [debug] [MainThread]: Connection 'master' was properly closed.
[0m20:28:25.009094 [debug] [MainThread]: Connection 'list_email_db' was left open.
[0m20:28:25.010085 [debug] [MainThread]: On list_email_db: Close
[0m20:28:25.198524 [debug] [MainThread]: Connection 'list_email_db_staging' was left open.
[0m20:28:25.198524 [debug] [MainThread]: On list_email_db_staging: Close
[0m20:28:25.437357 [debug] [MainThread]: Connection 'model.email_project.stg_gmail_data' was left open.
[0m20:28:25.437357 [debug] [MainThread]: On model.email_project.stg_gmail_data: Close
[0m20:28:25.653200 [info ] [MainThread]: 
[0m20:28:25.654200 [info ] [MainThread]: Finished running 1 table model in 0 hours 0 minutes and 3.28 seconds (3.28s).
[0m20:28:25.655215 [debug] [MainThread]: Command end result
[0m20:28:25.688115 [debug] [MainThread]: Wrote artifact WritableManifest to F:\Projects\Data Engg Project\Data Engg Project on Emails - OC\new attempt\email_project\target\manifest.json
[0m20:28:25.688115 [debug] [MainThread]: Wrote artifact SemanticManifest to F:\Projects\Data Engg Project\Data Engg Project on Emails - OC\new attempt\email_project\target\semantic_manifest.json
[0m20:28:25.697482 [debug] [MainThread]: Wrote artifact RunExecutionResult to F:\Projects\Data Engg Project\Data Engg Project on Emails - OC\new attempt\email_project\target\run_results.json
[0m20:28:25.698500 [info ] [MainThread]: 
[0m20:28:25.700176 [info ] [MainThread]: [31mCompleted with 1 error, 0 partial successes, and 0 warnings:[0m
[0m20:28:25.700176 [info ] [MainThread]: 
[0m20:28:25.700176 [error] [MainThread]: [31mFailure in model stg_gmail_data (models\staging\stg_gmail_data.sql)[0m
[0m20:28:25.700176 [error] [MainThread]:   Database Error in model stg_gmail_data (models\staging\stg_gmail_data.sql)
  000904 (42000): SQL compilation error: error line 50 at position 8
  invalid identifier 'MESSAGE_ID'
  compiled code at target\run\email_project\models\staging\stg_gmail_data.sql
[0m20:28:25.700176 [info ] [MainThread]: 
[0m20:28:25.700176 [info ] [MainThread]:   compiled code at target\compiled\email_project\models\staging\stg_gmail_data.sql
[0m20:28:25.700176 [info ] [MainThread]: 
[0m20:28:25.700176 [info ] [MainThread]: Done. PASS=0 WARN=0 ERROR=1 SKIP=0 NO-OP=0 TOTAL=1
[0m20:28:25.707683 [debug] [MainThread]: Command `dbt run` failed at 20:28:25.707683 after 4.94 seconds
[0m20:28:25.708705 [debug] [MainThread]: Sending event: {'category': 'dbt', 'action': 'invocation', 'label': 'end', 'context': [<snowplow_tracker.self_describing_json.SelfDescribingJson object at 0x000002139EADD430>, <snowplow_tracker.self_describing_json.SelfDescribingJson object at 0x000002139EDC79B0>, <snowplow_tracker.self_describing_json.SelfDescribingJson object at 0x000002139E672B40>]}
[0m20:28:25.708705 [debug] [MainThread]: Flushing usage events
[0m20:28:27.731702 [debug] [MainThread]: An error was encountered while trying to flush usage events
[0m20:32:58.314893 [debug] [MainThread]: Sending event: {'category': 'dbt', 'action': 'invocation', 'label': 'start', 'context': [<snowplow_tracker.self_describing_json.SelfDescribingJson object at 0x000001ECAEE06060>, <snowplow_tracker.self_describing_json.SelfDescribingJson object at 0x000001ECAE58ACC0>, <snowplow_tracker.self_describing_json.SelfDescribingJson object at 0x000001ECAE58AE40>]}


============================== 20:32:58.314893 | 14d9411e-9307-44af-a2bf-66c71cb9a7e0 ==============================
[0m20:32:58.314893 [info ] [MainThread]: Running with dbt=1.11.11
[0m20:32:58.314893 [debug] [MainThread]: running dbt with arguments {'static_parser': 'True', 'no_print': 'None', 'version_check': 'True', 'warn_error_options': 'WarnErrorOptionsV2(error=[], warn=[], silence=[])', 'target_path': 'None', 'printer_width': '80', 'write_json': 'True', 'empty': 'False', 'log_cache_events': 'False', 'introspect': 'True', 'cache_selected_only': 'False', 'log_format': 'default', 'debug': 'False', 'fail_fast': 'False', 'partial_parse': 'True', 'send_anonymous_usage_stats': 'True', 'quiet': 'False', 'warn_error': 'None', 'profiles_dir': 'C:\\Users\\61452\\.dbt', 'invocation_command': 'dbt run', 'indirect_selection': 'eager', 'use_colors': 'True', 'use_experimental_parser': 'False', 'log_path': 'F:\\Projects\\Data Engg Project\\Data Engg Project on Emails - OC\\new attempt\\email_project\\logs'}
[0m20:32:58.914879 [debug] [MainThread]: Snowflake adapter: Setting snowflake.connector to ERROR (file logging only)
[0m20:32:58.914879 [debug] [MainThread]: Snowflake adapter: Setting botocore to ERROR (file logging only)
[0m20:32:58.914879 [debug] [MainThread]: Snowflake adapter: Setting boto3 to ERROR (file logging only)
[0m20:32:59.131730 [debug] [MainThread]: Sending event: {'category': 'dbt', 'action': 'project_id', 'label': '14d9411e-9307-44af-a2bf-66c71cb9a7e0', 'context': [<snowplow_tracker.self_describing_json.SelfDescribingJson object at 0x000001ECB17E4320>]}
[0m20:32:59.198688 [debug] [MainThread]: Sending event: {'category': 'dbt', 'action': 'adapter_info', 'label': '14d9411e-9307-44af-a2bf-66c71cb9a7e0', 'context': [<snowplow_tracker.self_describing_json.SelfDescribingJson object at 0x000001ECB16BFB30>]}
[0m20:32:59.198688 [info ] [MainThread]: Registered adapter: snowflake=1.11.6
[0m20:32:59.519646 [debug] [MainThread]: checksum: 30a8cc8fdcbf66701b0944d4ccce3fa46dd04b61e5df68b9f16d57b2e0e3f0be, vars: {}, profile: , target: , version: 1.11.11
[0m20:32:59.631725 [debug] [MainThread]: Partial parsing enabled: 0 files deleted, 0 files added, 0 files changed.
[0m20:32:59.631725 [debug] [MainThread]: Nothing changed, skipping partial parsing.
[0m20:32:59.631725 [debug] [MainThread]: Partial parsing enabled, no changes found, skipping parsing
[0m20:32:59.680352 [debug] [MainThread]: Sending event: {'category': 'dbt', 'action': 'load_project', 'label': '14d9411e-9307-44af-a2bf-66c71cb9a7e0', 'context': [<snowplow_tracker.self_describing_json.SelfDescribingJson object at 0x000001ECB1988290>]}
[0m20:32:59.765008 [debug] [MainThread]: Wrote artifact WritableManifest to F:\Projects\Data Engg Project\Data Engg Project on Emails - OC\new attempt\email_project\target\manifest.json
[0m20:32:59.765008 [debug] [MainThread]: Wrote artifact SemanticManifest to F:\Projects\Data Engg Project\Data Engg Project on Emails - OC\new attempt\email_project\target\semantic_manifest.json
[0m20:32:59.781986 [debug] [MainThread]: Sending event: {'category': 'dbt', 'action': 'resource_counts', 'label': '14d9411e-9307-44af-a2bf-66c71cb9a7e0', 'context': [<snowplow_tracker.self_describing_json.SelfDescribingJson object at 0x000001ECB1C1EE10>]}
[0m20:32:59.781986 [info ] [MainThread]: Found 1 model, 1 source, 538 macros
[0m20:32:59.781986 [debug] [MainThread]: Sending event: {'category': 'dbt', 'action': 'runnable_timing', 'label': '14d9411e-9307-44af-a2bf-66c71cb9a7e0', 'context': [<snowplow_tracker.self_describing_json.SelfDescribingJson object at 0x000001ECB1C0E9F0>]}
[0m20:32:59.785913 [info ] [MainThread]: 
[0m20:32:59.785913 [info ] [MainThread]: Concurrency: 1 threads (target='dev')
[0m20:32:59.786902 [info ] [MainThread]: 
[0m20:32:59.786902 [debug] [MainThread]: Acquiring new snowflake connection 'master'
[0m20:32:59.786902 [debug] [ThreadPool]: Acquiring new snowflake connection 'list_email_db'
[0m20:32:59.897918 [debug] [ThreadPool]: Using snowflake connection "list_email_db"
[0m20:32:59.897918 [debug] [ThreadPool]: On list_email_db: show terse schemas in database email_db
    limit 10000
/* {"app": "dbt", "dbt_version": "1.11.11", "profile_name": "email_project", "target_name": "dev", "connection_name": "list_email_db"} */
[0m20:32:59.897918 [debug] [ThreadPool]: Opening a new connection, currently in state init
[0m20:33:00.931551 [debug] [ThreadPool]: SQL status: SUCCESS 4 in 1.036 seconds
[0m20:33:00.931551 [debug] [ThreadPool]: Acquiring new snowflake connection 'list_email_db_staging'
[0m20:33:00.948607 [debug] [ThreadPool]: Using snowflake connection "list_email_db_staging"
[0m20:33:00.948607 [debug] [ThreadPool]: On list_email_db_staging: show objects in email_db.staging
    limit 10000
    

/* {"app": "dbt", "dbt_version": "1.11.11", "profile_name": "email_project", "target_name": "dev", "connection_name": "list_email_db_staging"} */;
[0m20:33:00.948607 [debug] [ThreadPool]: Opening a new connection, currently in state init
[0m20:33:01.481936 [debug] [ThreadPool]: SQL status: SUCCESS 1 in 0.533 seconds
[0m20:33:01.481936 [debug] [MainThread]: Sending event: {'category': 'dbt', 'action': 'runnable_timing', 'label': '14d9411e-9307-44af-a2bf-66c71cb9a7e0', 'context': [<snowplow_tracker.self_describing_json.SelfDescribingJson object at 0x000001ECB1DC3B60>]}
[0m20:33:01.503694 [debug] [Thread-2 (]: Began running node model.email_project.stg_gmail_data
[0m20:33:01.503694 [info ] [Thread-2 (]: 1 of 1 START sql table model staging.stg_gmail_data ............................ [RUN]
[0m20:33:01.504698 [debug] [Thread-2 (]: Acquiring new snowflake connection 'model.email_project.stg_gmail_data'
[0m20:33:01.504698 [debug] [Thread-2 (]: Began compiling node model.email_project.stg_gmail_data
[0m20:33:01.504698 [debug] [Thread-2 (]: Writing injected SQL for node "model.email_project.stg_gmail_data"
[0m20:33:01.514661 [debug] [Thread-2 (]: Began executing node model.email_project.stg_gmail_data
[0m20:33:01.552689 [debug] [Thread-2 (]: Writing runtime sql for node "model.email_project.stg_gmail_data"
[0m20:33:01.555689 [debug] [Thread-2 (]: Using snowflake connection "model.email_project.stg_gmail_data"
[0m20:33:01.556705 [debug] [Thread-2 (]: On model.email_project.stg_gmail_data: create or replace transient table email_db.staging.stg_gmail_data
    
    
    
    as (
with msg_rank as(
    SELECT 
        MESSAGE_ID,
        --SENDER_RAW,
        LOWER(SENDER_EMAIL) AS sender_email,
        SENDER_DISPLAY_NAME AS SENDER_NAME,
        SENDER_DOMAIN,
        SENDER_DOMAIN_TYPE,
        CASE
            WHEN CC IS NULL THEN 'None'
            ELSE CC
        END AS CC,
        RECIPIENT_COUNT,    
        SUBJECT,    
        TO_DATE(FULL_DATE ,'DD/MM/YYYY') as email_date,
        --YEAR,
        --QUARTER,
        --MONTH,
        --MONTH_NAME,
        --WEEK,
        DAY_OF_WEEK,
        --DAY_NAME,
        --IS_WEEKEND,    
        --FULL_TIME,
        --HOUR,
        --MINUTE,
        --AM_PM,
        --TIME_BUCKET,
        FOLDER,
        SPLIT(ALL_LABELS, ', INBOX')[0] AS ALL_LABELS,    
        SIZE_BYTES,
        ATTACHMENT_COUNT,
        HAS_ATTACHMENTS,  
        IS_READ,
        IS_STARRED,
        IS_REPLIED,   
        --THREAD_SUBJECT,
        TO_TIMESTAMP(THREAD_FIRST_MESSAGE_AT, 'DD/MM/YYYY HH24:MI') AS THREAD_FIRST_MESSAGE_AT,    
        --THREAD_DURATION_SEC,       
        THREAD_PARTICIPANT_COUNT,
        RANK () OVER (PARTITION BY MESSAGE_ID ORDER BY FULL_DATE desc) AS rnk
    from email_db.raw.gmail_data
)
SELECT         
        ROW_NUMBER() OVER (ORDER BY THREAD_FIRST_MESSAGE_AT DESC) AS SL,
        MESSAGE_ID,
        SENDER_NAME,
        sender_email,
        SENDER_DOMAIN,
        SENDER_DOMAIN_TYPE,
        CC,
        RECIPIENT_COUNT,    
        SUBJECT,    
        email_date,
        DAY_OF_WEEK,
        FOLDER,
        ALL_LABELS,
        SPLIT(ALL_LABELS, ',')[0] AS LABEL_1,
        SPLIT(ALL_LABELS, ',')[1] AS LABEL_2,
        SPLIT(ALL_LABELS, ',')[2] AS LABEL_3,
        SPLIT(ALL_LABELS, ',')[3] AS LABEL_4,    
        SIZE_BYTES,
        ATTACHMENT_COUNT,
        HAS_ATTACHMENTS,  
        IS_READ,
        IS_STARRED,
        IS_REPLIED, 
        THREAD_FIRST_MESSAGE_AT,           
        THREAD_PARTICIPANT_COUNT, 
    FROM msg_rank WHERE rnk = 1
    )

/* {"app": "dbt", "dbt_version": "1.11.11", "profile_name": "email_project", "target_name": "dev", "node_id": "model.email_project.stg_gmail_data"} */;
[0m20:33:01.556705 [debug] [Thread-2 (]: Opening a new connection, currently in state init
[0m20:33:04.068551 [debug] [Thread-2 (]: SQL status: SUCCESS 5672 in 2.520 seconds
[0m20:33:04.098637 [debug] [Thread-2 (]: Sending event: {'category': 'dbt', 'action': 'run_model', 'label': '14d9411e-9307-44af-a2bf-66c71cb9a7e0', 'context': [<snowplow_tracker.self_describing_json.SelfDescribingJson object at 0x000001ECAF4ADDC0>]}
[0m20:33:04.098637 [info ] [Thread-2 (]: 1 of 1 OK created sql table model staging.stg_gmail_data ....................... [[32mSUCCESS 5672[0m in 2.59s]
[0m20:33:04.098637 [debug] [Thread-2 (]: Finished running node model.email_project.stg_gmail_data
[0m20:33:04.098637 [debug] [MainThread]: Connection 'master' was properly closed.
[0m20:33:04.098637 [debug] [MainThread]: Connection 'list_email_db' was left open.
[0m20:33:04.098637 [debug] [MainThread]: On list_email_db: Close
[0m20:33:04.318021 [debug] [MainThread]: Connection 'list_email_db_staging' was left open.
[0m20:33:04.318021 [debug] [MainThread]: On list_email_db_staging: Close
[0m20:33:04.554835 [debug] [MainThread]: Connection 'model.email_project.stg_gmail_data' was left open.
[0m20:33:04.555837 [debug] [MainThread]: On model.email_project.stg_gmail_data: Close
[0m20:33:04.770813 [info ] [MainThread]: 
[0m20:33:04.772962 [info ] [MainThread]: Finished running 1 table model in 0 hours 0 minutes and 4.98 seconds (4.98s).
[0m20:33:04.774973 [debug] [MainThread]: Command end result
[0m20:33:04.826988 [debug] [MainThread]: Wrote artifact WritableManifest to F:\Projects\Data Engg Project\Data Engg Project on Emails - OC\new attempt\email_project\target\manifest.json
[0m20:33:04.833087 [debug] [MainThread]: Wrote artifact SemanticManifest to F:\Projects\Data Engg Project\Data Engg Project on Emails - OC\new attempt\email_project\target\semantic_manifest.json
[0m20:33:04.840094 [debug] [MainThread]: Wrote artifact RunExecutionResult to F:\Projects\Data Engg Project\Data Engg Project on Emails - OC\new attempt\email_project\target\run_results.json
[0m20:33:04.840094 [info ] [MainThread]: 
[0m20:33:04.841100 [info ] [MainThread]: [32mCompleted successfully[0m
[0m20:33:04.842099 [info ] [MainThread]: 
[0m20:33:04.842099 [info ] [MainThread]: Done. PASS=1 WARN=0 ERROR=0 SKIP=0 NO-OP=0 TOTAL=1
[0m20:33:04.843101 [debug] [MainThread]: Command `dbt run` succeeded at 20:33:04.843101 after 6.67 seconds
[0m20:33:04.843101 [debug] [MainThread]: Sending event: {'category': 'dbt', 'action': 'invocation', 'label': 'end', 'context': [<snowplow_tracker.self_describing_json.SelfDescribingJson object at 0x000001ECAB46B410>, <snowplow_tracker.self_describing_json.SelfDescribingJson object at 0x000001ECAF258920>, <snowplow_tracker.self_describing_json.SelfDescribingJson object at 0x000001ECAF259490>]}
[0m20:33:04.844099 [debug] [MainThread]: Flushing usage events
[0m20:33:06.115628 [debug] [MainThread]: An error was encountered while trying to flush usage events
[0m20:37:58.171969 [debug] [MainThread]: Sending event: {'category': 'dbt', 'action': 'invocation', 'label': 'start', 'context': [<snowplow_tracker.self_describing_json.SelfDescribingJson object at 0x000001604ADA7050>, <snowplow_tracker.self_describing_json.SelfDescribingJson object at 0x000001604B89F020>, <snowplow_tracker.self_describing_json.SelfDescribingJson object at 0x000001604B89CDA0>]}


============================== 20:37:58.177154 | fc579c65-9147-4f88-8e30-08b47e0e8358 ==============================
[0m20:37:58.177154 [info ] [MainThread]: Running with dbt=1.11.11
[0m20:37:58.178163 [debug] [MainThread]: running dbt with arguments {'version_check': 'True', 'no_print': 'None', 'static_parser': 'True', 'target_path': 'None', 'warn_error_options': 'WarnErrorOptionsV2(error=[], warn=[], silence=[])', 'printer_width': '80', 'write_json': 'True', 'introspect': 'True', 'log_cache_events': 'False', 'empty': 'False', 'cache_selected_only': 'False', 'fail_fast': 'False', 'debug': 'False', 'log_format': 'default', 'partial_parse': 'True', 'send_anonymous_usage_stats': 'True', 'quiet': 'False', 'warn_error': 'None', 'profiles_dir': 'C:\\Users\\61452\\.dbt', 'indirect_selection': 'eager', 'use_colors': 'True', 'invocation_command': 'dbt run', 'use_experimental_parser': 'False', 'log_path': 'F:\\Projects\\Data Engg Project\\Data Engg Project on Emails - OC\\new attempt\\email_project\\logs'}
[0m20:37:58.764888 [debug] [MainThread]: Snowflake adapter: Setting snowflake.connector to ERROR (file logging only)
[0m20:37:58.764888 [debug] [MainThread]: Snowflake adapter: Setting botocore to ERROR (file logging only)
[0m20:37:58.764888 [debug] [MainThread]: Snowflake adapter: Setting boto3 to ERROR (file logging only)
[0m20:37:59.072240 [debug] [MainThread]: Sending event: {'category': 'dbt', 'action': 'project_id', 'label': 'fc579c65-9147-4f88-8e30-08b47e0e8358', 'context': [<snowplow_tracker.self_describing_json.SelfDescribingJson object at 0x0000016050EC3AD0>]}
[0m20:37:59.150428 [debug] [MainThread]: Sending event: {'category': 'dbt', 'action': 'adapter_info', 'label': 'fc579c65-9147-4f88-8e30-08b47e0e8358', 'context': [<snowplow_tracker.self_describing_json.SelfDescribingJson object at 0x000001604FC32480>]}
[0m20:37:59.150428 [info ] [MainThread]: Registered adapter: snowflake=1.11.6
[0m20:37:59.500819 [debug] [MainThread]: checksum: 30a8cc8fdcbf66701b0944d4ccce3fa46dd04b61e5df68b9f16d57b2e0e3f0be, vars: {}, profile: , target: , version: 1.11.11
[0m20:37:59.634584 [debug] [MainThread]: Partial parsing enabled: 0 files deleted, 0 files added, 0 files changed.
[0m20:37:59.634584 [debug] [MainThread]: Nothing changed, skipping partial parsing.
[0m20:37:59.635616 [debug] [MainThread]: Partial parsing enabled, no changes found, skipping parsing
[0m20:37:59.665294 [debug] [MainThread]: Sending event: {'category': 'dbt', 'action': 'load_project', 'label': 'fc579c65-9147-4f88-8e30-08b47e0e8358', 'context': [<snowplow_tracker.self_describing_json.SelfDescribingJson object at 0x00000160511EAD80>]}
[0m20:37:59.765415 [debug] [MainThread]: Wrote artifact WritableManifest to F:\Projects\Data Engg Project\Data Engg Project on Emails - OC\new attempt\email_project\target\manifest.json
[0m20:37:59.765415 [debug] [MainThread]: Wrote artifact SemanticManifest to F:\Projects\Data Engg Project\Data Engg Project on Emails - OC\new attempt\email_project\target\semantic_manifest.json
[0m20:37:59.781768 [debug] [MainThread]: Sending event: {'category': 'dbt', 'action': 'resource_counts', 'label': 'fc579c65-9147-4f88-8e30-08b47e0e8358', 'context': [<snowplow_tracker.self_describing_json.SelfDescribingJson object at 0x000001605145ECF0>]}
[0m20:37:59.781768 [info ] [MainThread]: Found 1 model, 1 source, 538 macros
[0m20:37:59.781768 [debug] [MainThread]: Sending event: {'category': 'dbt', 'action': 'runnable_timing', 'label': 'fc579c65-9147-4f88-8e30-08b47e0e8358', 'context': [<snowplow_tracker.self_describing_json.SelfDescribingJson object at 0x00000160513A80E0>]}
[0m20:37:59.789325 [info ] [MainThread]: 
[0m20:37:59.789325 [info ] [MainThread]: Concurrency: 1 threads (target='dev')
[0m20:37:59.789325 [info ] [MainThread]: 
[0m20:37:59.789325 [debug] [MainThread]: Acquiring new snowflake connection 'master'
[0m20:37:59.789325 [debug] [ThreadPool]: Acquiring new snowflake connection 'list_email_db'
[0m20:37:59.866470 [debug] [ThreadPool]: Using snowflake connection "list_email_db"
[0m20:37:59.866470 [debug] [ThreadPool]: On list_email_db: show terse schemas in database email_db
    limit 10000
/* {"app": "dbt", "dbt_version": "1.11.11", "profile_name": "email_project", "target_name": "dev", "connection_name": "list_email_db"} */
[0m20:37:59.866470 [debug] [ThreadPool]: Opening a new connection, currently in state init
[0m20:38:00.864805 [debug] [ThreadPool]: SQL status: SUCCESS 4 in 0.994 seconds
[0m20:38:00.867688 [debug] [ThreadPool]: Acquiring new snowflake connection 'list_email_db_staging'
[0m20:38:00.869694 [debug] [ThreadPool]: Using snowflake connection "list_email_db_staging"
[0m20:38:00.881543 [debug] [ThreadPool]: On list_email_db_staging: show objects in email_db.staging
    limit 10000
    

/* {"app": "dbt", "dbt_version": "1.11.11", "profile_name": "email_project", "target_name": "dev", "connection_name": "list_email_db_staging"} */;
[0m20:38:00.882702 [debug] [ThreadPool]: Opening a new connection, currently in state init
[0m20:38:01.787776 [debug] [ThreadPool]: SQL status: SUCCESS 1 in 0.910 seconds
[0m20:38:01.787776 [debug] [MainThread]: Sending event: {'category': 'dbt', 'action': 'runnable_timing', 'label': 'fc579c65-9147-4f88-8e30-08b47e0e8358', 'context': [<snowplow_tracker.self_describing_json.SelfDescribingJson object at 0x00000160511E9E80>]}
[0m20:38:01.798416 [debug] [Thread-2 (]: Began running node model.email_project.stg_gmail_data
[0m20:38:01.798416 [info ] [Thread-2 (]: 1 of 1 START sql table model staging.stg_gmail_data ............................ [RUN]
[0m20:38:01.798416 [debug] [Thread-2 (]: Acquiring new snowflake connection 'model.email_project.stg_gmail_data'
[0m20:38:01.798416 [debug] [Thread-2 (]: Began compiling node model.email_project.stg_gmail_data
[0m20:38:01.798416 [debug] [Thread-2 (]: Writing injected SQL for node "model.email_project.stg_gmail_data"
[0m20:38:01.798416 [debug] [Thread-2 (]: Began executing node model.email_project.stg_gmail_data
[0m20:38:01.833559 [debug] [Thread-2 (]: Writing runtime sql for node "model.email_project.stg_gmail_data"
[0m20:38:01.849768 [debug] [Thread-2 (]: Using snowflake connection "model.email_project.stg_gmail_data"
[0m20:38:01.850775 [debug] [Thread-2 (]: On model.email_project.stg_gmail_data: create or replace transient table email_db.staging.stg_gmail_data
    
    
    
    as (
with msg_rank as(
    SELECT 
        MESSAGE_ID,
        --SENDER_RAW,
        LOWER(SENDER_EMAIL) AS sender_email,
        SENDER_DISPLAY_NAME AS SENDER_NAME,
        SENDER_DOMAIN,
        SENDER_DOMAIN_TYPE,
        CASE
            WHEN CC IS NULL THEN 'None'
            ELSE CC
        END AS CC,
        RECIPIENT_COUNT,    
        SUBJECT,    
        TO_DATE(FULL_DATE ,'DD/MM/YYYY') as email_date,
        --YEAR,
        --QUARTER,
        --MONTH,
        --MONTH_NAME,
        --WEEK,
        DAY_OF_WEEK,
        --DAY_NAME,
        --IS_WEEKEND,    
        --FULL_TIME,
        --HOUR,
        --MINUTE,
        --AM_PM,
        --TIME_BUCKET,
        FOLDER,
        SPLIT(ALL_LABELS, ', INBOX')[0] AS ALL_LABELS,    
        SIZE_BYTES,
        ATTACHMENT_COUNT,
        HAS_ATTACHMENTS,  
        IS_READ,
        IS_STARRED,
        IS_REPLIED,   
        --THREAD_SUBJECT,
        TO_TIMESTAMP(THREAD_FIRST_MESSAGE_AT, 'DD/MM/YYYY HH24:MI') AS THREAD_FIRST_MESSAGE_AT,    
        --THREAD_DURATION_SEC,       
        THREAD_PARTICIPANT_COUNT,
        RANK () OVER (PARTITION BY MESSAGE_ID ORDER BY FULL_DATE desc) AS rnk
    from email_db.raw.gmail_data
)
SELECT         
        ROW_NUMBER() OVER (ORDER BY THREAD_FIRST_MESSAGE_AT DESC) AS SL,
        SENDER_NAME,
        sender_email,
        SENDER_DOMAIN,
        SENDER_DOMAIN_TYPE,
        CC,
        RECIPIENT_COUNT,    
        SUBJECT,    
        email_date,
        DAY_OF_WEEK,
        FOLDER,
        ALL_LABELS,
        SPLIT(ALL_LABELS, ',')[0] AS LABEL_1,
        SPLIT(ALL_LABELS, ',')[1] AS LABEL_2,
        SPLIT(ALL_LABELS, ',')[2] AS LABEL_3,
        SPLIT(ALL_LABELS, ',')[3] AS LABEL_4,    
        SIZE_BYTES,
        ATTACHMENT_COUNT,
        HAS_ATTACHMENTS,  
        IS_READ,
        IS_STARRED,
        IS_REPLIED, 
        SPLIT(THREAD_FIRST_MESSAGE_AT, ' ')[0] AS RECEIVE_DATE,
        SPLIT(THREAD_FIRST_MESSAGE_AT, ' ')[1] AS RECEIVE_TIME,           
        THREAD_PARTICIPANT_COUNT, 
    FROM msg_rank WHERE rnk = 1
    )

/* {"app": "dbt", "dbt_version": "1.11.11", "profile_name": "email_project", "target_name": "dev", "node_id": "model.email_project.stg_gmail_data"} */;
[0m20:38:01.851767 [debug] [Thread-2 (]: Opening a new connection, currently in state init
[0m20:38:03.406468 [debug] [Thread-2 (]: SQL status: SUCCESS 5672 in 1.555 seconds
[0m20:38:03.437500 [debug] [Thread-2 (]: Sending event: {'category': 'dbt', 'action': 'run_model', 'label': 'fc579c65-9147-4f88-8e30-08b47e0e8358', 'context': [<snowplow_tracker.self_describing_json.SelfDescribingJson object at 0x000001604FCADFD0>]}
[0m20:38:03.437500 [info ] [Thread-2 (]: 1 of 1 OK created sql table model staging.stg_gmail_data ....................... [[32mSUCCESS 5672[0m in 1.64s]
[0m20:38:03.441680 [debug] [Thread-2 (]: Finished running node model.email_project.stg_gmail_data
[0m20:38:03.441680 [debug] [MainThread]: Connection 'master' was properly closed.
[0m20:38:03.441680 [debug] [MainThread]: Connection 'list_email_db' was left open.
[0m20:38:03.441680 [debug] [MainThread]: On list_email_db: Close
[0m20:38:03.629169 [debug] [MainThread]: Connection 'list_email_db_staging' was left open.
[0m20:38:03.630168 [debug] [MainThread]: On list_email_db_staging: Close
[0m20:38:03.816461 [debug] [MainThread]: Connection 'model.email_project.stg_gmail_data' was left open.
[0m20:38:03.816461 [debug] [MainThread]: On model.email_project.stg_gmail_data: Close
[0m20:38:04.010180 [info ] [MainThread]: 
[0m20:38:04.011190 [info ] [MainThread]: Finished running 1 table model in 0 hours 0 minutes and 4.22 seconds (4.22s).
[0m20:38:04.012193 [debug] [MainThread]: Command end result
[0m20:38:04.045201 [debug] [MainThread]: Wrote artifact WritableManifest to F:\Projects\Data Engg Project\Data Engg Project on Emails - OC\new attempt\email_project\target\manifest.json
[0m20:38:04.050178 [debug] [MainThread]: Wrote artifact SemanticManifest to F:\Projects\Data Engg Project\Data Engg Project on Emails - OC\new attempt\email_project\target\semantic_manifest.json
[0m20:38:04.057196 [debug] [MainThread]: Wrote artifact RunExecutionResult to F:\Projects\Data Engg Project\Data Engg Project on Emails - OC\new attempt\email_project\target\run_results.json
[0m20:38:04.057196 [info ] [MainThread]: 
[0m20:38:04.058194 [info ] [MainThread]: [32mCompleted successfully[0m
[0m20:38:04.059196 [info ] [MainThread]: 
[0m20:38:04.059196 [info ] [MainThread]: Done. PASS=1 WARN=0 ERROR=0 SKIP=0 NO-OP=0 TOTAL=1
[0m20:38:04.060193 [debug] [MainThread]: Command `dbt run` succeeded at 20:38:04.060193 after 6.06 seconds
[0m20:38:04.061193 [debug] [MainThread]: Sending event: {'category': 'dbt', 'action': 'invocation', 'label': 'end', 'context': [<snowplow_tracker.self_describing_json.SelfDescribingJson object at 0x00000160518E2AB0>, <snowplow_tracker.self_describing_json.SelfDescribingJson object at 0x0000016050516180>, <snowplow_tracker.self_describing_json.SelfDescribingJson object at 0x000001604FC070B0>]}
[0m20:38:04.061193 [debug] [MainThread]: Flushing usage events
[0m20:38:06.149099 [debug] [MainThread]: An error was encountered while trying to flush usage events
[0m20:39:10.592244 [debug] [MainThread]: Sending event: {'category': 'dbt', 'action': 'invocation', 'label': 'start', 'context': [<snowplow_tracker.self_describing_json.SelfDescribingJson object at 0x000001D8D1E553D0>, <snowplow_tracker.self_describing_json.SelfDescribingJson object at 0x000001D8D4DE6A50>, <snowplow_tracker.self_describing_json.SelfDescribingJson object at 0x000001D8D4DE6540>]}


============================== 20:39:10.598345 | f283f0a5-e92b-46e8-9823-310673a26006 ==============================
[0m20:39:10.598345 [info ] [MainThread]: Running with dbt=1.11.11
[0m20:39:10.599353 [debug] [MainThread]: running dbt with arguments {'version_check': 'True', 'no_print': 'None', 'static_parser': 'True', 'warn_error_options': 'WarnErrorOptionsV2(error=[], warn=[], silence=[])', 'target_path': 'None', 'printer_width': '80', 'write_json': 'True', 'introspect': 'True', 'log_cache_events': 'False', 'empty': 'False', 'cache_selected_only': 'False', 'log_format': 'default', 'debug': 'False', 'fail_fast': 'False', 'profiles_dir': 'C:\\Users\\61452\\.dbt', 'send_anonymous_usage_stats': 'True', 'quiet': 'False', 'warn_error': 'None', 'partial_parse': 'True', 'use_colors': 'True', 'invocation_command': 'dbt run', 'indirect_selection': 'eager', 'use_experimental_parser': 'False', 'log_path': 'F:\\Projects\\Data Engg Project\\Data Engg Project on Emails - OC\\new attempt\\email_project\\logs'}
[0m20:39:11.215146 [debug] [MainThread]: Snowflake adapter: Setting snowflake.connector to ERROR (file logging only)
[0m20:39:11.215146 [debug] [MainThread]: Snowflake adapter: Setting botocore to ERROR (file logging only)
[0m20:39:11.215146 [debug] [MainThread]: Snowflake adapter: Setting boto3 to ERROR (file logging only)
[0m20:39:11.448845 [debug] [MainThread]: Sending event: {'category': 'dbt', 'action': 'project_id', 'label': 'f283f0a5-e92b-46e8-9823-310673a26006', 'context': [<snowplow_tracker.self_describing_json.SelfDescribingJson object at 0x000001D8D54CEF60>]}
[0m20:39:11.518845 [debug] [MainThread]: Sending event: {'category': 'dbt', 'action': 'adapter_info', 'label': 'f283f0a5-e92b-46e8-9823-310673a26006', 'context': [<snowplow_tracker.self_describing_json.SelfDescribingJson object at 0x000001D8D53D42F0>]}
[0m20:39:11.519840 [info ] [MainThread]: Registered adapter: snowflake=1.11.6
[0m20:39:11.886141 [debug] [MainThread]: checksum: 30a8cc8fdcbf66701b0944d4ccce3fa46dd04b61e5df68b9f16d57b2e0e3f0be, vars: {}, profile: , target: , version: 1.11.11
[0m20:39:12.009700 [debug] [MainThread]: Partial parsing enabled: 0 files deleted, 0 files added, 0 files changed.
[0m20:39:12.009700 [debug] [MainThread]: Nothing changed, skipping partial parsing.
[0m20:39:12.010707 [debug] [MainThread]: Partial parsing enabled, no changes found, skipping parsing
[0m20:39:12.045769 [debug] [MainThread]: Sending event: {'category': 'dbt', 'action': 'load_project', 'label': 'f283f0a5-e92b-46e8-9823-310673a26006', 'context': [<snowplow_tracker.self_describing_json.SelfDescribingJson object at 0x000001D8D6DDCCE0>]}
[0m20:39:12.114825 [debug] [MainThread]: Wrote artifact WritableManifest to F:\Projects\Data Engg Project\Data Engg Project on Emails - OC\new attempt\email_project\target\manifest.json
[0m20:39:12.131662 [debug] [MainThread]: Wrote artifact SemanticManifest to F:\Projects\Data Engg Project\Data Engg Project on Emails - OC\new attempt\email_project\target\semantic_manifest.json
[0m20:39:12.131662 [debug] [MainThread]: Sending event: {'category': 'dbt', 'action': 'resource_counts', 'label': 'f283f0a5-e92b-46e8-9823-310673a26006', 'context': [<snowplow_tracker.self_describing_json.SelfDescribingJson object at 0x000001D8D859EE40>]}
[0m20:39:12.147183 [info ] [MainThread]: Found 1 model, 1 source, 538 macros
[0m20:39:12.148465 [debug] [MainThread]: Sending event: {'category': 'dbt', 'action': 'runnable_timing', 'label': 'f283f0a5-e92b-46e8-9823-310673a26006', 'context': [<snowplow_tracker.self_describing_json.SelfDescribingJson object at 0x000001D8D80CE840>]}
[0m20:39:12.148465 [info ] [MainThread]: 
[0m20:39:12.148465 [info ] [MainThread]: Concurrency: 1 threads (target='dev')
[0m20:39:12.148465 [info ] [MainThread]: 
[0m20:39:12.148465 [debug] [MainThread]: Acquiring new snowflake connection 'master'
[0m20:39:12.154281 [debug] [ThreadPool]: Acquiring new snowflake connection 'list_email_db'
[0m20:39:12.230206 [debug] [ThreadPool]: Using snowflake connection "list_email_db"
[0m20:39:12.231192 [debug] [ThreadPool]: On list_email_db: show terse schemas in database email_db
    limit 10000
/* {"app": "dbt", "dbt_version": "1.11.11", "profile_name": "email_project", "target_name": "dev", "connection_name": "list_email_db"} */
[0m20:39:12.232197 [debug] [ThreadPool]: Opening a new connection, currently in state init
[0m20:39:13.153939 [debug] [ThreadPool]: SQL status: SUCCESS 4 in 0.922 seconds
[0m20:39:13.156101 [debug] [ThreadPool]: Acquiring new snowflake connection 'list_email_db_staging'
[0m20:39:13.165295 [debug] [ThreadPool]: Using snowflake connection "list_email_db_staging"
[0m20:39:13.165295 [debug] [ThreadPool]: On list_email_db_staging: show objects in email_db.staging
    limit 10000
    

/* {"app": "dbt", "dbt_version": "1.11.11", "profile_name": "email_project", "target_name": "dev", "connection_name": "list_email_db_staging"} */;
[0m20:39:13.165295 [debug] [ThreadPool]: Opening a new connection, currently in state init
[0m20:39:13.970226 [debug] [ThreadPool]: SQL status: SUCCESS 1 in 0.798 seconds
[0m20:39:13.971216 [debug] [MainThread]: Sending event: {'category': 'dbt', 'action': 'runnable_timing', 'label': 'f283f0a5-e92b-46e8-9823-310673a26006', 'context': [<snowplow_tracker.self_describing_json.SelfDescribingJson object at 0x000001D8D8D26990>]}
[0m20:39:13.971216 [debug] [Thread-2 (]: Began running node model.email_project.stg_gmail_data
[0m20:39:13.971216 [info ] [Thread-2 (]: 1 of 1 START sql table model staging.stg_gmail_data ............................ [RUN]
[0m20:39:13.971216 [debug] [Thread-2 (]: Acquiring new snowflake connection 'model.email_project.stg_gmail_data'
[0m20:39:13.971216 [debug] [Thread-2 (]: Began compiling node model.email_project.stg_gmail_data
[0m20:39:13.981839 [debug] [Thread-2 (]: Writing injected SQL for node "model.email_project.stg_gmail_data"
[0m20:39:13.981839 [debug] [Thread-2 (]: Began executing node model.email_project.stg_gmail_data
[0m20:39:14.031497 [debug] [Thread-2 (]: Writing runtime sql for node "model.email_project.stg_gmail_data"
[0m20:39:14.035500 [debug] [Thread-2 (]: Using snowflake connection "model.email_project.stg_gmail_data"
[0m20:39:14.036493 [debug] [Thread-2 (]: On model.email_project.stg_gmail_data: create or replace transient table email_db.staging.stg_gmail_data
    
    
    
    as (
with msg_rank as(
    SELECT 
        MESSAGE_ID,
        --SENDER_RAW,
        LOWER(SENDER_EMAIL) AS sender_email,
        SENDER_DISPLAY_NAME AS SENDER_NAME,
        SENDER_DOMAIN,
        SENDER_DOMAIN_TYPE,
        CASE
            WHEN CC IS NULL THEN 'None'
            ELSE CC
        END AS CC,
        RECIPIENT_COUNT,    
        SUBJECT,    
        TO_DATE(FULL_DATE ,'DD/MM/YYYY') as email_date,
        --YEAR,
        --QUARTER,
        --MONTH,
        --MONTH_NAME,
        --WEEK,
        DAY_OF_WEEK,
        --DAY_NAME,
        --IS_WEEKEND,    
        --FULL_TIME,
        --HOUR,
        --MINUTE,
        --AM_PM,
        --TIME_BUCKET,
        FOLDER,
        SPLIT(ALL_LABELS, ', INBOX')[0] AS ALL_LABELS,    
        SIZE_BYTES,
        ATTACHMENT_COUNT,
        HAS_ATTACHMENTS,  
        IS_READ,
        IS_STARRED,
        IS_REPLIED,   
        --THREAD_SUBJECT,
        TO_TIMESTAMP(THREAD_FIRST_MESSAGE_AT, 'DD/MM/YYYY HH24:MI') AS THREAD_FIRST_MESSAGE_AT,    
        --THREAD_DURATION_SEC,       
        THREAD_PARTICIPANT_COUNT,
        RANK () OVER (PARTITION BY MESSAGE_ID ORDER BY FULL_DATE desc) AS rnk
    from email_db.raw.gmail_data
)
SELECT         
        ROW_NUMBER() OVER (ORDER BY THREAD_FIRST_MESSAGE_AT DESC) AS SL,
        SENDER_NAME,
        sender_email,
        SENDER_DOMAIN,
        SENDER_DOMAIN_TYPE,
        CC,
        RECIPIENT_COUNT,    
        SUBJECT,    
        email_date,
        DAY_OF_WEEK,
        FOLDER,
        ALL_LABELS,    
        SIZE_BYTES,
        ATTACHMENT_COUNT,
        HAS_ATTACHMENTS,  
        IS_READ,
        IS_STARRED,
        IS_REPLIED, 
        SPLIT(THREAD_FIRST_MESSAGE_AT, ' ')[0] ::DATE AS RECEIVE_DATE,
        SPLIT(THREAD_FIRST_MESSAGE_AT, ' ')[1]::TIME AS RECEIVE_TIME,           
        THREAD_PARTICIPANT_COUNT, 
    FROM msg_rank WHERE rnk = 1
    )

/* {"app": "dbt", "dbt_version": "1.11.11", "profile_name": "email_project", "target_name": "dev", "node_id": "model.email_project.stg_gmail_data"} */;
[0m20:39:14.037498 [debug] [Thread-2 (]: Opening a new connection, currently in state init
[0m20:39:15.992788 [debug] [Thread-2 (]: SQL status: SUCCESS 5672 in 1.959 seconds
[0m20:39:16.027916 [debug] [Thread-2 (]: Sending event: {'category': 'dbt', 'action': 'run_model', 'label': 'f283f0a5-e92b-46e8-9823-310673a26006', 'context': [<snowplow_tracker.self_describing_json.SelfDescribingJson object at 0x000001D8D6DDDCD0>]}
[0m20:39:16.029889 [info ] [Thread-2 (]: 1 of 1 OK created sql table model staging.stg_gmail_data ....................... [[32mSUCCESS 5672[0m in 2.05s]
[0m20:39:16.030889 [debug] [Thread-2 (]: Finished running node model.email_project.stg_gmail_data
[0m20:39:16.032890 [debug] [MainThread]: Connection 'master' was properly closed.
[0m20:39:16.032890 [debug] [MainThread]: Connection 'list_email_db' was left open.
[0m20:39:16.033886 [debug] [MainThread]: On list_email_db: Close
[0m20:39:16.199043 [debug] [MainThread]: Connection 'list_email_db_staging' was left open.
[0m20:39:16.199043 [debug] [MainThread]: On list_email_db_staging: Close
[0m20:39:17.183134 [debug] [MainThread]: Connection 'model.email_project.stg_gmail_data' was left open.
[0m20:39:17.183134 [debug] [MainThread]: On model.email_project.stg_gmail_data: Close
[0m20:39:17.381938 [info ] [MainThread]: 
[0m20:39:17.381938 [info ] [MainThread]: Finished running 1 table model in 0 hours 0 minutes and 5.23 seconds (5.23s).
[0m20:39:17.381938 [debug] [MainThread]: Command end result
[0m20:39:17.416440 [debug] [MainThread]: Wrote artifact WritableManifest to F:\Projects\Data Engg Project\Data Engg Project on Emails - OC\new attempt\email_project\target\manifest.json
[0m20:39:17.419435 [debug] [MainThread]: Wrote artifact SemanticManifest to F:\Projects\Data Engg Project\Data Engg Project on Emails - OC\new attempt\email_project\target\semantic_manifest.json
[0m20:39:17.425008 [debug] [MainThread]: Wrote artifact RunExecutionResult to F:\Projects\Data Engg Project\Data Engg Project on Emails - OC\new attempt\email_project\target\run_results.json
[0m20:39:17.425008 [info ] [MainThread]: 
[0m20:39:17.425008 [info ] [MainThread]: [32mCompleted successfully[0m
[0m20:39:17.425008 [info ] [MainThread]: 
[0m20:39:17.429044 [info ] [MainThread]: Done. PASS=1 WARN=0 ERROR=0 SKIP=0 NO-OP=0 TOTAL=1
[0m20:39:17.429044 [debug] [MainThread]: Command `dbt run` succeeded at 20:39:17.429044 after 6.98 seconds
[0m20:39:17.431066 [debug] [MainThread]: Sending event: {'category': 'dbt', 'action': 'invocation', 'label': 'end', 'context': [<snowplow_tracker.self_describing_json.SelfDescribingJson object at 0x000001D8D4DE6A50>, <snowplow_tracker.self_describing_json.SelfDescribingJson object at 0x000001D8D5C38920>, <snowplow_tracker.self_describing_json.SelfDescribingJson object at 0x000001D8D5C383B0>]}
[0m20:39:17.432187 [debug] [MainThread]: Flushing usage events
[0m20:39:19.449210 [debug] [MainThread]: An error was encountered while trying to flush usage events
[0m20:51:20.381666 [debug] [MainThread]: Sending event: {'category': 'dbt', 'action': 'invocation', 'label': 'start', 'context': [<snowplow_tracker.self_describing_json.SelfDescribingJson object at 0x000002A233C4EFF0>, <snowplow_tracker.self_describing_json.SelfDescribingJson object at 0x000002A2345942F0>, <snowplow_tracker.self_describing_json.SelfDescribingJson object at 0x000002A2345979B0>]}


============================== 20:51:20.398368 | fa2ab3aa-cf6b-42da-b7ed-d5e457055766 ==============================
[0m20:51:20.398368 [info ] [MainThread]: Running with dbt=1.11.11
[0m20:51:20.398368 [debug] [MainThread]: running dbt with arguments {'static_parser': 'True', 'no_print': 'None', 'version_check': 'True', 'warn_error_options': 'WarnErrorOptionsV2(error=[], warn=[], silence=[])', 'target_path': 'None', 'printer_width': '80', 'write_json': 'True', 'empty': 'False', 'log_cache_events': 'False', 'introspect': 'True', 'cache_selected_only': 'False', 'fail_fast': 'False', 'debug': 'False', 'log_format': 'default', 'partial_parse': 'True', 'send_anonymous_usage_stats': 'True', 'quiet': 'False', 'warn_error': 'None', 'profiles_dir': 'C:\\Users\\61452\\.dbt', 'invocation_command': 'dbt run', 'indirect_selection': 'eager', 'use_colors': 'True', 'use_experimental_parser': 'False', 'log_path': 'F:\\Projects\\Data Engg Project\\Data Engg Project on Emails - OC\\new attempt\\email_project\\logs'}
[0m20:51:20.982048 [debug] [MainThread]: Snowflake adapter: Setting snowflake.connector to ERROR (file logging only)
[0m20:51:20.982048 [debug] [MainThread]: Snowflake adapter: Setting botocore to ERROR (file logging only)
[0m20:51:20.982048 [debug] [MainThread]: Snowflake adapter: Setting boto3 to ERROR (file logging only)
[0m20:51:21.198467 [debug] [MainThread]: Sending event: {'category': 'dbt', 'action': 'project_id', 'label': 'fa2ab3aa-cf6b-42da-b7ed-d5e457055766', 'context': [<snowplow_tracker.self_describing_json.SelfDescribingJson object at 0x000002A235014350>]}
[0m20:51:21.265038 [debug] [MainThread]: Sending event: {'category': 'dbt', 'action': 'adapter_info', 'label': 'fa2ab3aa-cf6b-42da-b7ed-d5e457055766', 'context': [<snowplow_tracker.self_describing_json.SelfDescribingJson object at 0x000002A233B90650>]}
[0m20:51:21.265038 [info ] [MainThread]: Registered adapter: snowflake=1.11.6
[0m20:51:21.590024 [debug] [MainThread]: checksum: 30a8cc8fdcbf66701b0944d4ccce3fa46dd04b61e5df68b9f16d57b2e0e3f0be, vars: {}, profile: , target: , version: 1.11.11
[0m20:51:21.731741 [debug] [MainThread]: Partial parsing enabled: 0 files deleted, 0 files added, 0 files changed.
[0m20:51:21.731741 [debug] [MainThread]: Nothing changed, skipping partial parsing.
[0m20:51:21.731741 [debug] [MainThread]: Partial parsing enabled, no changes found, skipping parsing
[0m20:51:21.765513 [debug] [MainThread]: Sending event: {'category': 'dbt', 'action': 'load_project', 'label': 'fa2ab3aa-cf6b-42da-b7ed-d5e457055766', 'context': [<snowplow_tracker.self_describing_json.SelfDescribingJson object at 0x000002A23752A900>]}
[0m20:51:21.848390 [debug] [MainThread]: Wrote artifact WritableManifest to F:\Projects\Data Engg Project\Data Engg Project on Emails - OC\new attempt\email_project\target\manifest.json
[0m20:51:21.851505 [debug] [MainThread]: Wrote artifact SemanticManifest to F:\Projects\Data Engg Project\Data Engg Project on Emails - OC\new attempt\email_project\target\semantic_manifest.json
[0m20:51:21.864977 [debug] [MainThread]: Sending event: {'category': 'dbt', 'action': 'resource_counts', 'label': 'fa2ab3aa-cf6b-42da-b7ed-d5e457055766', 'context': [<snowplow_tracker.self_describing_json.SelfDescribingJson object at 0x000002A23779EEA0>]}
[0m20:51:21.864977 [info ] [MainThread]: Found 1 model, 1 source, 538 macros
[0m20:51:21.864977 [debug] [MainThread]: Sending event: {'category': 'dbt', 'action': 'runnable_timing', 'label': 'fa2ab3aa-cf6b-42da-b7ed-d5e457055766', 'context': [<snowplow_tracker.self_describing_json.SelfDescribingJson object at 0x000002A2376EA9F0>]}
[0m20:51:21.864977 [info ] [MainThread]: 
[0m20:51:21.864977 [info ] [MainThread]: Concurrency: 1 threads (target='dev')
[0m20:51:21.864977 [info ] [MainThread]: 
[0m20:51:21.864977 [debug] [MainThread]: Acquiring new snowflake connection 'master'
[0m20:51:21.864977 [debug] [ThreadPool]: Acquiring new snowflake connection 'list_email_db'
[0m20:51:21.954234 [debug] [ThreadPool]: Using snowflake connection "list_email_db"
[0m20:51:21.954234 [debug] [ThreadPool]: On list_email_db: show terse schemas in database email_db
    limit 10000
/* {"app": "dbt", "dbt_version": "1.11.11", "profile_name": "email_project", "target_name": "dev", "connection_name": "list_email_db"} */
[0m20:51:21.955244 [debug] [ThreadPool]: Opening a new connection, currently in state init
[0m20:51:25.182000 [debug] [ThreadPool]: SQL status: SUCCESS 4 in 3.226 seconds
[0m20:51:25.182000 [debug] [ThreadPool]: Acquiring new snowflake connection 'list_email_db_staging'
[0m20:51:25.197886 [debug] [ThreadPool]: Using snowflake connection "list_email_db_staging"
[0m20:51:25.198596 [debug] [ThreadPool]: On list_email_db_staging: show objects in email_db.staging
    limit 10000
    

/* {"app": "dbt", "dbt_version": "1.11.11", "profile_name": "email_project", "target_name": "dev", "connection_name": "list_email_db_staging"} */;
[0m20:51:25.198596 [debug] [ThreadPool]: Opening a new connection, currently in state init
[0m20:51:25.800078 [debug] [ThreadPool]: SQL status: SUCCESS 1 in 0.602 seconds
[0m20:51:25.800078 [debug] [MainThread]: Sending event: {'category': 'dbt', 'action': 'runnable_timing', 'label': 'fa2ab3aa-cf6b-42da-b7ed-d5e457055766', 'context': [<snowplow_tracker.self_describing_json.SelfDescribingJson object at 0x000002A237C32CF0>]}
[0m20:51:25.800078 [debug] [Thread-2 (]: Began running node model.email_project.stg_gmail_data
[0m20:51:25.800078 [info ] [Thread-2 (]: 1 of 1 START sql table model staging.stg_gmail_data ............................ [RUN]
[0m20:51:25.800078 [debug] [Thread-2 (]: Acquiring new snowflake connection 'model.email_project.stg_gmail_data'
[0m20:51:25.800078 [debug] [Thread-2 (]: Began compiling node model.email_project.stg_gmail_data
[0m20:51:25.820188 [debug] [Thread-2 (]: Writing injected SQL for node "model.email_project.stg_gmail_data"
[0m20:51:25.821188 [debug] [Thread-2 (]: Began executing node model.email_project.stg_gmail_data
[0m20:51:25.855872 [debug] [Thread-2 (]: Writing runtime sql for node "model.email_project.stg_gmail_data"
[0m20:51:25.857851 [debug] [Thread-2 (]: Using snowflake connection "model.email_project.stg_gmail_data"
[0m20:51:25.858862 [debug] [Thread-2 (]: On model.email_project.stg_gmail_data: create or replace transient table email_db.staging.stg_gmail_data
    
    
    
    as (
with msg_rank as(
    SELECT 
        MESSAGE_ID,
        LOWER(SENDER_EMAIL) AS sender_email,
        SENDER_DISPLAY_NAME AS SENDER_NAME,
        SENDER_DOMAIN,
        SENDER_DOMAIN_TYPE,
        CASE
            WHEN CC IS NULL THEN 'None'
            ELSE CC
        END AS CC,
        RECIPIENT_COUNT,    
        SUBJECT,    
        FOLDER,
        SPLIT(ALL_LABELS, ', INBOX')[0] AS ALL_LABELS,    
        SIZE_BYTES,
        ATTACHMENT_COUNT,
        HAS_ATTACHMENTS,  
        IS_READ,
        IS_STARRED,
        IS_REPLIED,   
        TO_TIMESTAMP(THREAD_FIRST_MESSAGE_AT, 'DD/MM/YYYY HH24:MI') AS THREAD_FIRST_MESSAGE_AT,           
        THREAD_PARTICIPANT_COUNT,
        RANK () OVER (PARTITION BY MESSAGE_ID ORDER BY FULL_DATE desc) AS rnk
    from email_db.raw.gmail_data
)
SELECT         
        ROW_NUMBER() OVER (ORDER BY THREAD_FIRST_MESSAGE_AT DESC) AS SL,
        SENDER_NAME,
        sender_email,
        SENDER_DOMAIN,
        SENDER_DOMAIN_TYPE,
        CC,
        RECIPIENT_COUNT,    
        SUBJECT,    
        FOLDER,
        ALL_LABELS,    
        SIZE_BYTES,
        ATTACHMENT_COUNT,
        HAS_ATTACHMENTS,  
        IS_READ,
        IS_STARRED,
        IS_REPLIED, 
        SPLIT(THREAD_FIRST_MESSAGE_AT, ' ')[0] ::DATE AS RECEIVE_DATE,
        SPLIT(THREAD_FIRST_MESSAGE_AT, ' ')[1]::TIME AS RECEIVE_TIME,
        EXTRACT(dow from RECEIVE_DATE) AS DAY_OF_WEEK,           
        THREAD_PARTICIPANT_COUNT, 
    FROM msg_rank WHERE rnk = 1
    )

/* {"app": "dbt", "dbt_version": "1.11.11", "profile_name": "email_project", "target_name": "dev", "node_id": "model.email_project.stg_gmail_data"} */;
[0m20:51:25.858862 [debug] [Thread-2 (]: Opening a new connection, currently in state init
[0m20:51:29.036589 [debug] [Thread-2 (]: SQL status: SUCCESS 5672 in 3.177 seconds
[0m20:51:29.065530 [debug] [Thread-2 (]: Sending event: {'category': 'dbt', 'action': 'run_model', 'label': 'fa2ab3aa-cf6b-42da-b7ed-d5e457055766', 'context': [<snowplow_tracker.self_describing_json.SelfDescribingJson object at 0x000002A23503DDF0>]}
[0m20:51:29.066906 [info ] [Thread-2 (]: 1 of 1 OK created sql table model staging.stg_gmail_data ....................... [[32mSUCCESS 5672[0m in 3.26s]
[0m20:51:29.067922 [debug] [Thread-2 (]: Finished running node model.email_project.stg_gmail_data
[0m20:51:29.068988 [debug] [MainThread]: Connection 'master' was properly closed.
[0m20:51:29.070071 [debug] [MainThread]: Connection 'list_email_db' was left open.
[0m20:51:29.070071 [debug] [MainThread]: On list_email_db: Close
[0m20:51:29.281806 [debug] [MainThread]: Connection 'list_email_db_staging' was left open.
[0m20:51:29.281806 [debug] [MainThread]: On list_email_db_staging: Close
[0m20:51:29.527938 [debug] [MainThread]: Connection 'model.email_project.stg_gmail_data' was left open.
[0m20:51:29.527938 [debug] [MainThread]: On model.email_project.stg_gmail_data: Close
[0m20:51:29.715010 [info ] [MainThread]: 
[0m20:51:29.715010 [info ] [MainThread]: Finished running 1 table model in 0 hours 0 minutes and 7.85 seconds (7.85s).
[0m20:51:29.715010 [debug] [MainThread]: Command end result
[0m20:51:29.744623 [debug] [MainThread]: Wrote artifact WritableManifest to F:\Projects\Data Engg Project\Data Engg Project on Emails - OC\new attempt\email_project\target\manifest.json
[0m20:51:29.753209 [debug] [MainThread]: Wrote artifact SemanticManifest to F:\Projects\Data Engg Project\Data Engg Project on Emails - OC\new attempt\email_project\target\semantic_manifest.json
[0m20:51:29.756756 [debug] [MainThread]: Wrote artifact RunExecutionResult to F:\Projects\Data Engg Project\Data Engg Project on Emails - OC\new attempt\email_project\target\run_results.json
[0m20:51:29.756756 [info ] [MainThread]: 
[0m20:51:29.756756 [info ] [MainThread]: [32mCompleted successfully[0m
[0m20:51:29.762232 [info ] [MainThread]: 
[0m20:51:29.762232 [info ] [MainThread]: Done. PASS=1 WARN=0 ERROR=0 SKIP=0 NO-OP=0 TOTAL=1
[0m20:51:29.762232 [debug] [MainThread]: Command `dbt run` succeeded at 20:51:29.762232 after 9.58 seconds
[0m20:51:29.764249 [debug] [MainThread]: Sending event: {'category': 'dbt', 'action': 'invocation', 'label': 'end', 'context': [<snowplow_tracker.self_describing_json.SelfDescribingJson object at 0x000002A2345979B0>, <snowplow_tracker.self_describing_json.SelfDescribingJson object at 0x000002A234F82EA0>, <snowplow_tracker.self_describing_json.SelfDescribingJson object at 0x000002A233587140>]}
[0m20:51:29.765020 [debug] [MainThread]: Flushing usage events
[0m20:51:32.186682 [debug] [MainThread]: An error was encountered while trying to flush usage events
[0m15:04:12.819433 [debug] [MainThread]: Sending event: {'category': 'dbt', 'action': 'invocation', 'label': 'start', 'context': [<snowplow_tracker.self_describing_json.SelfDescribingJson object at 0x0000021914613CB0>, <snowplow_tracker.self_describing_json.SelfDescribingJson object at 0x0000021917C53050>, <snowplow_tracker.self_describing_json.SelfDescribingJson object at 0x0000021917C52E10>]}


============================== 15:04:12.823448 | c1485d72-88ff-44ca-aa1b-5ad744e5458d ==============================
[0m15:04:12.823448 [info ] [MainThread]: Running with dbt=1.11.11
[0m15:04:12.823448 [debug] [MainThread]: running dbt with arguments {'static_parser': 'True', 'no_print': 'None', 'version_check': 'True', 'warn_error_options': 'WarnErrorOptionsV2(error=[], warn=[], silence=[])', 'target_path': 'None', 'printer_width': '80', 'write_json': 'True', 'introspect': 'True', 'log_cache_events': 'False', 'empty': 'None', 'cache_selected_only': 'False', 'log_format': 'default', 'debug': 'False', 'fail_fast': 'False', 'profiles_dir': 'C:\\Users\\61452\\.dbt', 'send_anonymous_usage_stats': 'True', 'quiet': 'False', 'warn_error': 'None', 'partial_parse': 'True', 'indirect_selection': 'eager', 'use_colors': 'True', 'invocation_command': 'dbt ', 'use_experimental_parser': 'False', 'log_path': 'f:\\Projects\\Data Engg Project\\Data Engg Project on Emails - OC\\new attempt\\email_project\\logs'}
[0m15:04:13.066400 [debug] [MainThread]: Sending event: {'category': 'dbt', 'action': 'project_id', 'label': 'c1485d72-88ff-44ca-aa1b-5ad744e5458d', 'context': [<snowplow_tracker.self_describing_json.SelfDescribingJson object at 0x000002191847FB90>]}
[0m15:04:13.090265 [info ] [MainThread]: Warning: No packages were found in packages.yml
[0m15:04:13.090265 [info ] [MainThread]: Warning: No packages were found in packages.yml
[0m15:04:13.090265 [debug] [MainThread]: Command `cli deps` succeeded at 15:04:13.090265 after 0.52 seconds
[0m15:04:13.090265 [debug] [MainThread]: Sending event: {'category': 'dbt', 'action': 'invocation', 'label': 'end', 'context': [<snowplow_tracker.self_describing_json.SelfDescribingJson object at 0x00000219178B13A0>, <snowplow_tracker.self_describing_json.SelfDescribingJson object at 0x0000021917C95CD0>, <snowplow_tracker.self_describing_json.SelfDescribingJson object at 0x00000219176230B0>]}
[0m15:04:13.090265 [debug] [MainThread]: Flushing usage events
[0m15:04:14.523661 [debug] [MainThread]: An error was encountered while trying to flush usage events
[0m21:53:07.742815 [debug] [MainThread]: Sending event: {'category': 'dbt', 'action': 'invocation', 'label': 'start', 'context': [<snowplow_tracker.self_describing_json.SelfDescribingJson object at 0x000001B6DD0AB920>, <snowplow_tracker.self_describing_json.SelfDescribingJson object at 0x000001B6DA5139E0>, <snowplow_tracker.self_describing_json.SelfDescribingJson object at 0x000001B6DCF12570>]}


============================== 21:53:07.747816 | e099a15c-48cc-4901-9127-4c3688590c95 ==============================
[0m21:53:07.747816 [info ] [MainThread]: Running with dbt=1.11.11
[0m21:53:07.749822 [debug] [MainThread]: running dbt with arguments {'static_parser': 'True', 'no_print': 'None', 'version_check': 'True', 'warn_error_options': 'WarnErrorOptionsV2(error=[], warn=[], silence=[])', 'target_path': 'None', 'printer_width': '80', 'write_json': 'True', 'empty': 'None', 'log_cache_events': 'False', 'introspect': 'True', 'cache_selected_only': 'False', 'log_format': 'default', 'debug': 'False', 'fail_fast': 'False', 'profiles_dir': 'C:\\Users\\61452\\.dbt', 'send_anonymous_usage_stats': 'True', 'quiet': 'False', 'warn_error': 'None', 'partial_parse': 'True', 'indirect_selection': 'eager', 'use_colors': 'True', 'invocation_command': 'dbt ', 'use_experimental_parser': 'False', 'log_path': 'f:\\Projects\\Data Engg Project\\Data Engg Project on Emails - OC\\new attempt\\email_project\\logs'}
[0m21:53:07.961557 [debug] [MainThread]: Sending event: {'category': 'dbt', 'action': 'project_id', 'label': 'e099a15c-48cc-4901-9127-4c3688590c95', 'context': [<snowplow_tracker.self_describing_json.SelfDescribingJson object at 0x000001B6DDC286B0>]}
[0m21:53:08.015134 [info ] [MainThread]: Warning: No packages were found in packages.yml
[0m21:53:08.018131 [info ] [MainThread]: Warning: No packages were found in packages.yml
[0m21:53:08.020307 [debug] [MainThread]: Command `cli deps` succeeded at 21:53:08.020307 after 0.45 seconds
[0m21:53:08.021308 [debug] [MainThread]: Sending event: {'category': 'dbt', 'action': 'invocation', 'label': 'end', 'context': [<snowplow_tracker.self_describing_json.SelfDescribingJson object at 0x000001B6DD48DF70>, <snowplow_tracker.self_describing_json.SelfDescribingJson object at 0x000001B6DD48FBC0>, <snowplow_tracker.self_describing_json.SelfDescribingJson object at 0x000001B6D796AF60>]}
[0m21:53:08.021308 [debug] [MainThread]: Flushing usage events
[0m21:53:09.543941 [debug] [MainThread]: An error was encountered while trying to flush usage events
[0m23:12:36.219308 [debug] [MainThread]: Sending event: {'category': 'dbt', 'action': 'invocation', 'label': 'start', 'context': [<snowplow_tracker.self_describing_json.SelfDescribingJson object at 0x0000023965F27050>, <snowplow_tracker.self_describing_json.SelfDescribingJson object at 0x00000239693541A0>, <snowplow_tracker.self_describing_json.SelfDescribingJson object at 0x00000239695588C0>]}


============================== 23:12:36.226190 | 6a94e59e-f38e-4714-bf7d-9cec815e48b4 ==============================
[0m23:12:36.226190 [info ] [MainThread]: Running with dbt=1.11.11
[0m23:12:36.227180 [debug] [MainThread]: running dbt with arguments {'version_check': 'True', 'no_print': 'None', 'static_parser': 'True', 'warn_error_options': 'WarnErrorOptionsV2(error=[], warn=[], silence=[])', 'target_path': 'None', 'printer_width': '80', 'write_json': 'True', 'introspect': 'True', 'log_cache_events': 'False', 'empty': 'False', 'cache_selected_only': 'False', 'fail_fast': 'False', 'debug': 'False', 'log_format': 'default', 'profiles_dir': 'C:\\Users\\61452\\.dbt', 'send_anonymous_usage_stats': 'True', 'quiet': 'False', 'warn_error': 'None', 'partial_parse': 'True', 'indirect_selection': 'eager', 'invocation_command': 'dbt run', 'use_colors': 'True', 'use_experimental_parser': 'False', 'log_path': 'F:\\Projects\\Data Engg Project\\Data Engg Project on Emails - OC\\new attempt\\email_project\\logs'}
[0m23:12:36.996710 [debug] [MainThread]: Snowflake adapter: Setting snowflake.connector to ERROR (file logging only)
[0m23:12:36.997748 [debug] [MainThread]: Snowflake adapter: Setting botocore to ERROR (file logging only)
[0m23:12:36.997748 [debug] [MainThread]: Snowflake adapter: Setting boto3 to ERROR (file logging only)
[0m23:12:37.197696 [debug] [MainThread]: Sending event: {'category': 'dbt', 'action': 'project_id', 'label': '6a94e59e-f38e-4714-bf7d-9cec815e48b4', 'context': [<snowplow_tracker.self_describing_json.SelfDescribingJson object at 0x000002396C253860>]}
[0m23:12:37.243424 [debug] [MainThread]: Sending event: {'category': 'dbt', 'action': 'adapter_info', 'label': '6a94e59e-f38e-4714-bf7d-9cec815e48b4', 'context': [<snowplow_tracker.self_describing_json.SelfDescribingJson object at 0x000002396B9B3FB0>]}
[0m23:12:37.243424 [info ] [MainThread]: Registered adapter: snowflake=1.11.6
[0m23:12:37.635484 [debug] [MainThread]: checksum: 30a8cc8fdcbf66701b0944d4ccce3fa46dd04b61e5df68b9f16d57b2e0e3f0be, vars: {}, profile: , target: , version: 1.11.11
[0m23:12:37.804904 [debug] [MainThread]: Partial parsing enabled: 0 files deleted, 0 files added, 0 files changed.
[0m23:12:37.804904 [debug] [MainThread]: Nothing changed, skipping partial parsing.
[0m23:12:37.805896 [debug] [MainThread]: Partial parsing enabled, no changes found, skipping parsing
[0m23:12:37.827056 [debug] [MainThread]: Sending event: {'category': 'dbt', 'action': 'load_project', 'label': '6a94e59e-f38e-4714-bf7d-9cec815e48b4', 'context': [<snowplow_tracker.self_describing_json.SelfDescribingJson object at 0x000002396C35F170>]}
[0m23:12:37.907329 [debug] [MainThread]: Wrote artifact WritableManifest to F:\Projects\Data Engg Project\Data Engg Project on Emails - OC\new attempt\email_project\target\manifest.json
[0m23:12:37.923186 [debug] [MainThread]: Wrote artifact SemanticManifest to F:\Projects\Data Engg Project\Data Engg Project on Emails - OC\new attempt\email_project\target\semantic_manifest.json
[0m23:12:37.938901 [debug] [MainThread]: Sending event: {'category': 'dbt', 'action': 'resource_counts', 'label': '6a94e59e-f38e-4714-bf7d-9cec815e48b4', 'context': [<snowplow_tracker.self_describing_json.SelfDescribingJson object at 0x000002396C5CEDB0>]}
[0m23:12:37.951847 [info ] [MainThread]: Found 1 model, 1 source, 538 macros
[0m23:12:37.952486 [debug] [MainThread]: Sending event: {'category': 'dbt', 'action': 'runnable_timing', 'label': '6a94e59e-f38e-4714-bf7d-9cec815e48b4', 'context': [<snowplow_tracker.self_describing_json.SelfDescribingJson object at 0x000002396C15D520>]}
[0m23:12:37.952486 [info ] [MainThread]: 
[0m23:12:37.952486 [info ] [MainThread]: Concurrency: 1 threads (target='dev')
[0m23:12:37.952486 [info ] [MainThread]: 
[0m23:12:37.952486 [debug] [MainThread]: Acquiring new snowflake connection 'master'
[0m23:12:37.960416 [debug] [ThreadPool]: Acquiring new snowflake connection 'list_email_db'
[0m23:12:41.522431 [debug] [ThreadPool]: Using snowflake connection "list_email_db"
[0m23:12:41.522431 [debug] [ThreadPool]: On list_email_db: show terse schemas in database email_db
    limit 10000
/* {"app": "dbt", "dbt_version": "1.11.11", "profile_name": "email_project", "target_name": "dev", "connection_name": "list_email_db"} */
[0m23:12:41.523514 [debug] [ThreadPool]: Opening a new connection, currently in state init
[0m23:12:51.903632 [debug] [ThreadPool]: SQL status: SUCCESS 4 in 10.380 seconds
[0m23:12:51.906687 [debug] [ThreadPool]: Acquiring new snowflake connection 'list_email_db_staging'
[0m23:12:51.922876 [debug] [ThreadPool]: Using snowflake connection "list_email_db_staging"
[0m23:12:51.922876 [debug] [ThreadPool]: On list_email_db_staging: show objects in email_db.staging
    limit 10000
    

/* {"app": "dbt", "dbt_version": "1.11.11", "profile_name": "email_project", "target_name": "dev", "connection_name": "list_email_db_staging"} */;
[0m23:12:51.923897 [debug] [ThreadPool]: Opening a new connection, currently in state init
[0m23:12:53.062094 [debug] [ThreadPool]: SQL status: SUCCESS 1 in 1.138 seconds
[0m23:12:53.064093 [debug] [MainThread]: Sending event: {'category': 'dbt', 'action': 'runnable_timing', 'label': '6a94e59e-f38e-4714-bf7d-9cec815e48b4', 'context': [<snowplow_tracker.self_describing_json.SelfDescribingJson object at 0x000002396C3388F0>]}
[0m23:12:53.073948 [debug] [Thread-2 (]: Began running node model.email_project.stg_gmail_data
[0m23:12:53.075137 [info ] [Thread-2 (]: 1 of 1 START sql table model staging.stg_gmail_data ............................ [RUN]
[0m23:12:53.076512 [debug] [Thread-2 (]: Acquiring new snowflake connection 'model.email_project.stg_gmail_data'
[0m23:12:53.077525 [debug] [Thread-2 (]: Began compiling node model.email_project.stg_gmail_data
[0m23:12:53.085899 [debug] [Thread-2 (]: Writing injected SQL for node "model.email_project.stg_gmail_data"
[0m23:12:53.086896 [debug] [Thread-2 (]: Began executing node model.email_project.stg_gmail_data
[0m23:12:53.123949 [debug] [Thread-2 (]: Writing runtime sql for node "model.email_project.stg_gmail_data"
[0m23:12:53.126951 [debug] [Thread-2 (]: Using snowflake connection "model.email_project.stg_gmail_data"
[0m23:12:53.128640 [debug] [Thread-2 (]: On model.email_project.stg_gmail_data: create or replace transient table email_db.staging.stg_gmail_data
    
    
    
    as (
with msg_rank as(
    SELECT 
        MESSAGE_ID,
        LOWER(SENDER_EMAIL) AS sender_email,
        SENDER_DISPLAY_NAME AS SENDER_NAME,
        SENDER_DOMAIN,
        SENDER_DOMAIN_TYPE,
        CASE
            WHEN CC IS NULL THEN 'None'
            ELSE CC
        END AS CC,
        RECIPIENT_COUNT,    
        SUBJECT,    
        FOLDER,
        SPLIT(ALL_LABELS, ', INBOX')[0] AS ALL_LABELS,    
        SIZE_BYTES,
        ATTACHMENT_COUNT,
        HAS_ATTACHMENTS,  
        IS_READ,
        IS_STARRED,
        IS_REPLIED,   
        TO_TIMESTAMP(THREAD_FIRST_MESSAGE_AT, 'DD/MM/YYYY HH24:MI') AS THREAD_FIRST_MESSAGE_AT,           
        THREAD_PARTICIPANT_COUNT,
        RANK () OVER (PARTITION BY MESSAGE_ID ORDER BY FULL_DATE desc) AS rnk
    from email_db.raw.gmail_data
)
SELECT         
        ROW_NUMBER() OVER (ORDER BY THREAD_FIRST_MESSAGE_AT DESC) AS SL,
        SENDER_NAME,
        sender_email,
        SENDER_DOMAIN,
        SENDER_DOMAIN_TYPE,
        CC,
        RECIPIENT_COUNT,    
        SUBJECT,    
        FOLDER,
        ALL_LABELS,    
        SIZE_BYTES,
        ATTACHMENT_COUNT,
        HAS_ATTACHMENTS,  
        IS_READ,
        IS_STARRED,
        IS_REPLIED, 
        SPLIT(THREAD_FIRST_MESSAGE_AT, ' ')[0] ::DATE AS RECEIVE_DATE,
        SPLIT(THREAD_FIRST_MESSAGE_AT, ' ')[1]::TIME AS RECEIVE_TIME,
        EXTRACT(dow from RECEIVE_DATE) AS DAY_OF_WEEK,           
        THREAD_PARTICIPANT_COUNT, 
    FROM msg_rank WHERE rnk = 1
    )

/* {"app": "dbt", "dbt_version": "1.11.11", "profile_name": "email_project", "target_name": "dev", "node_id": "model.email_project.stg_gmail_data"} */;
[0m23:12:53.128640 [debug] [Thread-2 (]: Opening a new connection, currently in state init
[0m23:12:58.044785 [debug] [Thread-2 (]: SQL status: SUCCESS 6578 in 4.916 seconds
[0m23:12:58.073064 [debug] [Thread-2 (]: Sending event: {'category': 'dbt', 'action': 'run_model', 'label': '6a94e59e-f38e-4714-bf7d-9cec815e48b4', 'context': [<snowplow_tracker.self_describing_json.SelfDescribingJson object at 0x000002396ADBE030>]}
[0m23:12:58.074060 [info ] [Thread-2 (]: 1 of 1 OK created sql table model staging.stg_gmail_data ....................... [[32mSUCCESS 6578[0m in 5.00s]
[0m23:12:58.076061 [debug] [Thread-2 (]: Finished running node model.email_project.stg_gmail_data
[0m23:12:58.078312 [debug] [MainThread]: Connection 'master' was properly closed.
[0m23:12:58.079312 [debug] [MainThread]: Connection 'list_email_db' was left open.
[0m23:12:58.079312 [debug] [MainThread]: On list_email_db: Close
[0m23:12:58.332030 [debug] [MainThread]: Connection 'list_email_db_staging' was left open.
[0m23:12:58.332030 [debug] [MainThread]: On list_email_db_staging: Close
[0m23:12:59.035326 [debug] [MainThread]: Connection 'model.email_project.stg_gmail_data' was left open.
[0m23:12:59.036327 [debug] [MainThread]: On model.email_project.stg_gmail_data: Close
[0m23:13:00.159269 [info ] [MainThread]: 
[0m23:13:00.160646 [info ] [MainThread]: Finished running 1 table model in 0 hours 0 minutes and 22.21 seconds (22.21s).
[0m23:13:00.161789 [debug] [MainThread]: Command end result
[0m23:13:00.193508 [debug] [MainThread]: Wrote artifact WritableManifest to F:\Projects\Data Engg Project\Data Engg Project on Emails - OC\new attempt\email_project\target\manifest.json
[0m23:13:00.197454 [debug] [MainThread]: Wrote artifact SemanticManifest to F:\Projects\Data Engg Project\Data Engg Project on Emails - OC\new attempt\email_project\target\semantic_manifest.json
[0m23:13:00.205456 [debug] [MainThread]: Wrote artifact RunExecutionResult to F:\Projects\Data Engg Project\Data Engg Project on Emails - OC\new attempt\email_project\target\run_results.json
[0m23:13:00.205456 [info ] [MainThread]: 
[0m23:13:00.207012 [info ] [MainThread]: [32mCompleted successfully[0m
[0m23:13:00.207686 [info ] [MainThread]: 
[0m23:13:00.208692 [info ] [MainThread]: Done. PASS=1 WARN=0 ERROR=0 SKIP=0 NO-OP=0 TOTAL=1
[0m23:13:00.210692 [debug] [MainThread]: Command `dbt run` succeeded at 23:13:00.209694 after 24.19 seconds
[0m23:13:00.211694 [debug] [MainThread]: Sending event: {'category': 'dbt', 'action': 'invocation', 'label': 'end', 'context': [<snowplow_tracker.self_describing_json.SelfDescribingJson object at 0x0000023968EB65A0>, <snowplow_tracker.self_describing_json.SelfDescribingJson object at 0x0000023969B9DA90>, <snowplow_tracker.self_describing_json.SelfDescribingJson object at 0x0000023969B9D280>]}
[0m23:13:00.212695 [debug] [MainThread]: Flushing usage events
[0m23:13:03.060343 [debug] [MainThread]: An error was encountered while trying to flush usage events
[0m23:34:34.995062 [debug] [MainThread]: Sending event: {'category': 'dbt', 'action': 'invocation', 'label': 'start', 'context': [<snowplow_tracker.self_describing_json.SelfDescribingJson object at 0x0000014B16C8EC30>, <snowplow_tracker.self_describing_json.SelfDescribingJson object at 0x0000014B17E367B0>, <snowplow_tracker.self_describing_json.SelfDescribingJson object at 0x0000014B14CAFDD0>]}


============================== 23:34:35.001783 | 56c2403b-7359-426a-bdc3-28fb9933fd35 ==============================
[0m23:34:35.001783 [info ] [MainThread]: Running with dbt=1.11.11
[0m23:34:35.002785 [debug] [MainThread]: running dbt with arguments {'version_check': 'True', 'no_print': 'None', 'static_parser': 'True', 'target_path': 'None', 'warn_error_options': 'WarnErrorOptionsV2(error=[], warn=[], silence=[])', 'printer_width': '80', 'write_json': 'True', 'empty': 'False', 'log_cache_events': 'False', 'introspect': 'True', 'cache_selected_only': 'False', 'log_format': 'default', 'debug': 'False', 'fail_fast': 'False', 'profiles_dir': 'C:\\Users\\61452\\.dbt', 'send_anonymous_usage_stats': 'True', 'quiet': 'False', 'warn_error': 'None', 'partial_parse': 'True', 'use_colors': 'True', 'indirect_selection': 'eager', 'invocation_command': 'dbt run', 'use_experimental_parser': 'False', 'log_path': 'F:\\Projects\\Data Engg Project\\Data Engg Project on Emails - OC\\new attempt\\email_project\\logs'}
[0m23:34:35.979410 [debug] [MainThread]: Snowflake adapter: Setting snowflake.connector to ERROR (file logging only)
[0m23:34:35.979410 [debug] [MainThread]: Snowflake adapter: Setting botocore to ERROR (file logging only)
[0m23:34:35.983285 [debug] [MainThread]: Snowflake adapter: Setting boto3 to ERROR (file logging only)
[0m23:34:36.183923 [debug] [MainThread]: Sending event: {'category': 'dbt', 'action': 'project_id', 'label': '56c2403b-7359-426a-bdc3-28fb9933fd35', 'context': [<snowplow_tracker.self_describing_json.SelfDescribingJson object at 0x0000014B1A2FCEF0>]}
[0m23:34:36.250654 [debug] [MainThread]: Sending event: {'category': 'dbt', 'action': 'adapter_info', 'label': '56c2403b-7359-426a-bdc3-28fb9933fd35', 'context': [<snowplow_tracker.self_describing_json.SelfDescribingJson object at 0x0000014B1786D0A0>]}
[0m23:34:36.250654 [info ] [MainThread]: Registered adapter: snowflake=1.11.6
[0m23:34:36.616520 [debug] [MainThread]: checksum: 30a8cc8fdcbf66701b0944d4ccce3fa46dd04b61e5df68b9f16d57b2e0e3f0be, vars: {}, profile: , target: , version: 1.11.11
[0m23:34:36.796662 [debug] [MainThread]: Partial parsing enabled: 0 files deleted, 0 files added, 0 files changed.
[0m23:34:36.797662 [debug] [MainThread]: Nothing changed, skipping partial parsing.
[0m23:34:36.797662 [debug] [MainThread]: Partial parsing enabled, no changes found, skipping parsing
[0m23:34:36.838042 [debug] [MainThread]: Sending event: {'category': 'dbt', 'action': 'load_project', 'label': '56c2403b-7359-426a-bdc3-28fb9933fd35', 'context': [<snowplow_tracker.self_describing_json.SelfDescribingJson object at 0x0000014B1A473440>]}
[0m23:34:36.978129 [debug] [MainThread]: Wrote artifact WritableManifest to F:\Projects\Data Engg Project\Data Engg Project on Emails - OC\new attempt\email_project\target\manifest.json
[0m23:34:36.983131 [debug] [MainThread]: Wrote artifact SemanticManifest to F:\Projects\Data Engg Project\Data Engg Project on Emails - OC\new attempt\email_project\target\semantic_manifest.json
[0m23:34:37.000838 [debug] [MainThread]: Sending event: {'category': 'dbt', 'action': 'resource_counts', 'label': '56c2403b-7359-426a-bdc3-28fb9933fd35', 'context': [<snowplow_tracker.self_describing_json.SelfDescribingJson object at 0x0000014B1A832DE0>]}
[0m23:34:37.001993 [info ] [MainThread]: Found 1 model, 1 source, 538 macros
[0m23:34:37.003002 [debug] [MainThread]: Sending event: {'category': 'dbt', 'action': 'runnable_timing', 'label': '56c2403b-7359-426a-bdc3-28fb9933fd35', 'context': [<snowplow_tracker.self_describing_json.SelfDescribingJson object at 0x0000014B1A4F38C0>]}
[0m23:34:37.004518 [info ] [MainThread]: 
[0m23:34:37.005521 [info ] [MainThread]: Concurrency: 1 threads (target='dev')
[0m23:34:37.006530 [info ] [MainThread]: 
[0m23:34:37.007903 [debug] [MainThread]: Acquiring new snowflake connection 'master'
[0m23:34:37.009921 [debug] [ThreadPool]: Acquiring new snowflake connection 'list_email_db'
[0m23:34:37.101804 [debug] [ThreadPool]: Using snowflake connection "list_email_db"
[0m23:34:37.102712 [debug] [ThreadPool]: On list_email_db: show terse schemas in database email_db
    limit 10000
/* {"app": "dbt", "dbt_version": "1.11.11", "profile_name": "email_project", "target_name": "dev", "connection_name": "list_email_db"} */
[0m23:34:37.103716 [debug] [ThreadPool]: Opening a new connection, currently in state init
[0m23:34:43.716505 [debug] [ThreadPool]: SQL status: SUCCESS 4 in 6.613 seconds
[0m23:34:43.720505 [debug] [ThreadPool]: Acquiring new snowflake connection 'list_email_db_staging'
[0m23:34:43.733534 [debug] [ThreadPool]: Using snowflake connection "list_email_db_staging"
[0m23:34:43.734540 [debug] [ThreadPool]: On list_email_db_staging: show objects in email_db.staging
    limit 10000
    

/* {"app": "dbt", "dbt_version": "1.11.11", "profile_name": "email_project", "target_name": "dev", "connection_name": "list_email_db_staging"} */;
[0m23:34:43.734540 [debug] [ThreadPool]: Opening a new connection, currently in state init
[0m23:34:44.503322 [debug] [ThreadPool]: SQL status: SUCCESS 1 in 0.768 seconds
[0m23:34:44.506425 [debug] [MainThread]: Sending event: {'category': 'dbt', 'action': 'runnable_timing', 'label': '56c2403b-7359-426a-bdc3-28fb9933fd35', 'context': [<snowplow_tracker.self_describing_json.SelfDescribingJson object at 0x0000014B1ADCDF40>]}
[0m23:34:44.516837 [debug] [Thread-2 (]: Began running node model.email_project.stg_gmail_data
[0m23:34:44.517979 [info ] [Thread-2 (]: 1 of 1 START sql table model staging.stg_gmail_data ............................ [RUN]
[0m23:34:44.519447 [debug] [Thread-2 (]: Acquiring new snowflake connection 'model.email_project.stg_gmail_data'
[0m23:34:44.519970 [debug] [Thread-2 (]: Began compiling node model.email_project.stg_gmail_data
[0m23:34:44.529361 [debug] [Thread-2 (]: Writing injected SQL for node "model.email_project.stg_gmail_data"
[0m23:34:44.530369 [debug] [Thread-2 (]: Began executing node model.email_project.stg_gmail_data
[0m23:34:44.601960 [debug] [Thread-2 (]: Writing runtime sql for node "model.email_project.stg_gmail_data"
[0m23:34:44.608585 [debug] [Thread-2 (]: Using snowflake connection "model.email_project.stg_gmail_data"
[0m23:34:44.610010 [debug] [Thread-2 (]: On model.email_project.stg_gmail_data: create or replace transient table email_db.staging.stg_gmail_data
    
    
    
    as (
with msg_rank as(
    SELECT 
        MESSAGE_ID,
        LOWER(SENDER_EMAIL) AS sender_email,
        SENDER_DISPLAY_NAME AS SENDER_NAME,
        SENDER_DOMAIN,
        SENDER_DOMAIN_TYPE,
        CASE
            WHEN CC IS NULL THEN 'None'
            ELSE CC
        END AS CC,
        RECIPIENT_COUNT,    
        SUBJECT,    
        FOLDER,
        SPLIT(ALL_LABELS, ', INBOX')[0] AS ALL_LABELS,    
        SIZE_BYTES,
        ATTACHMENT_COUNT,
        HAS_ATTACHMENTS,  
        IS_READ,
        IS_STARRED,
        IS_REPLIED,   
        TO_TIMESTAMP(THREAD_FIRST_MESSAGE_AT, 'DD/MM/YYYY HH24:MI') AS THREAD_FIRST_MESSAGE_AT,           
        THREAD_PARTICIPANT_COUNT,
        RANK () OVER (PARTITION BY MESSAGE_ID ORDER BY FULL_DATE desc) AS rnk
    from email_db.raw.gmail_data
)
SELECT         
        ROW_NUMBER() OVER (ORDER BY THREAD_FIRST_MESSAGE_AT DESC) AS SL,
        SENDER_NAME,
        sender_email,
        SENDER_DOMAIN,
        SENDER_DOMAIN_TYPE,
        CC,
        RECIPIENT_COUNT,    
        SUBJECT,    
        FOLDER,
        ALL_LABELS,    
        SIZE_BYTES,
        ATTACHMENT_COUNT,
        HAS_ATTACHMENTS,  
        IS_READ,
        IS_STARRED,
        IS_REPLIED, 
        SPLIT(THREAD_FIRST_MESSAGE_AT, ' ')[0] ::DATE AS RECEIVE_DATE,
        SPLIT(THREAD_FIRST_MESSAGE_AT, ' ')[1]::TIME AS RECEIVE_TIME,
        EXTRACT(dow from RECEIVE_DATE) AS DAY_OF_WEEK,           
        THREAD_PARTICIPANT_COUNT, 
    FROM msg_rank WHERE rnk = 1
    )

/* {"app": "dbt", "dbt_version": "1.11.11", "profile_name": "email_project", "target_name": "dev", "node_id": "model.email_project.stg_gmail_data"} */;
[0m23:34:44.611021 [debug] [Thread-2 (]: Opening a new connection, currently in state init
[0m23:34:50.558779 [debug] [Thread-2 (]: SQL status: SUCCESS 6567 in 5.948 seconds
[0m23:34:50.588077 [debug] [Thread-2 (]: Sending event: {'category': 'dbt', 'action': 'run_model', 'label': '56c2403b-7359-426a-bdc3-28fb9933fd35', 'context': [<snowplow_tracker.self_describing_json.SelfDescribingJson object at 0x0000014B1806E030>]}
[0m23:34:50.589106 [info ] [Thread-2 (]: 1 of 1 OK created sql table model staging.stg_gmail_data ....................... [[32mSUCCESS 6567[0m in 6.07s]
[0m23:34:50.591090 [debug] [Thread-2 (]: Finished running node model.email_project.stg_gmail_data
[0m23:34:50.592886 [debug] [MainThread]: Connection 'master' was properly closed.
[0m23:34:50.593883 [debug] [MainThread]: Connection 'list_email_db' was left open.
[0m23:34:50.593883 [debug] [MainThread]: On list_email_db: Close
[0m23:34:52.499274 [debug] [MainThread]: Connection 'list_email_db_staging' was left open.
[0m23:34:52.499274 [debug] [MainThread]: On list_email_db_staging: Close
[0m23:34:52.910932 [debug] [MainThread]: Connection 'model.email_project.stg_gmail_data' was left open.
[0m23:34:52.911943 [debug] [MainThread]: On model.email_project.stg_gmail_data: Close
[0m23:34:53.447144 [info ] [MainThread]: 
[0m23:34:53.448147 [info ] [MainThread]: Finished running 1 table model in 0 hours 0 minutes and 16.44 seconds (16.44s).
[0m23:34:53.450146 [debug] [MainThread]: Command end result
[0m23:34:53.504893 [debug] [MainThread]: Wrote artifact WritableManifest to F:\Projects\Data Engg Project\Data Engg Project on Emails - OC\new attempt\email_project\target\manifest.json
[0m23:34:53.509774 [debug] [MainThread]: Wrote artifact SemanticManifest to F:\Projects\Data Engg Project\Data Engg Project on Emails - OC\new attempt\email_project\target\semantic_manifest.json
[0m23:34:53.518316 [debug] [MainThread]: Wrote artifact RunExecutionResult to F:\Projects\Data Engg Project\Data Engg Project on Emails - OC\new attempt\email_project\target\run_results.json
[0m23:34:53.519321 [info ] [MainThread]: 
[0m23:34:53.520319 [info ] [MainThread]: [32mCompleted successfully[0m
[0m23:34:53.523346 [info ] [MainThread]: 
[0m23:34:53.532179 [info ] [MainThread]: Done. PASS=1 WARN=0 ERROR=0 SKIP=0 NO-OP=0 TOTAL=1
[0m23:34:53.538203 [debug] [MainThread]: Command `dbt run` succeeded at 23:34:53.538203 after 18.73 seconds
[0m23:34:53.540676 [debug] [MainThread]: Sending event: {'category': 'dbt', 'action': 'invocation', 'label': 'end', 'context': [<snowplow_tracker.self_describing_json.SelfDescribingJson object at 0x0000014B152E8B90>, <snowplow_tracker.self_describing_json.SelfDescribingJson object at 0x0000014B179329F0>, <snowplow_tracker.self_describing_json.SelfDescribingJson object at 0x0000014B1A35C5C0>]}
[0m23:34:53.541672 [debug] [MainThread]: Flushing usage events
[0m23:34:55.148002 [debug] [MainThread]: An error was encountered while trying to flush usage events
[0m00:17:59.618020 [debug] [MainThread]: Sending event: {'category': 'dbt', 'action': 'invocation', 'label': 'start', 'context': [<snowplow_tracker.self_describing_json.SelfDescribingJson object at 0x000001A1F503EE70>, <snowplow_tracker.self_describing_json.SelfDescribingJson object at 0x000001A1F24F71D0>, <snowplow_tracker.self_describing_json.SelfDescribingJson object at 0x000001A1F4F80530>]}


============================== 00:17:59.625808 | a7c2579b-383b-4064-b748-53d0bf7a9e5a ==============================
[0m00:17:59.625808 [info ] [MainThread]: Running with dbt=1.11.11
[0m00:17:59.626808 [debug] [MainThread]: running dbt with arguments {'static_parser': 'True', 'no_print': 'None', 'version_check': 'True', 'target_path': 'None', 'warn_error_options': 'WarnErrorOptionsV2(error=[], warn=[], silence=[])', 'printer_width': '80', 'write_json': 'True', 'introspect': 'True', 'log_cache_events': 'False', 'empty': 'False', 'cache_selected_only': 'False', 'fail_fast': 'False', 'debug': 'False', 'log_format': 'default', 'partial_parse': 'True', 'send_anonymous_usage_stats': 'True', 'quiet': 'False', 'warn_error': 'None', 'profiles_dir': 'C:\\Users\\61452\\.dbt', 'indirect_selection': 'eager', 'use_colors': 'True', 'invocation_command': 'dbt run', 'use_experimental_parser': 'False', 'log_path': 'F:\\Projects\\Data Engg Project\\Data Engg Project on Emails - OC\\new attempt\\email_project\\logs'}
[0m00:18:00.653289 [debug] [MainThread]: Snowflake adapter: Setting snowflake.connector to ERROR (file logging only)
[0m00:18:00.654291 [debug] [MainThread]: Snowflake adapter: Setting botocore to ERROR (file logging only)
[0m00:18:00.654291 [debug] [MainThread]: Snowflake adapter: Setting boto3 to ERROR (file logging only)
[0m00:18:00.915851 [debug] [MainThread]: Sending event: {'category': 'dbt', 'action': 'project_id', 'label': 'a7c2579b-383b-4064-b748-53d0bf7a9e5a', 'context': [<snowplow_tracker.self_describing_json.SelfDescribingJson object at 0x000001A1F2E24320>]}
[0m00:18:00.973651 [debug] [MainThread]: Sending event: {'category': 'dbt', 'action': 'adapter_info', 'label': 'a7c2579b-383b-4064-b748-53d0bf7a9e5a', 'context': [<snowplow_tracker.self_describing_json.SelfDescribingJson object at 0x000001A1F854B8C0>]}
[0m00:18:00.975511 [info ] [MainThread]: Registered adapter: snowflake=1.11.6
[0m00:18:01.474621 [debug] [MainThread]: checksum: 30a8cc8fdcbf66701b0944d4ccce3fa46dd04b61e5df68b9f16d57b2e0e3f0be, vars: {}, profile: , target: , version: 1.11.11
[0m00:18:01.566321 [info ] [MainThread]: Unable to do partial parsing because profile has changed
[0m00:18:01.567344 [debug] [MainThread]: Sending event: {'category': 'dbt', 'action': 'partial_parser', 'label': 'a7c2579b-383b-4064-b748-53d0bf7a9e5a', 'context': [<snowplow_tracker.self_describing_json.SelfDescribingJson object at 0x000001A1F8C35340>]}
[0m00:18:04.261304 [debug] [MainThread]: Sending event: {'category': 'dbt', 'action': 'load_project', 'label': 'a7c2579b-383b-4064-b748-53d0bf7a9e5a', 'context': [<snowplow_tracker.self_describing_json.SelfDescribingJson object at 0x000001A1F75C4170>]}
[0m00:18:04.332332 [debug] [MainThread]: Wrote artifact WritableManifest to F:\Projects\Data Engg Project\Data Engg Project on Emails - OC\new attempt\email_project\target\manifest.json
[0m00:18:04.355798 [debug] [MainThread]: Wrote artifact SemanticManifest to F:\Projects\Data Engg Project\Data Engg Project on Emails - OC\new attempt\email_project\target\semantic_manifest.json
[0m00:18:04.379470 [debug] [MainThread]: Sending event: {'category': 'dbt', 'action': 'resource_counts', 'label': 'a7c2579b-383b-4064-b748-53d0bf7a9e5a', 'context': [<snowplow_tracker.self_describing_json.SelfDescribingJson object at 0x000001A1F8E5FA70>]}
[0m00:18:04.379470 [info ] [MainThread]: Found 1 model, 1 source, 538 macros
[0m00:18:04.380485 [debug] [MainThread]: Sending event: {'category': 'dbt', 'action': 'runnable_timing', 'label': 'a7c2579b-383b-4064-b748-53d0bf7a9e5a', 'context': [<snowplow_tracker.self_describing_json.SelfDescribingJson object at 0x000001A1F8F093D0>]}
[0m00:18:04.382477 [info ] [MainThread]: 
[0m00:18:04.383474 [info ] [MainThread]: Concurrency: 1 threads (target='dev')
[0m00:18:04.384471 [info ] [MainThread]: 
[0m00:18:04.384471 [debug] [MainThread]: Acquiring new snowflake connection 'master'
[0m00:18:04.386467 [debug] [ThreadPool]: Acquiring new snowflake connection 'list_email_db'
[0m00:18:07.814775 [debug] [ThreadPool]: Using snowflake connection "list_email_db"
[0m00:18:07.814775 [debug] [ThreadPool]: On list_email_db: show terse schemas in database email_db
    limit 10000
/* {"app": "dbt", "dbt_version": "1.11.11", "profile_name": "email_project", "target_name": "dev", "connection_name": "list_email_db"} */
[0m00:18:07.815776 [debug] [ThreadPool]: Opening a new connection, currently in state init
[0m00:18:10.903436 [debug] [ThreadPool]: SQL status: SUCCESS 3 in 3.088 seconds
[0m00:18:10.906263 [debug] [ThreadPool]: Re-using an available connection from the pool (formerly list_email_db, now create_email_db_staging)
[0m00:18:10.907276 [debug] [ThreadPool]: Creating schema "database: "email_db"
schema: "staging"
"
[0m00:18:10.911272 [debug] [ThreadPool]: Using snowflake connection "create_email_db_staging"
[0m00:18:10.912275 [debug] [ThreadPool]: On create_email_db_staging: create schema if not exists email_db.staging
/* {"app": "dbt", "dbt_version": "1.11.11", "profile_name": "email_project", "target_name": "dev", "connection_name": "create_email_db_staging"} */
[0m00:18:11.072200 [debug] [ThreadPool]: SQL status: SUCCESS 1 in 0.160 seconds
[0m00:18:11.075221 [debug] [ThreadPool]: Acquiring new snowflake connection 'list_email_db_staging'
[0m00:18:11.087753 [debug] [ThreadPool]: Using snowflake connection "list_email_db_staging"
[0m00:18:11.088739 [debug] [ThreadPool]: On list_email_db_staging: show objects in email_db.staging
    limit 10000
    

/* {"app": "dbt", "dbt_version": "1.11.11", "profile_name": "email_project", "target_name": "dev", "connection_name": "list_email_db_staging"} */;
[0m00:18:11.088739 [debug] [ThreadPool]: Opening a new connection, currently in state init
[0m00:18:11.522844 [debug] [ThreadPool]: SQL status: SUCCESS 0 in 0.433 seconds
[0m00:18:11.531652 [debug] [MainThread]: Sending event: {'category': 'dbt', 'action': 'runnable_timing', 'label': 'a7c2579b-383b-4064-b748-53d0bf7a9e5a', 'context': [<snowplow_tracker.self_describing_json.SelfDescribingJson object at 0x000001A1F8EA4440>]}
[0m00:18:11.540778 [debug] [Thread-2 (]: Began running node model.email_project.stg_gmail_data
[0m00:18:11.540778 [info ] [Thread-2 (]: 1 of 1 START sql table model staging.stg_gmail_data ............................ [RUN]
[0m00:18:11.541791 [debug] [Thread-2 (]: Acquiring new snowflake connection 'model.email_project.stg_gmail_data'
[0m00:18:11.541791 [debug] [Thread-2 (]: Began compiling node model.email_project.stg_gmail_data
[0m00:18:11.549787 [debug] [Thread-2 (]: Writing injected SQL for node "model.email_project.stg_gmail_data"
[0m00:18:11.552581 [debug] [Thread-2 (]: Began executing node model.email_project.stg_gmail_data
[0m00:18:11.586600 [debug] [Thread-2 (]: Writing runtime sql for node "model.email_project.stg_gmail_data"
[0m00:18:11.589125 [debug] [Thread-2 (]: Using snowflake connection "model.email_project.stg_gmail_data"
[0m00:18:11.590136 [debug] [Thread-2 (]: On model.email_project.stg_gmail_data: create or replace transient table email_db.staging.stg_gmail_data
    
    
    
    as (
with msg_rank as(
    SELECT 
        MESSAGE_ID,
        LOWER(SENDER_EMAIL) AS sender_email,
        SENDER_DISPLAY_NAME AS SENDER_NAME,
        SENDER_DOMAIN,
        SENDER_DOMAIN_TYPE,
        CASE
            WHEN CC IS NULL THEN 'None'
            ELSE CC
        END AS CC,
        RECIPIENT_COUNT,    
        SUBJECT,    
        FOLDER,
        SPLIT(ALL_LABELS, ', INBOX')[0] AS ALL_LABELS,    
        SIZE_BYTES,
        ATTACHMENT_COUNT,
        HAS_ATTACHMENTS,  
        IS_READ,
        IS_STARRED,
        IS_REPLIED,   
        TO_TIMESTAMP(THREAD_FIRST_MESSAGE_AT, 'DD/MM/YYYY HH24:MI') AS THREAD_FIRST_MESSAGE_AT,           
        THREAD_PARTICIPANT_COUNT,
        RANK () OVER (PARTITION BY MESSAGE_ID ORDER BY FULL_DATE desc) AS rnk
    from email_db.raw.gmail_data
)
SELECT         
        ROW_NUMBER() OVER (ORDER BY THREAD_FIRST_MESSAGE_AT DESC) AS SL,
        SENDER_NAME,
        sender_email,
        SENDER_DOMAIN,
        SENDER_DOMAIN_TYPE,
        CC,
        RECIPIENT_COUNT,    
        SUBJECT,    
        FOLDER,
        ALL_LABELS,    
        SIZE_BYTES,
        ATTACHMENT_COUNT,
        HAS_ATTACHMENTS,  
        IS_READ,
        IS_STARRED,
        IS_REPLIED, 
        SPLIT(THREAD_FIRST_MESSAGE_AT, ' ')[0] ::DATE AS RECEIVE_DATE,
        SPLIT(THREAD_FIRST_MESSAGE_AT, ' ')[1]::TIME AS RECEIVE_TIME,
        EXTRACT(dow from RECEIVE_DATE) AS DAY_OF_WEEK,           
        THREAD_PARTICIPANT_COUNT, 
    FROM msg_rank WHERE rnk = 1
    )

/* {"app": "dbt", "dbt_version": "1.11.11", "profile_name": "email_project", "target_name": "dev", "node_id": "model.email_project.stg_gmail_data"} */;
[0m00:18:11.590136 [debug] [Thread-2 (]: Opening a new connection, currently in state init
[0m00:18:13.148814 [debug] [Thread-2 (]: Snowflake adapter: Snowflake query id: 01c67f52-0003-a63e-0000-0003502e9369
[0m00:18:13.149825 [debug] [Thread-2 (]: Snowflake adapter: Snowflake error: 000904 (42000): SQL compilation error: error line 29 at position 55
invalid identifier 'FULL_DATE'
[0m00:18:13.164825 [debug] [Thread-2 (]: Database Error in model stg_gmail_data (models\staging\stg_gmail_data.sql)
  000904 (42000): SQL compilation error: error line 29 at position 55
  invalid identifier 'FULL_DATE'
  compiled code at target\run\email_project\models\staging\stg_gmail_data.sql
[0m00:18:13.167303 [debug] [Thread-2 (]: Sending event: {'category': 'dbt', 'action': 'run_model', 'label': 'a7c2579b-383b-4064-b748-53d0bf7a9e5a', 'context': [<snowplow_tracker.self_describing_json.SelfDescribingJson object at 0x000001A1F547CCB0>]}
[0m00:18:13.168314 [error] [Thread-2 (]: 1 of 1 ERROR creating sql table model staging.stg_gmail_data ................... [[31mERROR[0m in 1.62s]
[0m00:18:13.169313 [debug] [Thread-2 (]: Finished running node model.email_project.stg_gmail_data
[0m00:18:13.169313 [debug] [Thread-5 (]: Marking all children of 'model.email_project.stg_gmail_data' to be skipped because of status 'error'.  Reason: Database Error in model stg_gmail_data (models\staging\stg_gmail_data.sql)
  000904 (42000): SQL compilation error: error line 29 at position 55
  invalid identifier 'FULL_DATE'
  compiled code at target\run\email_project\models\staging\stg_gmail_data.sql.
[0m00:18:13.171325 [debug] [MainThread]: Connection 'master' was properly closed.
[0m00:18:13.172319 [debug] [MainThread]: Connection 'create_email_db_staging' was left open.
[0m00:18:13.172319 [debug] [MainThread]: On create_email_db_staging: Close
[0m00:18:13.325601 [debug] [MainThread]: Connection 'list_email_db_staging' was left open.
[0m00:18:13.326621 [debug] [MainThread]: On list_email_db_staging: Close
[0m00:18:13.494372 [debug] [MainThread]: Connection 'model.email_project.stg_gmail_data' was left open.
[0m00:18:13.494372 [debug] [MainThread]: On model.email_project.stg_gmail_data: Close
[0m00:18:13.648445 [info ] [MainThread]: 
[0m00:18:13.649456 [info ] [MainThread]: Finished running 1 table model in 0 hours 0 minutes and 9.26 seconds (9.26s).
[0m00:18:13.650466 [debug] [MainThread]: Command end result
[0m00:18:13.680734 [debug] [MainThread]: Wrote artifact WritableManifest to F:\Projects\Data Engg Project\Data Engg Project on Emails - OC\new attempt\email_project\target\manifest.json
[0m00:18:13.682467 [debug] [MainThread]: Wrote artifact SemanticManifest to F:\Projects\Data Engg Project\Data Engg Project on Emails - OC\new attempt\email_project\target\semantic_manifest.json
[0m00:18:13.695826 [debug] [MainThread]: Wrote artifact RunExecutionResult to F:\Projects\Data Engg Project\Data Engg Project on Emails - OC\new attempt\email_project\target\run_results.json
[0m00:18:13.695826 [info ] [MainThread]: 
[0m00:18:13.697138 [info ] [MainThread]: [31mCompleted with 1 error, 0 partial successes, and 0 warnings:[0m
[0m00:18:13.697842 [info ] [MainThread]: 
[0m00:18:13.698838 [error] [MainThread]: [31mFailure in model stg_gmail_data (models\staging\stg_gmail_data.sql)[0m
[0m00:18:13.698838 [error] [MainThread]:   Database Error in model stg_gmail_data (models\staging\stg_gmail_data.sql)
  000904 (42000): SQL compilation error: error line 29 at position 55
  invalid identifier 'FULL_DATE'
  compiled code at target\run\email_project\models\staging\stg_gmail_data.sql
[0m00:18:13.699837 [info ] [MainThread]: 
[0m00:18:13.699837 [info ] [MainThread]:   compiled code at target\compiled\email_project\models\staging\stg_gmail_data.sql
[0m00:18:13.700847 [info ] [MainThread]: 
[0m00:18:13.700847 [info ] [MainThread]: Done. PASS=0 WARN=0 ERROR=1 SKIP=0 NO-OP=0 TOTAL=1
[0m00:18:13.701846 [debug] [MainThread]: Command `dbt run` failed at 00:18:13.701846 after 14.29 seconds
[0m00:18:13.702829 [debug] [MainThread]: Sending event: {'category': 'dbt', 'action': 'invocation', 'label': 'end', 'context': [<snowplow_tracker.self_describing_json.SelfDescribingJson object at 0x000001A1F23E7770>, <snowplow_tracker.self_describing_json.SelfDescribingJson object at 0x000001A1F60A3170>, <snowplow_tracker.self_describing_json.SelfDescribingJson object at 0x000001A1F590CFE0>]}
[0m00:18:13.702829 [debug] [MainThread]: Flushing usage events
[0m00:18:14.840137 [debug] [MainThread]: An error was encountered while trying to flush usage events
[0m00:20:54.889634 [debug] [MainThread]: Sending event: {'category': 'dbt', 'action': 'invocation', 'label': 'start', 'context': [<snowplow_tracker.self_describing_json.SelfDescribingJson object at 0x0000018765F96A20>, <snowplow_tracker.self_describing_json.SelfDescribingJson object at 0x0000018765367320>, <snowplow_tracker.self_describing_json.SelfDescribingJson object at 0x00000187684D7D40>]}


============================== 00:20:54.895667 | e16891bb-0fbb-43e4-ad03-7b969a276e80 ==============================
[0m00:20:54.895667 [info ] [MainThread]: Running with dbt=1.11.11
[0m00:20:54.896664 [debug] [MainThread]: running dbt with arguments {'static_parser': 'True', 'no_print': 'None', 'version_check': 'True', 'target_path': 'None', 'warn_error_options': 'WarnErrorOptionsV2(error=[], warn=[], silence=[])', 'printer_width': '80', 'write_json': 'True', 'empty': 'False', 'log_cache_events': 'False', 'introspect': 'True', 'cache_selected_only': 'False', 'log_format': 'default', 'debug': 'False', 'fail_fast': 'False', 'partial_parse': 'True', 'send_anonymous_usage_stats': 'True', 'quiet': 'False', 'warn_error': 'None', 'profiles_dir': 'C:\\Users\\61452\\.dbt', 'invocation_command': 'dbt run', 'use_colors': 'True', 'indirect_selection': 'eager', 'use_experimental_parser': 'False', 'log_path': 'F:\\Projects\\Data Engg Project\\Data Engg Project on Emails - OC\\new attempt\\email_project\\logs'}
[0m00:20:55.453031 [debug] [MainThread]: Snowflake adapter: Setting snowflake.connector to ERROR (file logging only)
[0m00:20:55.453031 [debug] [MainThread]: Snowflake adapter: Setting botocore to ERROR (file logging only)
[0m00:20:55.454033 [debug] [MainThread]: Snowflake adapter: Setting boto3 to ERROR (file logging only)
[0m00:20:55.637766 [debug] [MainThread]: Sending event: {'category': 'dbt', 'action': 'project_id', 'label': 'e16891bb-0fbb-43e4-ad03-7b969a276e80', 'context': [<snowplow_tracker.self_describing_json.SelfDescribingJson object at 0x000001876A145400>]}
[0m00:20:55.694330 [debug] [MainThread]: Sending event: {'category': 'dbt', 'action': 'adapter_info', 'label': 'e16891bb-0fbb-43e4-ad03-7b969a276e80', 'context': [<snowplow_tracker.self_describing_json.SelfDescribingJson object at 0x000001876B47CD70>]}
[0m00:20:55.696330 [info ] [MainThread]: Registered adapter: snowflake=1.11.6
[0m00:20:56.007017 [debug] [MainThread]: checksum: 30a8cc8fdcbf66701b0944d4ccce3fa46dd04b61e5df68b9f16d57b2e0e3f0be, vars: {}, profile: , target: , version: 1.11.11
[0m00:20:56.133596 [debug] [MainThread]: Partial parsing enabled: 0 files deleted, 0 files added, 1 files changed.
[0m00:20:56.133596 [debug] [MainThread]: Partial parsing: updated file: email_project://models\staging\stg_gmail_data.sql
[0m00:20:56.378304 [debug] [MainThread]: Sending event: {'category': 'dbt', 'action': 'load_project', 'label': 'e16891bb-0fbb-43e4-ad03-7b969a276e80', 'context': [<snowplow_tracker.self_describing_json.SelfDescribingJson object at 0x000001876BCE9160>]}
[0m00:20:56.453340 [debug] [MainThread]: Wrote artifact WritableManifest to F:\Projects\Data Engg Project\Data Engg Project on Emails - OC\new attempt\email_project\target\manifest.json
[0m00:20:56.455322 [debug] [MainThread]: Wrote artifact SemanticManifest to F:\Projects\Data Engg Project\Data Engg Project on Emails - OC\new attempt\email_project\target\semantic_manifest.json
[0m00:20:56.468491 [debug] [MainThread]: Sending event: {'category': 'dbt', 'action': 'resource_counts', 'label': 'e16891bb-0fbb-43e4-ad03-7b969a276e80', 'context': [<snowplow_tracker.self_describing_json.SelfDescribingJson object at 0x000001876BCEAE10>]}
[0m00:20:56.469496 [info ] [MainThread]: Found 1 model, 1 source, 538 macros
[0m00:20:56.470500 [debug] [MainThread]: Sending event: {'category': 'dbt', 'action': 'runnable_timing', 'label': 'e16891bb-0fbb-43e4-ad03-7b969a276e80', 'context': [<snowplow_tracker.self_describing_json.SelfDescribingJson object at 0x000001876BCE3140>]}
[0m00:20:56.471501 [info ] [MainThread]: 
[0m00:20:56.472509 [info ] [MainThread]: Concurrency: 1 threads (target='dev')
[0m00:20:56.473493 [info ] [MainThread]: 
[0m00:20:56.474502 [debug] [MainThread]: Acquiring new snowflake connection 'master'
[0m00:20:56.475495 [debug] [ThreadPool]: Acquiring new snowflake connection 'list_email_db'
[0m00:20:56.547024 [debug] [ThreadPool]: Using snowflake connection "list_email_db"
[0m00:20:56.547024 [debug] [ThreadPool]: On list_email_db: show terse schemas in database email_db
    limit 10000
/* {"app": "dbt", "dbt_version": "1.11.11", "profile_name": "email_project", "target_name": "dev", "connection_name": "list_email_db"} */
[0m00:20:56.548013 [debug] [ThreadPool]: Opening a new connection, currently in state init
[0m00:20:57.403487 [debug] [ThreadPool]: SQL status: SUCCESS 4 in 0.856 seconds
[0m00:20:57.406656 [debug] [ThreadPool]: Acquiring new snowflake connection 'list_email_db_staging'
[0m00:20:57.420494 [debug] [ThreadPool]: Using snowflake connection "list_email_db_staging"
[0m00:20:57.420494 [debug] [ThreadPool]: On list_email_db_staging: show objects in email_db.staging
    limit 10000
    

/* {"app": "dbt", "dbt_version": "1.11.11", "profile_name": "email_project", "target_name": "dev", "connection_name": "list_email_db_staging"} */;
[0m00:20:57.420494 [debug] [ThreadPool]: Opening a new connection, currently in state init
[0m00:20:57.828540 [debug] [ThreadPool]: SQL status: SUCCESS 0 in 0.407 seconds
[0m00:20:57.830545 [debug] [MainThread]: Sending event: {'category': 'dbt', 'action': 'runnable_timing', 'label': 'e16891bb-0fbb-43e4-ad03-7b969a276e80', 'context': [<snowplow_tracker.self_describing_json.SelfDescribingJson object at 0x000001876C007440>]}
[0m00:20:57.835554 [debug] [Thread-2 (]: Began running node model.email_project.stg_gmail_data
[0m00:20:57.837941 [info ] [Thread-2 (]: 1 of 1 START sql table model staging.stg_gmail_data ............................ [RUN]
[0m00:20:57.838961 [debug] [Thread-2 (]: Acquiring new snowflake connection 'model.email_project.stg_gmail_data'
[0m00:20:57.838961 [debug] [Thread-2 (]: Began compiling node model.email_project.stg_gmail_data
[0m00:20:57.847068 [debug] [Thread-2 (]: Writing injected SQL for node "model.email_project.stg_gmail_data"
[0m00:20:57.848059 [debug] [Thread-2 (]: Began executing node model.email_project.stg_gmail_data
[0m00:20:57.880117 [debug] [Thread-2 (]: Writing runtime sql for node "model.email_project.stg_gmail_data"
[0m00:20:57.882097 [debug] [Thread-2 (]: Using snowflake connection "model.email_project.stg_gmail_data"
[0m00:20:57.883109 [debug] [Thread-2 (]: On model.email_project.stg_gmail_data: create or replace transient table email_db.staging.stg_gmail_data
    
    
    
    as (
with msg_rank as(
    SELECT 
        MESSAGE_ID,
        LOWER(SENDER_EMAIL) AS sender_email,
        SENDER_DISPLAY_NAME AS SENDER_NAME,
        SENDER_DOMAIN,
        SENDER_DOMAIN_TYPE,
        CASE
            WHEN CC IS NULL THEN 'None'
            ELSE CC
        END AS CC,
        RECIPIENT_COUNT,    
        SUBJECT,    
        FOLDER,
        SPLIT(ALL_LABELS, ', INBOX')[0] AS ALL_LABELS,    
        SIZE_BYTES,
        ATTACHMENT_COUNT,
        HAS_ATTACHMENTS,  
        IS_READ,
        IS_STARRED,
        IS_REPLIED,   
        TO_TIMESTAMP(THREAD_FIRST_MESSAGE_AT, 'DD/MM/YYYY HH24:MI') AS THREAD_FIRST_MESSAGE_AT,           
        THREAD_PARTICIPANT_COUNT,
        RANK () OVER (PARTITION BY MESSAGE_ID ORDER BY TIMESTAMPS desc) AS rnk
    from email_db.raw.gmail_data
)
SELECT         
        ROW_NUMBER() OVER (ORDER BY THREAD_FIRST_MESSAGE_AT DESC) AS SL,
        SENDER_NAME,
        sender_email,
        SENDER_DOMAIN,
        SENDER_DOMAIN_TYPE,
        CC,
        RECIPIENT_COUNT,    
        SUBJECT,    
        FOLDER,
        ALL_LABELS,    
        SIZE_BYTES,
        ATTACHMENT_COUNT,
        HAS_ATTACHMENTS,  
        IS_READ,
        IS_STARRED,
        IS_REPLIED, 
        SPLIT(THREAD_FIRST_MESSAGE_AT, ' ')[0] ::DATE AS RECEIVE_DATE,
        SPLIT(THREAD_FIRST_MESSAGE_AT, ' ')[1]::TIME AS RECEIVE_TIME,
        EXTRACT(dow from RECEIVE_DATE) AS DAY_OF_WEEK,           
        THREAD_PARTICIPANT_COUNT, 
    FROM msg_rank WHERE rnk = 1
    )

/* {"app": "dbt", "dbt_version": "1.11.11", "profile_name": "email_project", "target_name": "dev", "node_id": "model.email_project.stg_gmail_data"} */;
[0m00:20:57.883109 [debug] [Thread-2 (]: Opening a new connection, currently in state init
[0m00:20:59.366878 [debug] [Thread-2 (]: Snowflake adapter: Snowflake query id: 01c67f54-0003-a63e-0000-0003502e9389
[0m00:20:59.366878 [debug] [Thread-2 (]: Snowflake adapter: Snowflake error: 100096 (22007): Can't parse '2025-09-06 02:00' as timestamp with format 'DD/MM/YYYY HH24:MI'
[0m00:20:59.369874 [debug] [Thread-2 (]: Database Error in model stg_gmail_data (models\staging\stg_gmail_data.sql)
  100096 (22007): Can't parse '2025-09-06 02:00' as timestamp with format 'DD/MM/YYYY HH24:MI'
  compiled code at target\run\email_project\models\staging\stg_gmail_data.sql
[0m00:20:59.372878 [debug] [Thread-2 (]: Sending event: {'category': 'dbt', 'action': 'run_model', 'label': 'e16891bb-0fbb-43e4-ad03-7b969a276e80', 'context': [<snowplow_tracker.self_describing_json.SelfDescribingJson object at 0x0000018768268CB0>]}
[0m00:20:59.372878 [error] [Thread-2 (]: 1 of 1 ERROR creating sql table model staging.stg_gmail_data ................... [[31mERROR[0m in 1.53s]
[0m00:20:59.373878 [debug] [Thread-2 (]: Finished running node model.email_project.stg_gmail_data
[0m00:20:59.374899 [debug] [Thread-5 (]: Marking all children of 'model.email_project.stg_gmail_data' to be skipped because of status 'error'.  Reason: Database Error in model stg_gmail_data (models\staging\stg_gmail_data.sql)
  100096 (22007): Can't parse '2025-09-06 02:00' as timestamp with format 'DD/MM/YYYY HH24:MI'
  compiled code at target\run\email_project\models\staging\stg_gmail_data.sql.
[0m00:20:59.376874 [debug] [MainThread]: Connection 'master' was properly closed.
[0m00:20:59.377876 [debug] [MainThread]: Connection 'list_email_db' was left open.
[0m00:20:59.377876 [debug] [MainThread]: On list_email_db: Close
[0m00:20:59.523112 [debug] [MainThread]: Connection 'list_email_db_staging' was left open.
[0m00:20:59.523112 [debug] [MainThread]: On list_email_db_staging: Close
[0m00:20:59.661767 [debug] [MainThread]: Connection 'model.email_project.stg_gmail_data' was left open.
[0m00:20:59.661767 [debug] [MainThread]: On model.email_project.stg_gmail_data: Close
[0m00:20:59.809809 [info ] [MainThread]: 
[0m00:20:59.809809 [info ] [MainThread]: Finished running 1 table model in 0 hours 0 minutes and 3.34 seconds (3.34s).
[0m00:20:59.811316 [debug] [MainThread]: Command end result
[0m00:20:59.842482 [debug] [MainThread]: Wrote artifact WritableManifest to F:\Projects\Data Engg Project\Data Engg Project on Emails - OC\new attempt\email_project\target\manifest.json
[0m00:20:59.844343 [debug] [MainThread]: Wrote artifact SemanticManifest to F:\Projects\Data Engg Project\Data Engg Project on Emails - OC\new attempt\email_project\target\semantic_manifest.json
[0m00:20:59.849352 [debug] [MainThread]: Wrote artifact RunExecutionResult to F:\Projects\Data Engg Project\Data Engg Project on Emails - OC\new attempt\email_project\target\run_results.json
[0m00:20:59.850617 [info ] [MainThread]: 
[0m00:20:59.851328 [info ] [MainThread]: [31mCompleted with 1 error, 0 partial successes, and 0 warnings:[0m
[0m00:20:59.851328 [info ] [MainThread]: 
[0m00:20:59.852332 [error] [MainThread]: [31mFailure in model stg_gmail_data (models\staging\stg_gmail_data.sql)[0m
[0m00:20:59.853324 [error] [MainThread]:   Database Error in model stg_gmail_data (models\staging\stg_gmail_data.sql)
  100096 (22007): Can't parse '2025-09-06 02:00' as timestamp with format 'DD/MM/YYYY HH24:MI'
  compiled code at target\run\email_project\models\staging\stg_gmail_data.sql
[0m00:20:59.855325 [info ] [MainThread]: 
[0m00:20:59.855325 [info ] [MainThread]:   compiled code at target\compiled\email_project\models\staging\stg_gmail_data.sql
[0m00:20:59.856335 [info ] [MainThread]: 
[0m00:20:59.856335 [info ] [MainThread]: Done. PASS=0 WARN=0 ERROR=1 SKIP=0 NO-OP=0 TOTAL=1
[0m00:20:59.857333 [debug] [MainThread]: Command `dbt run` failed at 00:20:59.857333 after 5.18 seconds
[0m00:20:59.858335 [debug] [MainThread]: Sending event: {'category': 'dbt', 'action': 'invocation', 'label': 'end', 'context': [<snowplow_tracker.self_describing_json.SelfDescribingJson object at 0x00000187682FAA80>, <snowplow_tracker.self_describing_json.SelfDescribingJson object at 0x0000018768E91130>, <snowplow_tracker.self_describing_json.SelfDescribingJson object at 0x0000018768901430>]}
[0m00:20:59.859328 [debug] [MainThread]: Flushing usage events
[0m00:21:00.945747 [debug] [MainThread]: An error was encountered while trying to flush usage events
[0m00:23:16.589299 [debug] [MainThread]: Sending event: {'category': 'dbt', 'action': 'invocation', 'label': 'start', 'context': [<snowplow_tracker.self_describing_json.SelfDescribingJson object at 0x000001C3B113DF10>, <snowplow_tracker.self_describing_json.SelfDescribingJson object at 0x000001C3B19B1100>, <snowplow_tracker.self_describing_json.SelfDescribingJson object at 0x000001C3B1660740>]}


============================== 00:23:16.595298 | 57e0cfcf-ba8b-43eb-ba3d-f6a9e071ac97 ==============================
[0m00:23:16.595298 [info ] [MainThread]: Running with dbt=1.11.11
[0m00:23:16.596294 [debug] [MainThread]: running dbt with arguments {'version_check': 'True', 'no_print': 'None', 'static_parser': 'True', 'target_path': 'None', 'warn_error_options': 'WarnErrorOptionsV2(error=[], warn=[], silence=[])', 'printer_width': '80', 'write_json': 'True', 'introspect': 'True', 'log_cache_events': 'False', 'empty': 'False', 'cache_selected_only': 'False', 'log_format': 'default', 'debug': 'False', 'fail_fast': 'False', 'profiles_dir': 'C:\\Users\\61452\\.dbt', 'send_anonymous_usage_stats': 'True', 'quiet': 'False', 'warn_error': 'None', 'partial_parse': 'True', 'invocation_command': 'dbt run', 'indirect_selection': 'eager', 'use_colors': 'True', 'use_experimental_parser': 'False', 'log_path': 'F:\\Projects\\Data Engg Project\\Data Engg Project on Emails - OC\\new attempt\\email_project\\logs'}
[0m00:23:17.148548 [debug] [MainThread]: Snowflake adapter: Setting snowflake.connector to ERROR (file logging only)
[0m00:23:17.149547 [debug] [MainThread]: Snowflake adapter: Setting botocore to ERROR (file logging only)
[0m00:23:17.149547 [debug] [MainThread]: Snowflake adapter: Setting boto3 to ERROR (file logging only)
[0m00:23:17.332699 [debug] [MainThread]: Sending event: {'category': 'dbt', 'action': 'project_id', 'label': '57e0cfcf-ba8b-43eb-ba3d-f6a9e071ac97', 'context': [<snowplow_tracker.self_describing_json.SelfDescribingJson object at 0x000001C3AEB241A0>]}
[0m00:23:17.390704 [debug] [MainThread]: Sending event: {'category': 'dbt', 'action': 'adapter_info', 'label': '57e0cfcf-ba8b-43eb-ba3d-f6a9e071ac97', 'context': [<snowplow_tracker.self_describing_json.SelfDescribingJson object at 0x000001C3B4371160>]}
[0m00:23:17.391699 [info ] [MainThread]: Registered adapter: snowflake=1.11.6
[0m00:23:17.697056 [debug] [MainThread]: checksum: 30a8cc8fdcbf66701b0944d4ccce3fa46dd04b61e5df68b9f16d57b2e0e3f0be, vars: {}, profile: , target: , version: 1.11.11
[0m00:23:17.821659 [debug] [MainThread]: Partial parsing enabled: 0 files deleted, 0 files added, 1 files changed.
[0m00:23:17.822659 [debug] [MainThread]: Partial parsing: updated file: email_project://models\staging\stg_gmail_data.sql
[0m00:23:18.062403 [debug] [MainThread]: Sending event: {'category': 'dbt', 'action': 'load_project', 'label': '57e0cfcf-ba8b-43eb-ba3d-f6a9e071ac97', 'context': [<snowplow_tracker.self_describing_json.SelfDescribingJson object at 0x000001C3B4A21550>]}
[0m00:23:18.135948 [debug] [MainThread]: Wrote artifact WritableManifest to F:\Projects\Data Engg Project\Data Engg Project on Emails - OC\new attempt\email_project\target\manifest.json
[0m00:23:18.138927 [debug] [MainThread]: Wrote artifact SemanticManifest to F:\Projects\Data Engg Project\Data Engg Project on Emails - OC\new attempt\email_project\target\semantic_manifest.json
[0m00:23:18.151955 [debug] [MainThread]: Sending event: {'category': 'dbt', 'action': 'resource_counts', 'label': '57e0cfcf-ba8b-43eb-ba3d-f6a9e071ac97', 'context': [<snowplow_tracker.self_describing_json.SelfDescribingJson object at 0x000001C3B490EE40>]}
[0m00:23:18.151955 [info ] [MainThread]: Found 1 model, 1 source, 538 macros
[0m00:23:18.152956 [debug] [MainThread]: Sending event: {'category': 'dbt', 'action': 'runnable_timing', 'label': '57e0cfcf-ba8b-43eb-ba3d-f6a9e071ac97', 'context': [<snowplow_tracker.self_describing_json.SelfDescribingJson object at 0x000001C3B4AB01A0>]}
[0m00:23:18.154940 [info ] [MainThread]: 
[0m00:23:18.155948 [info ] [MainThread]: Concurrency: 1 threads (target='dev')
[0m00:23:18.155948 [info ] [MainThread]: 
[0m00:23:18.156945 [debug] [MainThread]: Acquiring new snowflake connection 'master'
[0m00:23:18.157944 [debug] [ThreadPool]: Acquiring new snowflake connection 'list_email_db'
[0m00:23:18.227512 [debug] [ThreadPool]: Using snowflake connection "list_email_db"
[0m00:23:18.227512 [debug] [ThreadPool]: On list_email_db: show terse schemas in database email_db
    limit 10000
/* {"app": "dbt", "dbt_version": "1.11.11", "profile_name": "email_project", "target_name": "dev", "connection_name": "list_email_db"} */
[0m00:23:18.228512 [debug] [ThreadPool]: Opening a new connection, currently in state init
[0m00:23:19.124633 [debug] [ThreadPool]: SQL status: SUCCESS 4 in 0.896 seconds
[0m00:23:19.128629 [debug] [ThreadPool]: Acquiring new snowflake connection 'list_email_db_staging'
[0m00:23:19.141185 [debug] [ThreadPool]: Using snowflake connection "list_email_db_staging"
[0m00:23:19.142185 [debug] [ThreadPool]: On list_email_db_staging: show objects in email_db.staging
    limit 10000
    

/* {"app": "dbt", "dbt_version": "1.11.11", "profile_name": "email_project", "target_name": "dev", "connection_name": "list_email_db_staging"} */;
[0m00:23:19.142185 [debug] [ThreadPool]: Opening a new connection, currently in state init
[0m00:23:19.581288 [debug] [ThreadPool]: SQL status: SUCCESS 0 in 0.438 seconds
[0m00:23:19.583341 [debug] [MainThread]: Sending event: {'category': 'dbt', 'action': 'runnable_timing', 'label': '57e0cfcf-ba8b-43eb-ba3d-f6a9e071ac97', 'context': [<snowplow_tracker.self_describing_json.SelfDescribingJson object at 0x000001C3B4C12840>]}
[0m00:23:19.587288 [debug] [Thread-2 (]: Began running node model.email_project.stg_gmail_data
[0m00:23:19.588290 [info ] [Thread-2 (]: 1 of 1 START sql table model staging.stg_gmail_data ............................ [RUN]
[0m00:23:19.589282 [debug] [Thread-2 (]: Acquiring new snowflake connection 'model.email_project.stg_gmail_data'
[0m00:23:19.590295 [debug] [Thread-2 (]: Began compiling node model.email_project.stg_gmail_data
[0m00:23:19.597299 [debug] [Thread-2 (]: Writing injected SQL for node "model.email_project.stg_gmail_data"
[0m00:23:19.598304 [debug] [Thread-2 (]: Began executing node model.email_project.stg_gmail_data
[0m00:23:19.631085 [debug] [Thread-2 (]: Writing runtime sql for node "model.email_project.stg_gmail_data"
[0m00:23:19.633060 [debug] [Thread-2 (]: Using snowflake connection "model.email_project.stg_gmail_data"
[0m00:23:19.633060 [debug] [Thread-2 (]: On model.email_project.stg_gmail_data: create or replace transient table email_db.staging.stg_gmail_data
    
    
    
    as (
with msg_rank as(
    SELECT 
        MESSAGE_ID,
        LOWER(SENDER_EMAIL) AS sender_email,
        SENDER_DISPLAY_NAME AS SENDER_NAME,
        SENDER_DOMAIN,
        SENDER_DOMAIN_TYPE,
        CASE
            WHEN CC IS NULL THEN 'None'
            ELSE CC
        END AS CC,
        RECIPIENT_COUNT,    
        SUBJECT,    
        FOLDER,
        SPLIT(ALL_LABELS, ', INBOX')[0] AS ALL_LABELS,    
        SIZE_BYTES,
        ATTACHMENT_COUNT,
        HAS_ATTACHMENTS,  
        IS_READ,
        IS_STARRED,
        IS_REPLIED,   
        TO_TIMESTAMP(THREAD_FIRST_MESSAGE_AT, 'YYYY/MM/DD HH24:MI') AS THREAD_FIRST_MESSAGE_AT,           
        THREAD_PARTICIPANT_COUNT,
        RANK () OVER (PARTITION BY MESSAGE_ID ORDER BY TIMESTAMPS desc) AS rnk
    from email_db.raw.gmail_data
)
SELECT         
        ROW_NUMBER() OVER (ORDER BY THREAD_FIRST_MESSAGE_AT DESC) AS SL,
        SENDER_NAME,
        sender_email,
        SENDER_DOMAIN,
        SENDER_DOMAIN_TYPE,
        CC,
        RECIPIENT_COUNT,    
        SUBJECT,    
        FOLDER,
        ALL_LABELS,    
        SIZE_BYTES,
        ATTACHMENT_COUNT,
        HAS_ATTACHMENTS,  
        IS_READ,
        IS_STARRED,
        IS_REPLIED, 
        SPLIT(THREAD_FIRST_MESSAGE_AT, ' ')[0] ::DATE AS RECEIVE_DATE,
        SPLIT(THREAD_FIRST_MESSAGE_AT, ' ')[1]::TIME AS RECEIVE_TIME,
        EXTRACT(dow from RECEIVE_DATE) AS DAY_OF_WEEK,           
        THREAD_PARTICIPANT_COUNT, 
    FROM msg_rank WHERE rnk = 1
    )

/* {"app": "dbt", "dbt_version": "1.11.11", "profile_name": "email_project", "target_name": "dev", "node_id": "model.email_project.stg_gmail_data"} */;
[0m00:23:19.634076 [debug] [Thread-2 (]: Opening a new connection, currently in state init
[0m00:23:20.606786 [debug] [Thread-2 (]: Snowflake adapter: Snowflake query id: 01c67f57-0003-a8e9-0000-0003502e8455
[0m00:23:20.606786 [debug] [Thread-2 (]: Snowflake adapter: Snowflake error: 100096 (22007): Can't parse '2023-08-06 10:40' as timestamp with format 'YYYY/MM/DD HH24:MI'
[0m00:23:20.609814 [debug] [Thread-2 (]: Database Error in model stg_gmail_data (models\staging\stg_gmail_data.sql)
  100096 (22007): Can't parse '2023-08-06 10:40' as timestamp with format 'YYYY/MM/DD HH24:MI'
  compiled code at target\run\email_project\models\staging\stg_gmail_data.sql
[0m00:23:20.612306 [debug] [Thread-2 (]: Sending event: {'category': 'dbt', 'action': 'run_model', 'label': '57e0cfcf-ba8b-43eb-ba3d-f6a9e071ac97', 'context': [<snowplow_tracker.self_describing_json.SelfDescribingJson object at 0x000001C3B1179100>]}
[0m00:23:20.613336 [error] [Thread-2 (]: 1 of 1 ERROR creating sql table model staging.stg_gmail_data ................... [[31mERROR[0m in 1.02s]
[0m00:23:20.614319 [debug] [Thread-2 (]: Finished running node model.email_project.stg_gmail_data
[0m00:23:20.615317 [debug] [Thread-5 (]: Marking all children of 'model.email_project.stg_gmail_data' to be skipped because of status 'error'.  Reason: Database Error in model stg_gmail_data (models\staging\stg_gmail_data.sql)
  100096 (22007): Can't parse '2023-08-06 10:40' as timestamp with format 'YYYY/MM/DD HH24:MI'
  compiled code at target\run\email_project\models\staging\stg_gmail_data.sql.
[0m00:23:20.617323 [debug] [MainThread]: Connection 'master' was properly closed.
[0m00:23:20.617323 [debug] [MainThread]: Connection 'list_email_db' was left open.
[0m00:23:20.617323 [debug] [MainThread]: On list_email_db: Close
[0m00:23:20.756076 [debug] [MainThread]: Connection 'list_email_db_staging' was left open.
[0m00:23:20.756076 [debug] [MainThread]: On list_email_db_staging: Close
[0m00:23:20.913148 [debug] [MainThread]: Connection 'model.email_project.stg_gmail_data' was left open.
[0m00:23:20.913148 [debug] [MainThread]: On model.email_project.stg_gmail_data: Close
[0m00:23:21.186607 [info ] [MainThread]: 
[0m00:23:21.187602 [info ] [MainThread]: Finished running 1 table model in 0 hours 0 minutes and 3.03 seconds (3.03s).
[0m00:23:21.188620 [debug] [MainThread]: Command end result
[0m00:23:21.218619 [debug] [MainThread]: Wrote artifact WritableManifest to F:\Projects\Data Engg Project\Data Engg Project on Emails - OC\new attempt\email_project\target\manifest.json
[0m00:23:21.220611 [debug] [MainThread]: Wrote artifact SemanticManifest to F:\Projects\Data Engg Project\Data Engg Project on Emails - OC\new attempt\email_project\target\semantic_manifest.json
[0m00:23:21.227625 [debug] [MainThread]: Wrote artifact RunExecutionResult to F:\Projects\Data Engg Project\Data Engg Project on Emails - OC\new attempt\email_project\target\run_results.json
[0m00:23:21.228601 [info ] [MainThread]: 
[0m00:23:21.229619 [info ] [MainThread]: [31mCompleted with 1 error, 0 partial successes, and 0 warnings:[0m
[0m00:23:21.230602 [info ] [MainThread]: 
[0m00:23:21.230602 [error] [MainThread]: [31mFailure in model stg_gmail_data (models\staging\stg_gmail_data.sql)[0m
[0m00:23:21.231609 [error] [MainThread]:   Database Error in model stg_gmail_data (models\staging\stg_gmail_data.sql)
  100096 (22007): Can't parse '2023-08-06 10:40' as timestamp with format 'YYYY/MM/DD HH24:MI'
  compiled code at target\run\email_project\models\staging\stg_gmail_data.sql
[0m00:23:21.232610 [info ] [MainThread]: 
[0m00:23:21.233615 [info ] [MainThread]:   compiled code at target\compiled\email_project\models\staging\stg_gmail_data.sql
[0m00:23:21.233615 [info ] [MainThread]: 
[0m00:23:21.234629 [info ] [MainThread]: Done. PASS=0 WARN=0 ERROR=1 SKIP=0 NO-OP=0 TOTAL=1
[0m00:23:21.235622 [debug] [MainThread]: Command `dbt run` failed at 00:23:21.235622 after 4.84 seconds
[0m00:23:21.236602 [debug] [MainThread]: Sending event: {'category': 'dbt', 'action': 'invocation', 'label': 'end', 'context': [<snowplow_tracker.self_describing_json.SelfDescribingJson object at 0x000001C3B14F88F0>, <snowplow_tracker.self_describing_json.SelfDescribingJson object at 0x000001C3B188B890>, <snowplow_tracker.self_describing_json.SelfDescribingJson object at 0x000001C3B188B920>]}
[0m00:23:21.236602 [debug] [MainThread]: Flushing usage events
[0m00:23:22.492656 [debug] [MainThread]: An error was encountered while trying to flush usage events
[0m12:01:25.143967 [debug] [MainThread]: Sending event: {'category': 'dbt', 'action': 'invocation', 'label': 'start', 'context': [<snowplow_tracker.self_describing_json.SelfDescribingJson object at 0x000001A84D80EFC0>, <snowplow_tracker.self_describing_json.SelfDescribingJson object at 0x000001A84ACFAF90>, <snowplow_tracker.self_describing_json.SelfDescribingJson object at 0x000001A84DC1F8F0>]}


============================== 12:01:25.154034 | 08339092-a167-4733-a950-be00e6d49703 ==============================
[0m12:01:25.154034 [info ] [MainThread]: Running with dbt=1.11.11
[0m12:01:25.155041 [debug] [MainThread]: running dbt with arguments {'version_check': 'True', 'no_print': 'None', 'static_parser': 'True', 'warn_error_options': 'WarnErrorOptionsV2(error=[], warn=[], silence=[])', 'target_path': 'None', 'printer_width': '80', 'write_json': 'True', 'empty': 'False', 'log_cache_events': 'False', 'introspect': 'True', 'cache_selected_only': 'False', 'fail_fast': 'False', 'debug': 'False', 'log_format': 'default', 'partial_parse': 'True', 'send_anonymous_usage_stats': 'True', 'quiet': 'False', 'warn_error': 'None', 'profiles_dir': 'C:\\Users\\61452\\.dbt', 'indirect_selection': 'eager', 'use_colors': 'True', 'invocation_command': 'dbt run', 'use_experimental_parser': 'False', 'log_path': 'F:\\Projects\\Data Engg Project\\Data Engg Project on Emails - OC\\new attempt\\email_project\\logs'}
[0m12:01:26.970779 [debug] [MainThread]: Snowflake adapter: Setting snowflake.connector to ERROR (file logging only)
[0m12:01:26.972300 [debug] [MainThread]: Snowflake adapter: Setting botocore to ERROR (file logging only)
[0m12:01:26.973335 [debug] [MainThread]: Snowflake adapter: Setting boto3 to ERROR (file logging only)
[0m12:01:27.436682 [debug] [MainThread]: Sending event: {'category': 'dbt', 'action': 'project_id', 'label': '08339092-a167-4733-a950-be00e6d49703', 'context': [<snowplow_tracker.self_describing_json.SelfDescribingJson object at 0x000001A850E9DC70>]}
[0m12:01:27.555021 [debug] [MainThread]: Sending event: {'category': 'dbt', 'action': 'adapter_info', 'label': '08339092-a167-4733-a950-be00e6d49703', 'context': [<snowplow_tracker.self_describing_json.SelfDescribingJson object at 0x000001A850B90E30>]}
[0m12:01:27.557021 [info ] [MainThread]: Registered adapter: snowflake=1.11.6
[0m12:01:28.478635 [debug] [MainThread]: checksum: 30a8cc8fdcbf66701b0944d4ccce3fa46dd04b61e5df68b9f16d57b2e0e3f0be, vars: {}, profile: , target: , version: 1.11.11
[0m12:01:31.130542 [debug] [MainThread]: Partial parsing enabled: 0 files deleted, 0 files added, 1 files changed.
[0m12:01:31.130542 [debug] [MainThread]: Partial parsing: updated file: email_project://models\staging\stg_gmail_data.sql
[0m12:01:32.749232 [debug] [MainThread]: Sending event: {'category': 'dbt', 'action': 'load_project', 'label': '08339092-a167-4733-a950-be00e6d49703', 'context': [<snowplow_tracker.self_describing_json.SelfDescribingJson object at 0x000001A8515319D0>]}
[0m12:01:32.929806 [debug] [MainThread]: Wrote artifact WritableManifest to F:\Projects\Data Engg Project\Data Engg Project on Emails - OC\new attempt\email_project\target\manifest.json
[0m12:01:32.976487 [debug] [MainThread]: Wrote artifact SemanticManifest to F:\Projects\Data Engg Project\Data Engg Project on Emails - OC\new attempt\email_project\target\semantic_manifest.json
[0m12:01:33.037318 [debug] [MainThread]: Sending event: {'category': 'dbt', 'action': 'resource_counts', 'label': '08339092-a167-4733-a950-be00e6d49703', 'context': [<snowplow_tracker.self_describing_json.SelfDescribingJson object at 0x000001A8516D6DB0>]}
[0m12:01:33.038320 [info ] [MainThread]: Found 1 model, 1 source, 538 macros
[0m12:01:33.040830 [debug] [MainThread]: Sending event: {'category': 'dbt', 'action': 'runnable_timing', 'label': '08339092-a167-4733-a950-be00e6d49703', 'context': [<snowplow_tracker.self_describing_json.SelfDescribingJson object at 0x000001A8516CA3F0>]}
[0m12:01:33.044357 [info ] [MainThread]: 
[0m12:01:33.045369 [info ] [MainThread]: Concurrency: 1 threads (target='dev')
[0m12:01:33.045369 [info ] [MainThread]: 
[0m12:01:33.046368 [debug] [MainThread]: Acquiring new snowflake connection 'master'
[0m12:01:33.051909 [debug] [ThreadPool]: Acquiring new snowflake connection 'list_email_db'
[0m12:01:40.023765 [debug] [ThreadPool]: Using snowflake connection "list_email_db"
[0m12:01:40.023765 [debug] [ThreadPool]: On list_email_db: show terse schemas in database email_db
    limit 10000
/* {"app": "dbt", "dbt_version": "1.11.11", "profile_name": "email_project", "target_name": "dev", "connection_name": "list_email_db"} */
[0m12:01:40.025275 [debug] [ThreadPool]: Opening a new connection, currently in state init
[0m12:01:44.034021 [debug] [ThreadPool]: SQL status: SUCCESS 4 in 4.009 seconds
[0m12:01:44.038024 [debug] [ThreadPool]: Acquiring new snowflake connection 'list_email_db_staging'
[0m12:01:44.051692 [debug] [ThreadPool]: Using snowflake connection "list_email_db_staging"
[0m12:01:44.051692 [debug] [ThreadPool]: On list_email_db_staging: show objects in email_db.staging
    limit 10000
    

/* {"app": "dbt", "dbt_version": "1.11.11", "profile_name": "email_project", "target_name": "dev", "connection_name": "list_email_db_staging"} */;
[0m12:01:44.053202 [debug] [ThreadPool]: Opening a new connection, currently in state init
[0m12:01:44.688712 [debug] [ThreadPool]: SQL status: SUCCESS 0 in 0.636 seconds
[0m12:01:44.691225 [debug] [MainThread]: Sending event: {'category': 'dbt', 'action': 'runnable_timing', 'label': '08339092-a167-4733-a950-be00e6d49703', 'context': [<snowplow_tracker.self_describing_json.SelfDescribingJson object at 0x000001A851558530>]}
[0m12:01:44.707942 [debug] [Thread-2 (]: Began running node model.email_project.stg_gmail_data
[0m12:01:44.708940 [info ] [Thread-2 (]: 1 of 1 START sql table model staging.stg_gmail_data ............................ [RUN]
[0m12:01:44.710448 [debug] [Thread-2 (]: Acquiring new snowflake connection 'model.email_project.stg_gmail_data'
[0m12:01:44.711462 [debug] [Thread-2 (]: Began compiling node model.email_project.stg_gmail_data
[0m12:01:44.720983 [debug] [Thread-2 (]: Writing injected SQL for node "model.email_project.stg_gmail_data"
[0m12:01:44.728148 [debug] [Thread-2 (]: Began executing node model.email_project.stg_gmail_data
[0m12:01:44.794671 [debug] [Thread-2 (]: Writing runtime sql for node "model.email_project.stg_gmail_data"
[0m12:01:44.798670 [debug] [Thread-2 (]: Using snowflake connection "model.email_project.stg_gmail_data"
[0m12:01:44.798670 [debug] [Thread-2 (]: On model.email_project.stg_gmail_data: create or replace transient table email_db.staging.stg_gmail_data
    
    
    
    as (
with msg_rank as(
    SELECT 
        MESSAGE_ID,
        LOWER(SENDER_EMAIL) AS sender_email,
        SENDER_DISPLAY_NAME AS SENDER_NAME,
        SENDER_DOMAIN,
        SENDER_DOMAIN_TYPE,
        CASE
            WHEN CC IS NULL THEN 'None'
            ELSE CC
        END AS CC,
        RECIPIENT_COUNT,    
        SUBJECT,    
        FOLDER,
        SPLIT(ALL_LABELS, ', INBOX')[0] AS ALL_LABELS,    
        SIZE_BYTES,
        ATTACHMENT_COUNT,
        HAS_ATTACHMENTS,  
        IS_READ,
        IS_STARRED,
        IS_REPLIED,   
        TO_TIMESTAMP(THREAD_FIRST_MESSAGE_AT, 'DD/MM/YYYY HH24:MI') AS THREAD_FIRST_MESSAGE_AT,           
        THREAD_PARTICIPANT_COUNT,
        RANK () OVER (PARTITION BY MESSAGE_ID ORDER BY TIMESTAMPS desc) AS rnk
    from email_db.raw.gmail_data
)
SELECT         
        ROW_NUMBER() OVER (ORDER BY THREAD_FIRST_MESSAGE_AT DESC) AS SL,
        SENDER_NAME,
        sender_email,
        SENDER_DOMAIN,
        SENDER_DOMAIN_TYPE,
        CC,
        RECIPIENT_COUNT,    
        SUBJECT,    
        FOLDER,
        ALL_LABELS,    
        SIZE_BYTES,
        ATTACHMENT_COUNT,
        HAS_ATTACHMENTS,  
        IS_READ,
        IS_STARRED,
        IS_REPLIED, 
        SPLIT(THREAD_FIRST_MESSAGE_AT, ' ')[0] ::DATE AS RECEIVE_DATE,
        SPLIT(THREAD_FIRST_MESSAGE_AT, ' ')[1]::TIME AS RECEIVE_TIME,
        EXTRACT(dow from RECEIVE_DATE) AS DAY_OF_WEEK,           
        THREAD_PARTICIPANT_COUNT, 
    FROM msg_rank WHERE rnk = 1
    )

/* {"app": "dbt", "dbt_version": "1.11.11", "profile_name": "email_project", "target_name": "dev", "node_id": "model.email_project.stg_gmail_data"} */;
[0m12:01:44.799667 [debug] [Thread-2 (]: Opening a new connection, currently in state init
[0m12:01:49.143612 [debug] [Thread-2 (]: Snowflake adapter: Snowflake query id: 01c69892-0003-ac2d-0003-502e000208be
[0m12:01:49.145609 [debug] [Thread-2 (]: Snowflake adapter: Snowflake error: 100096 (22007): Can't parse '2026-02-12 17:45' as timestamp with format 'DD/MM/YYYY HH24:MI'
[0m12:01:49.161668 [debug] [Thread-2 (]: Database Error in model stg_gmail_data (models\staging\stg_gmail_data.sql)
  100096 (22007): Can't parse '2026-02-12 17:45' as timestamp with format 'DD/MM/YYYY HH24:MI'
  compiled code at target\run\email_project\models\staging\stg_gmail_data.sql
[0m12:01:49.164669 [debug] [Thread-2 (]: Sending event: {'category': 'dbt', 'action': 'run_model', 'label': '08339092-a167-4733-a950-be00e6d49703', 'context': [<snowplow_tracker.self_describing_json.SelfDescribingJson object at 0x000001A84DC493D0>]}
[0m12:01:49.165665 [error] [Thread-2 (]: 1 of 1 ERROR creating sql table model staging.stg_gmail_data ................... [[31mERROR[0m in 4.45s]
[0m12:01:49.167664 [debug] [Thread-2 (]: Finished running node model.email_project.stg_gmail_data
[0m12:01:49.167664 [debug] [Thread-5 (]: Marking all children of 'model.email_project.stg_gmail_data' to be skipped because of status 'error'.  Reason: Database Error in model stg_gmail_data (models\staging\stg_gmail_data.sql)
  100096 (22007): Can't parse '2026-02-12 17:45' as timestamp with format 'DD/MM/YYYY HH24:MI'
  compiled code at target\run\email_project\models\staging\stg_gmail_data.sql.
[0m12:01:49.170665 [debug] [MainThread]: Connection 'master' was properly closed.
[0m12:01:49.170665 [debug] [MainThread]: Connection 'list_email_db' was left open.
[0m12:01:49.171812 [debug] [MainThread]: On list_email_db: Close
[0m12:01:49.619143 [debug] [MainThread]: Connection 'list_email_db_staging' was left open.
[0m12:01:49.619143 [debug] [MainThread]: On list_email_db_staging: Close
[0m12:01:49.801304 [debug] [MainThread]: Connection 'model.email_project.stg_gmail_data' was left open.
[0m12:01:49.805473 [debug] [MainThread]: On model.email_project.stg_gmail_data: Close
[0m12:01:49.969738 [info ] [MainThread]: 
[0m12:01:49.970290 [info ] [MainThread]: Finished running 1 table model in 0 hours 0 minutes and 16.92 seconds (16.92s).
[0m12:01:49.972833 [debug] [MainThread]: Command end result
[0m12:01:50.164028 [debug] [MainThread]: Wrote artifact WritableManifest to F:\Projects\Data Engg Project\Data Engg Project on Emails - OC\new attempt\email_project\target\manifest.json
[0m12:01:50.169001 [debug] [MainThread]: Wrote artifact SemanticManifest to F:\Projects\Data Engg Project\Data Engg Project on Emails - OC\new attempt\email_project\target\semantic_manifest.json
[0m12:01:50.175035 [debug] [MainThread]: Wrote artifact RunExecutionResult to F:\Projects\Data Engg Project\Data Engg Project on Emails - OC\new attempt\email_project\target\run_results.json
[0m12:01:50.176038 [info ] [MainThread]: 
[0m12:01:50.177033 [info ] [MainThread]: [31mCompleted with 1 error, 0 partial successes, and 0 warnings:[0m
[0m12:01:50.178029 [info ] [MainThread]: 
[0m12:01:50.179032 [error] [MainThread]: [31mFailure in model stg_gmail_data (models\staging\stg_gmail_data.sql)[0m
[0m12:01:50.181563 [error] [MainThread]:   Database Error in model stg_gmail_data (models\staging\stg_gmail_data.sql)
  100096 (22007): Can't parse '2026-02-12 17:45' as timestamp with format 'DD/MM/YYYY HH24:MI'
  compiled code at target\run\email_project\models\staging\stg_gmail_data.sql
[0m12:01:50.182573 [info ] [MainThread]: 
[0m12:01:50.183603 [info ] [MainThread]:   compiled code at target\compiled\email_project\models\staging\stg_gmail_data.sql
[0m12:01:50.187598 [info ] [MainThread]: 
[0m12:01:50.193194 [info ] [MainThread]: Done. PASS=0 WARN=0 ERROR=1 SKIP=0 NO-OP=0 TOTAL=1
[0m12:01:50.195760 [debug] [MainThread]: Command `dbt run` failed at 12:01:50.195760 after 25.37 seconds
[0m12:01:50.197750 [debug] [MainThread]: Sending event: {'category': 'dbt', 'action': 'invocation', 'label': 'end', 'context': [<snowplow_tracker.self_describing_json.SelfDescribingJson object at 0x000001A84DC1F8F0>, <snowplow_tracker.self_describing_json.SelfDescribingJson object at 0x000001A84FD62D50>, <snowplow_tracker.self_describing_json.SelfDescribingJson object at 0x000001A8504E8770>]}
[0m12:01:50.199745 [debug] [MainThread]: Flushing usage events
[0m12:01:51.458704 [debug] [MainThread]: An error was encountered while trying to flush usage events
[0m12:04:37.633024 [debug] [MainThread]: Sending event: {'category': 'dbt', 'action': 'invocation', 'label': 'start', 'context': [<snowplow_tracker.self_describing_json.SelfDescribingJson object at 0x0000013670D14A70>, <snowplow_tracker.self_describing_json.SelfDescribingJson object at 0x0000013674A5F6E0>, <snowplow_tracker.self_describing_json.SelfDescribingJson object at 0x0000013674A5F110>]}


============================== 12:04:37.641554 | c63958eb-0b29-49f9-841d-fa050eebc0ca ==============================
[0m12:04:37.641554 [info ] [MainThread]: Running with dbt=1.11.11
[0m12:04:37.643540 [debug] [MainThread]: running dbt with arguments {'static_parser': 'True', 'no_print': 'None', 'version_check': 'True', 'warn_error_options': 'WarnErrorOptionsV2(error=[], warn=[], silence=[])', 'target_path': 'None', 'printer_width': '80', 'write_json': 'True', 'introspect': 'True', 'log_cache_events': 'False', 'empty': 'False', 'cache_selected_only': 'False', 'fail_fast': 'False', 'debug': 'False', 'log_format': 'default', 'profiles_dir': 'C:\\Users\\61452\\.dbt', 'send_anonymous_usage_stats': 'True', 'quiet': 'False', 'warn_error': 'None', 'partial_parse': 'True', 'invocation_command': 'dbt run', 'indirect_selection': 'eager', 'use_colors': 'True', 'use_experimental_parser': 'False', 'log_path': 'F:\\Projects\\Data Engg Project\\Data Engg Project on Emails - OC\\new attempt\\email_project\\logs'}
[0m12:04:38.595094 [debug] [MainThread]: Snowflake adapter: Setting snowflake.connector to ERROR (file logging only)
[0m12:04:38.596114 [debug] [MainThread]: Snowflake adapter: Setting botocore to ERROR (file logging only)
[0m12:04:38.596114 [debug] [MainThread]: Snowflake adapter: Setting boto3 to ERROR (file logging only)
[0m12:04:38.863879 [debug] [MainThread]: Sending event: {'category': 'dbt', 'action': 'project_id', 'label': 'c63958eb-0b29-49f9-841d-fa050eebc0ca', 'context': [<snowplow_tracker.self_describing_json.SelfDescribingJson object at 0x00000136770935F0>]}
[0m12:04:38.948376 [debug] [MainThread]: Sending event: {'category': 'dbt', 'action': 'adapter_info', 'label': 'c63958eb-0b29-49f9-841d-fa050eebc0ca', 'context': [<snowplow_tracker.self_describing_json.SelfDescribingJson object at 0x0000013676EE5730>]}
[0m12:04:38.951390 [info ] [MainThread]: Registered adapter: snowflake=1.11.6
[0m12:04:39.446197 [debug] [MainThread]: checksum: 30a8cc8fdcbf66701b0944d4ccce3fa46dd04b61e5df68b9f16d57b2e0e3f0be, vars: {}, profile: , target: , version: 1.11.11
[0m12:04:39.633397 [debug] [MainThread]: Partial parsing enabled: 0 files deleted, 0 files added, 1 files changed.
[0m12:04:39.634400 [debug] [MainThread]: Partial parsing: updated file: email_project://models\staging\stg_gmail_data.sql
[0m12:04:40.025465 [debug] [MainThread]: Sending event: {'category': 'dbt', 'action': 'load_project', 'label': 'c63958eb-0b29-49f9-841d-fa050eebc0ca', 'context': [<snowplow_tracker.self_describing_json.SelfDescribingJson object at 0x00000136778952B0>]}
[0m12:04:40.138624 [debug] [MainThread]: Wrote artifact WritableManifest to F:\Projects\Data Engg Project\Data Engg Project on Emails - OC\new attempt\email_project\target\manifest.json
[0m12:04:40.142140 [debug] [MainThread]: Wrote artifact SemanticManifest to F:\Projects\Data Engg Project\Data Engg Project on Emails - OC\new attempt\email_project\target\semantic_manifest.json
[0m12:04:40.157663 [debug] [MainThread]: Sending event: {'category': 'dbt', 'action': 'resource_counts', 'label': 'c63958eb-0b29-49f9-841d-fa050eebc0ca', 'context': [<snowplow_tracker.self_describing_json.SelfDescribingJson object at 0x000001367755A5D0>]}
[0m12:04:40.159191 [info ] [MainThread]: Found 1 model, 1 source, 538 macros
[0m12:04:40.159191 [debug] [MainThread]: Sending event: {'category': 'dbt', 'action': 'runnable_timing', 'label': 'c63958eb-0b29-49f9-841d-fa050eebc0ca', 'context': [<snowplow_tracker.self_describing_json.SelfDescribingJson object at 0x0000013677887140>]}
[0m12:04:40.161711 [info ] [MainThread]: 
[0m12:04:40.163718 [info ] [MainThread]: Concurrency: 1 threads (target='dev')
[0m12:04:40.164726 [info ] [MainThread]: 
[0m12:04:40.165721 [debug] [MainThread]: Acquiring new snowflake connection 'master'
[0m12:04:40.173997 [debug] [ThreadPool]: Acquiring new snowflake connection 'list_email_db'
[0m12:04:40.274679 [debug] [ThreadPool]: Using snowflake connection "list_email_db"
[0m12:04:40.275676 [debug] [ThreadPool]: On list_email_db: show terse schemas in database email_db
    limit 10000
/* {"app": "dbt", "dbt_version": "1.11.11", "profile_name": "email_project", "target_name": "dev", "connection_name": "list_email_db"} */
[0m12:04:40.275676 [debug] [ThreadPool]: Opening a new connection, currently in state init
[0m12:04:42.250310 [debug] [ThreadPool]: SQL status: SUCCESS 4 in 1.975 seconds
[0m12:04:42.254447 [debug] [ThreadPool]: Acquiring new snowflake connection 'list_email_db_staging'
[0m12:04:42.279621 [debug] [ThreadPool]: Using snowflake connection "list_email_db_staging"
[0m12:04:42.280622 [debug] [ThreadPool]: On list_email_db_staging: show objects in email_db.staging
    limit 10000
    

/* {"app": "dbt", "dbt_version": "1.11.11", "profile_name": "email_project", "target_name": "dev", "connection_name": "list_email_db_staging"} */;
[0m12:04:42.282635 [debug] [ThreadPool]: Opening a new connection, currently in state init
[0m12:04:43.368255 [debug] [ThreadPool]: SQL status: SUCCESS 0 in 1.086 seconds
[0m12:04:43.371782 [debug] [MainThread]: Sending event: {'category': 'dbt', 'action': 'runnable_timing', 'label': 'c63958eb-0b29-49f9-841d-fa050eebc0ca', 'context': [<snowplow_tracker.self_describing_json.SelfDescribingJson object at 0x0000013675CF7770>]}
[0m12:04:43.376798 [debug] [Thread-2 (]: Began running node model.email_project.stg_gmail_data
[0m12:04:43.378340 [info ] [Thread-2 (]: 1 of 1 START sql table model staging.stg_gmail_data ............................ [RUN]
[0m12:04:43.379392 [debug] [Thread-2 (]: Acquiring new snowflake connection 'model.email_project.stg_gmail_data'
[0m12:04:43.380353 [debug] [Thread-2 (]: Began compiling node model.email_project.stg_gmail_data
[0m12:04:43.390877 [debug] [Thread-2 (]: Writing injected SQL for node "model.email_project.stg_gmail_data"
[0m12:04:43.392885 [debug] [Thread-2 (]: Began executing node model.email_project.stg_gmail_data
[0m12:04:43.444974 [debug] [Thread-2 (]: Writing runtime sql for node "model.email_project.stg_gmail_data"
[0m12:04:43.449509 [debug] [Thread-2 (]: Using snowflake connection "model.email_project.stg_gmail_data"
[0m12:04:43.450523 [debug] [Thread-2 (]: On model.email_project.stg_gmail_data: create or replace transient table email_db.staging.stg_gmail_data
    
    
    
    as (
with msg_rank as(
    SELECT 
        MESSAGE_ID,
        LOWER(SENDER_EMAIL) AS sender_email,
        SENDER_DISPLAY_NAME AS SENDER_NAME,
        SENDER_DOMAIN,
        SENDER_DOMAIN_TYPE,
        CASE
            WHEN CC IS NULL THEN 'None'
            ELSE CC
        END AS CC,
        RECIPIENT_COUNT,    
        SUBJECT,    
        FOLDER,
        SPLIT(ALL_LABELS, ', INBOX')[0] AS ALL_LABELS,    
        SIZE_BYTES,
        ATTACHMENT_COUNT,
        HAS_ATTACHMENTS,  
        IS_READ,
        IS_STARRED,
        IS_REPLIED,   
        TO_TIMESTAMP(THREAD_FIRST_MESSAGE_AT, 'YYYY/MM/DD HH24:MI') AS THREAD_FIRST_MESSAGE_AT,           
        THREAD_PARTICIPANT_COUNT,
        RANK () OVER (PARTITION BY MESSAGE_ID ORDER BY TIMESTAMPS desc) AS rnk
    from email_db.raw.gmail_data
)
SELECT         
        ROW_NUMBER() OVER (ORDER BY THREAD_FIRST_MESSAGE_AT DESC) AS SL,
        SENDER_NAME,
        sender_email,
        SENDER_DOMAIN,
        SENDER_DOMAIN_TYPE,
        CC,
        RECIPIENT_COUNT,    
        SUBJECT,    
        FOLDER,
        ALL_LABELS,    
        SIZE_BYTES,
        ATTACHMENT_COUNT,
        HAS_ATTACHMENTS,  
        IS_READ,
        IS_STARRED,
        IS_REPLIED, 
        SPLIT(THREAD_FIRST_MESSAGE_AT, ' ')[0] ::DATE AS RECEIVE_DATE,
        SPLIT(THREAD_FIRST_MESSAGE_AT, ' ')[1]::TIME AS RECEIVE_TIME,
        EXTRACT(dow from RECEIVE_DATE) AS DAY_OF_WEEK,           
        THREAD_PARTICIPANT_COUNT, 
    FROM msg_rank WHERE rnk = 1
    )

/* {"app": "dbt", "dbt_version": "1.11.11", "profile_name": "email_project", "target_name": "dev", "node_id": "model.email_project.stg_gmail_data"} */;
[0m12:04:43.450523 [debug] [Thread-2 (]: Opening a new connection, currently in state init
[0m12:04:45.489691 [debug] [Thread-2 (]: Snowflake adapter: Snowflake query id: 01c69895-0003-ac2d-0003-502e000208ca
[0m12:04:45.490688 [debug] [Thread-2 (]: Snowflake adapter: Snowflake error: 100096 (22007): Can't parse '2024-11-22 22:25' as timestamp with format 'YYYY/MM/DD HH24:MI'
[0m12:04:45.493251 [debug] [Thread-2 (]: Database Error in model stg_gmail_data (models\staging\stg_gmail_data.sql)
  100096 (22007): Can't parse '2024-11-22 22:25' as timestamp with format 'YYYY/MM/DD HH24:MI'
  compiled code at target\run\email_project\models\staging\stg_gmail_data.sql
[0m12:04:45.497236 [debug] [Thread-2 (]: Sending event: {'category': 'dbt', 'action': 'run_model', 'label': 'c63958eb-0b29-49f9-841d-fa050eebc0ca', 'context': [<snowplow_tracker.self_describing_json.SelfDescribingJson object at 0x0000013673DA83E0>]}
[0m12:04:45.498274 [error] [Thread-2 (]: 1 of 1 ERROR creating sql table model staging.stg_gmail_data ................... [[31mERROR[0m in 2.11s]
[0m12:04:45.498274 [debug] [Thread-2 (]: Finished running node model.email_project.stg_gmail_data
[0m12:04:45.499789 [debug] [Thread-5 (]: Marking all children of 'model.email_project.stg_gmail_data' to be skipped because of status 'error'.  Reason: Database Error in model stg_gmail_data (models\staging\stg_gmail_data.sql)
  100096 (22007): Can't parse '2024-11-22 22:25' as timestamp with format 'YYYY/MM/DD HH24:MI'
  compiled code at target\run\email_project\models\staging\stg_gmail_data.sql.
[0m12:04:45.502844 [debug] [MainThread]: Connection 'master' was properly closed.
[0m12:04:45.503811 [debug] [MainThread]: Connection 'list_email_db' was left open.
[0m12:04:45.504799 [debug] [MainThread]: On list_email_db: Close
[0m12:04:45.810513 [debug] [MainThread]: Connection 'list_email_db_staging' was left open.
[0m12:04:45.811533 [debug] [MainThread]: On list_email_db_staging: Close
[0m12:04:47.303403 [debug] [MainThread]: Connection 'model.email_project.stg_gmail_data' was left open.
[0m12:04:47.303403 [debug] [MainThread]: On model.email_project.stg_gmail_data: Close
[0m12:04:47.691628 [info ] [MainThread]: 
[0m12:04:47.692627 [info ] [MainThread]: Finished running 1 table model in 0 hours 0 minutes and 7.53 seconds (7.53s).
[0m12:04:47.694642 [debug] [MainThread]: Command end result
[0m12:04:47.760252 [debug] [MainThread]: Wrote artifact WritableManifest to F:\Projects\Data Engg Project\Data Engg Project on Emails - OC\new attempt\email_project\target\manifest.json
[0m12:04:47.764434 [debug] [MainThread]: Wrote artifact SemanticManifest to F:\Projects\Data Engg Project\Data Engg Project on Emails - OC\new attempt\email_project\target\semantic_manifest.json
[0m12:04:47.772034 [debug] [MainThread]: Wrote artifact RunExecutionResult to F:\Projects\Data Engg Project\Data Engg Project on Emails - OC\new attempt\email_project\target\run_results.json
[0m12:04:47.773035 [info ] [MainThread]: 
[0m12:04:47.773994 [info ] [MainThread]: [31mCompleted with 1 error, 0 partial successes, and 0 warnings:[0m
[0m12:04:47.775004 [info ] [MainThread]: 
[0m12:04:47.776020 [error] [MainThread]: [31mFailure in model stg_gmail_data (models\staging\stg_gmail_data.sql)[0m
[0m12:04:47.777006 [error] [MainThread]:   Database Error in model stg_gmail_data (models\staging\stg_gmail_data.sql)
  100096 (22007): Can't parse '2024-11-22 22:25' as timestamp with format 'YYYY/MM/DD HH24:MI'
  compiled code at target\run\email_project\models\staging\stg_gmail_data.sql
[0m12:04:47.778514 [info ] [MainThread]: 
[0m12:04:47.780700 [info ] [MainThread]:   compiled code at target\compiled\email_project\models\staging\stg_gmail_data.sql
[0m12:04:47.787425 [info ] [MainThread]: 
[0m12:04:47.789961 [info ] [MainThread]: Done. PASS=0 WARN=0 ERROR=1 SKIP=0 NO-OP=0 TOTAL=1
[0m12:04:47.793013 [debug] [MainThread]: Command `dbt run` failed at 12:04:47.792035 after 10.42 seconds
[0m12:04:47.794009 [debug] [MainThread]: Sending event: {'category': 'dbt', 'action': 'invocation', 'label': 'end', 'context': [<snowplow_tracker.self_describing_json.SelfDescribingJson object at 0x0000013675C74860>, <snowplow_tracker.self_describing_json.SelfDescribingJson object at 0x0000013677275430>, <snowplow_tracker.self_describing_json.SelfDescribingJson object at 0x0000013673D5B0B0>]}
[0m12:04:47.794979 [debug] [MainThread]: Flushing usage events
[0m12:04:48.902421 [debug] [MainThread]: An error was encountered while trying to flush usage events
[0m12:05:51.166722 [debug] [MainThread]: Sending event: {'category': 'dbt', 'action': 'invocation', 'label': 'start', 'context': [<snowplow_tracker.self_describing_json.SelfDescribingJson object at 0x000001AD6CE3C380>, <snowplow_tracker.self_describing_json.SelfDescribingJson object at 0x000001AD6C1B1F70>, <snowplow_tracker.self_describing_json.SelfDescribingJson object at 0x000001AD6982F2F0>]}


============================== 12:05:51.172435 | c0f1b02e-f67e-4fec-a8cf-86df52094c42 ==============================
[0m12:05:51.172435 [info ] [MainThread]: Running with dbt=1.11.11
[0m12:05:51.173433 [debug] [MainThread]: running dbt with arguments {'version_check': 'True', 'no_print': 'None', 'static_parser': 'True', 'target_path': 'None', 'warn_error_options': 'WarnErrorOptionsV2(error=[], warn=[], silence=[])', 'printer_width': '80', 'write_json': 'True', 'introspect': 'True', 'log_cache_events': 'False', 'empty': 'False', 'cache_selected_only': 'False', 'fail_fast': 'False', 'debug': 'False', 'log_format': 'default', 'profiles_dir': 'C:\\Users\\61452\\.dbt', 'send_anonymous_usage_stats': 'True', 'quiet': 'False', 'warn_error': 'None', 'partial_parse': 'True', 'indirect_selection': 'eager', 'invocation_command': 'dbt run', 'use_colors': 'True', 'use_experimental_parser': 'False', 'log_path': 'F:\\Projects\\Data Engg Project\\Data Engg Project on Emails - OC\\new attempt\\email_project\\logs'}
[0m12:05:52.121586 [debug] [MainThread]: Snowflake adapter: Setting snowflake.connector to ERROR (file logging only)
[0m12:05:52.122566 [debug] [MainThread]: Snowflake adapter: Setting botocore to ERROR (file logging only)
[0m12:05:52.122566 [debug] [MainThread]: Snowflake adapter: Setting boto3 to ERROR (file logging only)
[0m12:05:52.408842 [debug] [MainThread]: Sending event: {'category': 'dbt', 'action': 'project_id', 'label': 'c0f1b02e-f67e-4fec-a8cf-86df52094c42', 'context': [<snowplow_tracker.self_describing_json.SelfDescribingJson object at 0x000001AD6E684D70>]}
[0m12:05:52.529433 [debug] [MainThread]: Sending event: {'category': 'dbt', 'action': 'adapter_info', 'label': 'c0f1b02e-f67e-4fec-a8cf-86df52094c42', 'context': [<snowplow_tracker.self_describing_json.SelfDescribingJson object at 0x000001AD6FAB1100>]}
[0m12:05:52.532951 [info ] [MainThread]: Registered adapter: snowflake=1.11.6
[0m12:05:52.910098 [debug] [MainThread]: checksum: 30a8cc8fdcbf66701b0944d4ccce3fa46dd04b61e5df68b9f16d57b2e0e3f0be, vars: {}, profile: , target: , version: 1.11.11
[0m12:05:53.095853 [debug] [MainThread]: Partial parsing enabled: 0 files deleted, 0 files added, 1 files changed.
[0m12:05:53.097357 [debug] [MainThread]: Partial parsing: updated file: email_project://models\staging\stg_gmail_data.sql
[0m12:05:53.518284 [debug] [MainThread]: Sending event: {'category': 'dbt', 'action': 'load_project', 'label': 'c0f1b02e-f67e-4fec-a8cf-86df52094c42', 'context': [<snowplow_tracker.self_describing_json.SelfDescribingJson object at 0x000001AD701399D0>]}
[0m12:05:53.633181 [debug] [MainThread]: Wrote artifact WritableManifest to F:\Projects\Data Engg Project\Data Engg Project on Emails - OC\new attempt\email_project\target\manifest.json
[0m12:05:53.636181 [debug] [MainThread]: Wrote artifact SemanticManifest to F:\Projects\Data Engg Project\Data Engg Project on Emails - OC\new attempt\email_project\target\semantic_manifest.json
[0m12:05:53.654263 [debug] [MainThread]: Sending event: {'category': 'dbt', 'action': 'resource_counts', 'label': 'c0f1b02e-f67e-4fec-a8cf-86df52094c42', 'context': [<snowplow_tracker.self_describing_json.SelfDescribingJson object at 0x000001AD702B6E70>]}
[0m12:05:53.655270 [info ] [MainThread]: Found 1 model, 1 source, 538 macros
[0m12:05:53.656254 [debug] [MainThread]: Sending event: {'category': 'dbt', 'action': 'runnable_timing', 'label': 'c0f1b02e-f67e-4fec-a8cf-86df52094c42', 'context': [<snowplow_tracker.self_describing_json.SelfDescribingJson object at 0x000001AD702A9B80>]}
[0m12:05:53.658781 [info ] [MainThread]: 
[0m12:05:53.659796 [info ] [MainThread]: Concurrency: 1 threads (target='dev')
[0m12:05:53.660798 [info ] [MainThread]: 
[0m12:05:53.661793 [debug] [MainThread]: Acquiring new snowflake connection 'master'
[0m12:05:53.663788 [debug] [ThreadPool]: Acquiring new snowflake connection 'list_email_db'
[0m12:05:53.809338 [debug] [ThreadPool]: Using snowflake connection "list_email_db"
[0m12:05:53.809338 [debug] [ThreadPool]: On list_email_db: show terse schemas in database email_db
    limit 10000
/* {"app": "dbt", "dbt_version": "1.11.11", "profile_name": "email_project", "target_name": "dev", "connection_name": "list_email_db"} */
[0m12:05:53.810337 [debug] [ThreadPool]: Opening a new connection, currently in state init
[0m12:05:55.452128 [debug] [ThreadPool]: SQL status: SUCCESS 4 in 1.643 seconds
[0m12:05:55.456709 [debug] [ThreadPool]: Acquiring new snowflake connection 'list_email_db_staging'
[0m12:05:55.471020 [debug] [ThreadPool]: Using snowflake connection "list_email_db_staging"
[0m12:05:55.472024 [debug] [ThreadPool]: On list_email_db_staging: show objects in email_db.staging
    limit 10000
    

/* {"app": "dbt", "dbt_version": "1.11.11", "profile_name": "email_project", "target_name": "dev", "connection_name": "list_email_db_staging"} */;
[0m12:05:55.473075 [debug] [ThreadPool]: Opening a new connection, currently in state init
[0m12:05:56.096078 [debug] [ThreadPool]: SQL status: SUCCESS 0 in 0.624 seconds
[0m12:05:56.099600 [debug] [MainThread]: Sending event: {'category': 'dbt', 'action': 'runnable_timing', 'label': 'c0f1b02e-f67e-4fec-a8cf-86df52094c42', 'context': [<snowplow_tracker.self_describing_json.SelfDescribingJson object at 0x000001AD702B65D0>]}
[0m12:05:56.105635 [debug] [Thread-2 (]: Began running node model.email_project.stg_gmail_data
[0m12:05:56.107332 [info ] [Thread-2 (]: 1 of 1 START sql table model staging.stg_gmail_data ............................ [RUN]
[0m12:05:56.108329 [debug] [Thread-2 (]: Acquiring new snowflake connection 'model.email_project.stg_gmail_data'
[0m12:05:56.108329 [debug] [Thread-2 (]: Began compiling node model.email_project.stg_gmail_data
[0m12:05:56.130969 [debug] [Thread-2 (]: Writing injected SQL for node "model.email_project.stg_gmail_data"
[0m12:05:56.133491 [debug] [Thread-2 (]: Began executing node model.email_project.stg_gmail_data
[0m12:05:56.199454 [debug] [Thread-2 (]: Writing runtime sql for node "model.email_project.stg_gmail_data"
[0m12:05:56.202977 [debug] [Thread-2 (]: Using snowflake connection "model.email_project.stg_gmail_data"
[0m12:05:56.203972 [debug] [Thread-2 (]: On model.email_project.stg_gmail_data: create or replace transient table email_db.staging.stg_gmail_data
    
    
    
    as (
with msg_rank as(
    SELECT 
        MESSAGE_ID,
        LOWER(SENDER_EMAIL) AS sender_email,
        SENDER_DISPLAY_NAME AS SENDER_NAME,
        SENDER_DOMAIN,
        SENDER_DOMAIN_TYPE,
        CASE
            WHEN CC IS NULL THEN 'None'
            ELSE CC
        END AS CC,
        RECIPIENT_COUNT,    
        SUBJECT,    
        FOLDER,
        SPLIT(ALL_LABELS, ', INBOX')[0] AS ALL_LABELS,    
        SIZE_BYTES,
        ATTACHMENT_COUNT,
        HAS_ATTACHMENTS,  
        IS_READ,
        IS_STARRED,
        IS_REPLIED,   
        --TO_TIMESTAMP(THREAD_FIRST_MESSAGE_AT, 'YYYY/MM/DD HH24:MI') AS THREAD_FIRST_MESSAGE_AT,           
        THREAD_PARTICIPANT_COUNT,
        RANK () OVER (PARTITION BY MESSAGE_ID ORDER BY TIMESTAMPS desc) AS rnk
    from email_db.raw.gmail_data
)
SELECT         
        --ROW_NUMBER() OVER (ORDER BY THREAD_FIRST_MESSAGE_AT DESC) AS SL,
        SENDER_NAME,
        sender_email,
        SENDER_DOMAIN,
        SENDER_DOMAIN_TYPE,
        CC,
        RECIPIENT_COUNT,    
        SUBJECT,    
        FOLDER,
        ALL_LABELS,    
        SIZE_BYTES,
        ATTACHMENT_COUNT,
        HAS_ATTACHMENTS,  
        IS_READ,
        IS_STARRED,
        IS_REPLIED, 
        --SPLIT(THREAD_FIRST_MESSAGE_AT, ' ')[0] ::DATE AS RECEIVE_DATE,
        --SPLIT(THREAD_FIRST_MESSAGE_AT, ' ')[1]::TIME AS RECEIVE_TIME,
        EXTRACT(dow from RECEIVE_DATE) AS DAY_OF_WEEK,           
        THREAD_PARTICIPANT_COUNT, 
    FROM msg_rank --WHERE rnk = 1
    )

/* {"app": "dbt", "dbt_version": "1.11.11", "profile_name": "email_project", "target_name": "dev", "node_id": "model.email_project.stg_gmail_data"} */;
[0m12:05:56.204974 [debug] [Thread-2 (]: Opening a new connection, currently in state init
[0m12:05:56.762759 [debug] [Thread-2 (]: Snowflake adapter: Snowflake query id: 01c69896-0003-b122-0003-502e00022136
[0m12:05:56.763787 [debug] [Thread-2 (]: Snowflake adapter: Snowflake error: 000904 (42000): SQL compilation error: error line 51 at position 25
invalid identifier 'RECEIVE_DATE'
[0m12:05:56.769760 [debug] [Thread-2 (]: Database Error in model stg_gmail_data (models\staging\stg_gmail_data.sql)
  000904 (42000): SQL compilation error: error line 51 at position 25
  invalid identifier 'RECEIVE_DATE'
  compiled code at target\run\email_project\models\staging\stg_gmail_data.sql
[0m12:05:56.773895 [debug] [Thread-2 (]: Sending event: {'category': 'dbt', 'action': 'run_model', 'label': 'c0f1b02e-f67e-4fec-a8cf-86df52094c42', 'context': [<snowplow_tracker.self_describing_json.SelfDescribingJson object at 0x000001AD6C7A8920>]}
[0m12:05:56.774907 [error] [Thread-2 (]: 1 of 1 ERROR creating sql table model staging.stg_gmail_data ................... [[31mERROR[0m in 0.66s]
[0m12:05:56.775890 [debug] [Thread-2 (]: Finished running node model.email_project.stg_gmail_data
[0m12:05:56.777435 [debug] [Thread-5 (]: Marking all children of 'model.email_project.stg_gmail_data' to be skipped because of status 'error'.  Reason: Database Error in model stg_gmail_data (models\staging\stg_gmail_data.sql)
  000904 (42000): SQL compilation error: error line 51 at position 25
  invalid identifier 'RECEIVE_DATE'
  compiled code at target\run\email_project\models\staging\stg_gmail_data.sql.
[0m12:05:56.781014 [debug] [MainThread]: Connection 'master' was properly closed.
[0m12:05:56.781997 [debug] [MainThread]: Connection 'list_email_db' was left open.
[0m12:05:56.783008 [debug] [MainThread]: On list_email_db: Close
[0m12:05:56.955570 [debug] [MainThread]: Connection 'list_email_db_staging' was left open.
[0m12:05:56.956082 [debug] [MainThread]: On list_email_db_staging: Close
[0m12:05:57.233840 [debug] [MainThread]: Connection 'model.email_project.stg_gmail_data' was left open.
[0m12:05:57.233840 [debug] [MainThread]: On model.email_project.stg_gmail_data: Close
[0m12:05:57.397462 [info ] [MainThread]: 
[0m12:05:57.398505 [info ] [MainThread]: Finished running 1 table model in 0 hours 0 minutes and 3.74 seconds (3.74s).
[0m12:05:57.400485 [debug] [MainThread]: Command end result
[0m12:05:57.460943 [debug] [MainThread]: Wrote artifact WritableManifest to F:\Projects\Data Engg Project\Data Engg Project on Emails - OC\new attempt\email_project\target\manifest.json
[0m12:05:57.469014 [debug] [MainThread]: Wrote artifact SemanticManifest to F:\Projects\Data Engg Project\Data Engg Project on Emails - OC\new attempt\email_project\target\semantic_manifest.json
[0m12:05:57.478598 [debug] [MainThread]: Wrote artifact RunExecutionResult to F:\Projects\Data Engg Project\Data Engg Project on Emails - OC\new attempt\email_project\target\run_results.json
[0m12:05:57.478598 [info ] [MainThread]: 
[0m12:05:57.479602 [info ] [MainThread]: [31mCompleted with 1 error, 0 partial successes, and 0 warnings:[0m
[0m12:05:57.480618 [info ] [MainThread]: 
[0m12:05:57.482580 [error] [MainThread]: [31mFailure in model stg_gmail_data (models\staging\stg_gmail_data.sql)[0m
[0m12:05:57.484583 [error] [MainThread]:   Database Error in model stg_gmail_data (models\staging\stg_gmail_data.sql)
  000904 (42000): SQL compilation error: error line 51 at position 25
  invalid identifier 'RECEIVE_DATE'
  compiled code at target\run\email_project\models\staging\stg_gmail_data.sql
[0m12:05:57.485600 [info ] [MainThread]: 
[0m12:05:57.486594 [info ] [MainThread]:   compiled code at target\compiled\email_project\models\staging\stg_gmail_data.sql
[0m12:05:57.491028 [info ] [MainThread]: 
[0m12:05:57.496578 [info ] [MainThread]: Done. PASS=0 WARN=0 ERROR=1 SKIP=0 NO-OP=0 TOTAL=1
[0m12:05:57.500050 [debug] [MainThread]: Command `dbt run` failed at 12:05:57.500050 after 6.57 seconds
[0m12:05:57.501081 [debug] [MainThread]: Sending event: {'category': 'dbt', 'action': 'invocation', 'label': 'end', 'context': [<snowplow_tracker.self_describing_json.SelfDescribingJson object at 0x000001AD697176B0>, <snowplow_tracker.self_describing_json.SelfDescribingJson object at 0x000001AD6D562FF0>, <snowplow_tracker.self_describing_json.SelfDescribingJson object at 0x000001AD6CE23650>]}
[0m12:05:57.502058 [debug] [MainThread]: Flushing usage events
[0m12:05:58.603485 [debug] [MainThread]: An error was encountered while trying to flush usage events
[0m12:07:08.218852 [debug] [MainThread]: Sending event: {'category': 'dbt', 'action': 'invocation', 'label': 'start', 'context': [<snowplow_tracker.self_describing_json.SelfDescribingJson object at 0x0000024F85639FA0>, <snowplow_tracker.self_describing_json.SelfDescribingJson object at 0x0000024F865E80B0>, <snowplow_tracker.self_describing_json.SelfDescribingJson object at 0x0000024F85678470>]}


============================== 12:07:08.226391 | e1571b3d-bdcc-4f32-8a52-597476e65951 ==============================
[0m12:07:08.226391 [info ] [MainThread]: Running with dbt=1.11.11
[0m12:07:08.227917 [debug] [MainThread]: running dbt with arguments {'static_parser': 'True', 'no_print': 'None', 'version_check': 'True', 'warn_error_options': 'WarnErrorOptionsV2(error=[], warn=[], silence=[])', 'target_path': 'None', 'printer_width': '80', 'write_json': 'True', 'empty': 'False', 'log_cache_events': 'False', 'introspect': 'True', 'cache_selected_only': 'False', 'log_format': 'default', 'debug': 'False', 'fail_fast': 'False', 'profiles_dir': 'C:\\Users\\61452\\.dbt', 'send_anonymous_usage_stats': 'True', 'quiet': 'False', 'warn_error': 'None', 'partial_parse': 'True', 'use_colors': 'True', 'invocation_command': 'dbt run', 'indirect_selection': 'eager', 'use_experimental_parser': 'False', 'log_path': 'F:\\Projects\\Data Engg Project\\Data Engg Project on Emails - OC\\new attempt\\email_project\\logs'}
[0m12:07:09.159862 [debug] [MainThread]: Snowflake adapter: Setting snowflake.connector to ERROR (file logging only)
[0m12:07:09.163987 [debug] [MainThread]: Snowflake adapter: Setting botocore to ERROR (file logging only)
[0m12:07:09.169015 [debug] [MainThread]: Snowflake adapter: Setting boto3 to ERROR (file logging only)
[0m12:07:09.475080 [debug] [MainThread]: Sending event: {'category': 'dbt', 'action': 'project_id', 'label': 'e1571b3d-bdcc-4f32-8a52-597476e65951', 'context': [<snowplow_tracker.self_describing_json.SelfDescribingJson object at 0x0000024F88AB3BF0>]}
[0m12:07:09.578946 [debug] [MainThread]: Sending event: {'category': 'dbt', 'action': 'adapter_info', 'label': 'e1571b3d-bdcc-4f32-8a52-597476e65951', 'context': [<snowplow_tracker.self_describing_json.SelfDescribingJson object at 0x0000024F895B0EF0>]}
[0m12:07:09.581919 [info ] [MainThread]: Registered adapter: snowflake=1.11.6
[0m12:07:10.040260 [debug] [MainThread]: checksum: 30a8cc8fdcbf66701b0944d4ccce3fa46dd04b61e5df68b9f16d57b2e0e3f0be, vars: {}, profile: , target: , version: 1.11.11
[0m12:07:10.254745 [debug] [MainThread]: Partial parsing enabled: 0 files deleted, 0 files added, 1 files changed.
[0m12:07:10.255726 [debug] [MainThread]: Partial parsing: updated file: email_project://models\staging\stg_gmail_data.sql
[0m12:07:10.801920 [debug] [MainThread]: Sending event: {'category': 'dbt', 'action': 'load_project', 'label': 'e1571b3d-bdcc-4f32-8a52-597476e65951', 'context': [<snowplow_tracker.self_describing_json.SelfDescribingJson object at 0x0000024F89D35430>]}
[0m12:07:10.960952 [debug] [MainThread]: Wrote artifact WritableManifest to F:\Projects\Data Engg Project\Data Engg Project on Emails - OC\new attempt\email_project\target\manifest.json
[0m12:07:10.964940 [debug] [MainThread]: Wrote artifact SemanticManifest to F:\Projects\Data Engg Project\Data Engg Project on Emails - OC\new attempt\email_project\target\semantic_manifest.json
[0m12:07:10.994872 [debug] [MainThread]: Sending event: {'category': 'dbt', 'action': 'resource_counts', 'label': 'e1571b3d-bdcc-4f32-8a52-597476e65951', 'context': [<snowplow_tracker.self_describing_json.SelfDescribingJson object at 0x0000024F89D36D20>]}
[0m12:07:10.996394 [info ] [MainThread]: Found 1 model, 1 source, 538 macros
[0m12:07:10.997408 [debug] [MainThread]: Sending event: {'category': 'dbt', 'action': 'runnable_timing', 'label': 'e1571b3d-bdcc-4f32-8a52-597476e65951', 'context': [<snowplow_tracker.self_describing_json.SelfDescribingJson object at 0x0000024F89D2F110>]}
[0m12:07:10.999407 [info ] [MainThread]: 
[0m12:07:11.000410 [info ] [MainThread]: Concurrency: 1 threads (target='dev')
[0m12:07:11.001408 [info ] [MainThread]: 
[0m12:07:11.003410 [debug] [MainThread]: Acquiring new snowflake connection 'master'
[0m12:07:11.005411 [debug] [ThreadPool]: Acquiring new snowflake connection 'list_email_db'
[0m12:07:11.138248 [debug] [ThreadPool]: Using snowflake connection "list_email_db"
[0m12:07:11.138248 [debug] [ThreadPool]: On list_email_db: show terse schemas in database email_db
    limit 10000
/* {"app": "dbt", "dbt_version": "1.11.11", "profile_name": "email_project", "target_name": "dev", "connection_name": "list_email_db"} */
[0m12:07:11.139240 [debug] [ThreadPool]: Opening a new connection, currently in state init
[0m12:07:12.269263 [debug] [ThreadPool]: SQL status: SUCCESS 4 in 1.130 seconds
[0m12:07:12.273266 [debug] [ThreadPool]: Acquiring new snowflake connection 'list_email_db_staging'
[0m12:07:12.323249 [debug] [ThreadPool]: Using snowflake connection "list_email_db_staging"
[0m12:07:12.324246 [debug] [ThreadPool]: On list_email_db_staging: show objects in email_db.staging
    limit 10000
    

/* {"app": "dbt", "dbt_version": "1.11.11", "profile_name": "email_project", "target_name": "dev", "connection_name": "list_email_db_staging"} */;
[0m12:07:12.324246 [debug] [ThreadPool]: Opening a new connection, currently in state init
[0m12:07:13.263815 [debug] [ThreadPool]: SQL status: SUCCESS 0 in 0.939 seconds
[0m12:07:13.266321 [debug] [MainThread]: Sending event: {'category': 'dbt', 'action': 'runnable_timing', 'label': 'e1571b3d-bdcc-4f32-8a52-597476e65951', 'context': [<snowplow_tracker.self_describing_json.SelfDescribingJson object at 0x0000024F8B317B00>]}
[0m12:07:13.272332 [debug] [Thread-2 (]: Began running node model.email_project.stg_gmail_data
[0m12:07:13.272332 [info ] [Thread-2 (]: 1 of 1 START sql table model staging.stg_gmail_data ............................ [RUN]
[0m12:07:13.273331 [debug] [Thread-2 (]: Acquiring new snowflake connection 'model.email_project.stg_gmail_data'
[0m12:07:13.274331 [debug] [Thread-2 (]: Began compiling node model.email_project.stg_gmail_data
[0m12:07:13.298787 [debug] [Thread-2 (]: Writing injected SQL for node "model.email_project.stg_gmail_data"
[0m12:07:13.302791 [debug] [Thread-2 (]: Began executing node model.email_project.stg_gmail_data
[0m12:07:13.388005 [debug] [Thread-2 (]: Writing runtime sql for node "model.email_project.stg_gmail_data"
[0m12:07:13.391011 [debug] [Thread-2 (]: Using snowflake connection "model.email_project.stg_gmail_data"
[0m12:07:13.392013 [debug] [Thread-2 (]: On model.email_project.stg_gmail_data: create or replace transient table email_db.staging.stg_gmail_data
    
    
    
    as (
with msg_rank as(
    SELECT 
        MESSAGE_ID,
        LOWER(SENDER_EMAIL) AS sender_email,
        SENDER_DISPLAY_NAME AS SENDER_NAME,
        SENDER_DOMAIN,
        SENDER_DOMAIN_TYPE,
        CASE
            WHEN CC IS NULL THEN 'None'
            ELSE CC
        END AS CC,
        RECIPIENT_COUNT,    
        SUBJECT,    
        FOLDER,
        SPLIT(ALL_LABELS, ', INBOX')[0] AS ALL_LABELS,    
        SIZE_BYTES,
        ATTACHMENT_COUNT,
        HAS_ATTACHMENTS,  
        IS_READ,
        IS_STARRED,
        IS_REPLIED,   
        TO_TIMESTAMP(THREAD_FIRST_MESSAGE_AT, 'YYYY/MM/DD HH24:MI') AS THREAD_FIRST_MESSAGE_AT,           
        THREAD_PARTICIPANT_COUNT,
        RANK () OVER (PARTITION BY MESSAGE_ID ORDER BY TIMESTAMPS desc) AS rnk
    from email_db.raw.gmail_data
)
SELECT         
        ROW_NUMBER() OVER (ORDER BY THREAD_FIRST_MESSAGE_AT DESC) AS SL,
        SENDER_NAME,
        sender_email,
        SENDER_DOMAIN,
        SENDER_DOMAIN_TYPE,
        CC,
        RECIPIENT_COUNT,    
        SUBJECT,    
        FOLDER,
        ALL_LABELS,    
        SIZE_BYTES,
        ATTACHMENT_COUNT,
        HAS_ATTACHMENTS,  
        IS_READ,
        IS_STARRED,
        IS_REPLIED, 
        SPLIT(THREAD_FIRST_MESSAGE_AT, ' ')[0] ::DATE AS RECEIVE_DATE,
        SPLIT(THREAD_FIRST_MESSAGE_AT, ' ')[1]::TIME AS RECEIVE_TIME,
        EXTRACT(dow from RECEIVE_DATE) AS DAY_OF_WEEK,           
        THREAD_PARTICIPANT_COUNT, 
    FROM msg_rank WHERE rnk = 1
    )

/* {"app": "dbt", "dbt_version": "1.11.11", "profile_name": "email_project", "target_name": "dev", "node_id": "model.email_project.stg_gmail_data"} */;
[0m12:07:13.392013 [debug] [Thread-2 (]: Opening a new connection, currently in state init
[0m12:07:15.907501 [debug] [Thread-2 (]: Snowflake adapter: Snowflake query id: 01c69897-0003-ae9f-0003-502e000211e6
[0m12:07:15.907501 [debug] [Thread-2 (]: Snowflake adapter: Snowflake error: 100096 (22007): Can't parse '2025-05-10 00:08' as timestamp with format 'YYYY/MM/DD HH24:MI'
[0m12:07:15.910505 [debug] [Thread-2 (]: Database Error in model stg_gmail_data (models\staging\stg_gmail_data.sql)
  100096 (22007): Can't parse '2025-05-10 00:08' as timestamp with format 'YYYY/MM/DD HH24:MI'
  compiled code at target\run\email_project\models\staging\stg_gmail_data.sql
[0m12:07:15.916520 [debug] [Thread-2 (]: Sending event: {'category': 'dbt', 'action': 'run_model', 'label': 'e1571b3d-bdcc-4f32-8a52-597476e65951', 'context': [<snowplow_tracker.self_describing_json.SelfDescribingJson object at 0x0000024F8626C740>]}
[0m12:07:15.920654 [error] [Thread-2 (]: 1 of 1 ERROR creating sql table model staging.stg_gmail_data ................... [[31mERROR[0m in 2.64s]
[0m12:07:15.923674 [debug] [Thread-2 (]: Finished running node model.email_project.stg_gmail_data
[0m12:07:15.925194 [debug] [Thread-5 (]: Marking all children of 'model.email_project.stg_gmail_data' to be skipped because of status 'error'.  Reason: Database Error in model stg_gmail_data (models\staging\stg_gmail_data.sql)
  100096 (22007): Can't parse '2025-05-10 00:08' as timestamp with format 'YYYY/MM/DD HH24:MI'
  compiled code at target\run\email_project\models\staging\stg_gmail_data.sql.
[0m12:07:15.929781 [debug] [MainThread]: Connection 'master' was properly closed.
[0m12:07:15.930789 [debug] [MainThread]: Connection 'list_email_db' was left open.
[0m12:07:15.930789 [debug] [MainThread]: On list_email_db: Close
[0m12:07:16.094353 [debug] [MainThread]: Connection 'list_email_db_staging' was left open.
[0m12:07:16.094353 [debug] [MainThread]: On list_email_db_staging: Close
[0m12:07:16.258742 [debug] [MainThread]: Connection 'model.email_project.stg_gmail_data' was left open.
[0m12:07:16.259744 [debug] [MainThread]: On model.email_project.stg_gmail_data: Close
[0m12:07:16.439400 [info ] [MainThread]: 
[0m12:07:16.440419 [info ] [MainThread]: Finished running 1 table model in 0 hours 0 minutes and 5.44 seconds (5.44s).
[0m12:07:16.441417 [debug] [MainThread]: Command end result
[0m12:07:16.506419 [debug] [MainThread]: Wrote artifact WritableManifest to F:\Projects\Data Engg Project\Data Engg Project on Emails - OC\new attempt\email_project\target\manifest.json
[0m12:07:16.509945 [debug] [MainThread]: Wrote artifact SemanticManifest to F:\Projects\Data Engg Project\Data Engg Project on Emails - OC\new attempt\email_project\target\semantic_manifest.json
[0m12:07:16.516463 [debug] [MainThread]: Wrote artifact RunExecutionResult to F:\Projects\Data Engg Project\Data Engg Project on Emails - OC\new attempt\email_project\target\run_results.json
[0m12:07:16.517475 [info ] [MainThread]: 
[0m12:07:16.519488 [info ] [MainThread]: [31mCompleted with 1 error, 0 partial successes, and 0 warnings:[0m
[0m12:07:16.521485 [info ] [MainThread]: 
[0m12:07:16.523494 [error] [MainThread]: [31mFailure in model stg_gmail_data (models\staging\stg_gmail_data.sql)[0m
[0m12:07:16.525482 [error] [MainThread]:   Database Error in model stg_gmail_data (models\staging\stg_gmail_data.sql)
  100096 (22007): Can't parse '2025-05-10 00:08' as timestamp with format 'YYYY/MM/DD HH24:MI'
  compiled code at target\run\email_project\models\staging\stg_gmail_data.sql
[0m12:07:16.526993 [info ] [MainThread]: 
[0m12:07:16.526993 [info ] [MainThread]:   compiled code at target\compiled\email_project\models\staging\stg_gmail_data.sql
[0m12:07:16.528508 [info ] [MainThread]: 
[0m12:07:16.528508 [info ] [MainThread]: Done. PASS=0 WARN=0 ERROR=1 SKIP=0 NO-OP=0 TOTAL=1
[0m12:07:16.530530 [debug] [MainThread]: Command `dbt run` failed at 12:07:16.529519 after 8.57 seconds
[0m12:07:16.530530 [debug] [MainThread]: Sending event: {'category': 'dbt', 'action': 'invocation', 'label': 'end', 'context': [<snowplow_tracker.self_describing_json.SelfDescribingJson object at 0x0000024F86F83860>, <snowplow_tracker.self_describing_json.SelfDescribingJson object at 0x0000024F867E1700>, <snowplow_tracker.self_describing_json.SelfDescribingJson object at 0x0000024F86FD4D10>]}
[0m12:07:16.531529 [debug] [MainThread]: Flushing usage events
[0m12:07:17.692987 [debug] [MainThread]: An error was encountered while trying to flush usage events
[0m16:00:04.801806 [debug] [MainThread]: Sending event: {'category': 'dbt', 'action': 'invocation', 'label': 'start', 'context': [<snowplow_tracker.self_describing_json.SelfDescribingJson object at 0x000001ADE85D1910>, <snowplow_tracker.self_describing_json.SelfDescribingJson object at 0x000001ADE900E210>, <snowplow_tracker.self_describing_json.SelfDescribingJson object at 0x000001ADE8B6F0E0>]}


============================== 16:00:04.810287 | e175a02d-666f-4abc-bb1a-e7709ae5c743 ==============================
[0m16:00:04.810287 [info ] [MainThread]: Running with dbt=1.11.11
[0m16:00:04.811303 [debug] [MainThread]: running dbt with arguments {'version_check': 'True', 'no_print': 'None', 'static_parser': 'True', 'target_path': 'None', 'warn_error_options': 'WarnErrorOptionsV2(error=[], warn=[], silence=[])', 'printer_width': '80', 'write_json': 'True', 'empty': 'False', 'log_cache_events': 'False', 'introspect': 'True', 'cache_selected_only': 'False', 'log_format': 'default', 'debug': 'False', 'fail_fast': 'False', 'partial_parse': 'True', 'send_anonymous_usage_stats': 'True', 'quiet': 'False', 'warn_error': 'None', 'profiles_dir': 'C:\\Users\\61452\\.dbt', 'use_colors': 'True', 'invocation_command': 'dbt run', 'indirect_selection': 'eager', 'use_experimental_parser': 'False', 'log_path': 'F:\\Projects\\Data Engg Project\\Data Engg Project on Emails - OC\\new attempt\\email_project\\logs'}
[0m16:00:05.829994 [debug] [MainThread]: Snowflake adapter: Setting snowflake.connector to ERROR (file logging only)
[0m16:00:05.830995 [debug] [MainThread]: Snowflake adapter: Setting botocore to ERROR (file logging only)
[0m16:00:05.830995 [debug] [MainThread]: Snowflake adapter: Setting boto3 to ERROR (file logging only)
[0m16:00:06.078390 [debug] [MainThread]: Sending event: {'category': 'dbt', 'action': 'project_id', 'label': 'e175a02d-666f-4abc-bb1a-e7709ae5c743', 'context': [<snowplow_tracker.self_describing_json.SelfDescribingJson object at 0x000001ADEBD7A150>]}
[0m16:00:06.143785 [debug] [MainThread]: Sending event: {'category': 'dbt', 'action': 'adapter_info', 'label': 'e175a02d-666f-4abc-bb1a-e7709ae5c743', 'context': [<snowplow_tracker.self_describing_json.SelfDescribingJson object at 0x000001ADE916D580>]}
[0m16:00:06.146151 [info ] [MainThread]: Registered adapter: snowflake=1.11.6
[0m16:00:06.495924 [debug] [MainThread]: checksum: 30a8cc8fdcbf66701b0944d4ccce3fa46dd04b61e5df68b9f16d57b2e0e3f0be, vars: {}, profile: , target: , version: 1.11.11
[0m16:00:06.678020 [debug] [MainThread]: Partial parsing enabled: 0 files deleted, 0 files added, 1 files changed.
[0m16:00:06.678020 [debug] [MainThread]: Partial parsing: updated file: email_project://models\staging\stg_gmail_data.sql
[0m16:00:06.963913 [debug] [MainThread]: Sending event: {'category': 'dbt', 'action': 'load_project', 'label': 'e175a02d-666f-4abc-bb1a-e7709ae5c743', 'context': [<snowplow_tracker.self_describing_json.SelfDescribingJson object at 0x000001ADEC485520>]}
[0m16:00:07.045756 [debug] [MainThread]: Wrote artifact WritableManifest to F:\Projects\Data Engg Project\Data Engg Project on Emails - OC\new attempt\email_project\target\manifest.json
[0m16:00:07.048307 [debug] [MainThread]: Wrote artifact SemanticManifest to F:\Projects\Data Engg Project\Data Engg Project on Emails - OC\new attempt\email_project\target\semantic_manifest.json
[0m16:00:07.069062 [debug] [MainThread]: Sending event: {'category': 'dbt', 'action': 'resource_counts', 'label': 'e175a02d-666f-4abc-bb1a-e7709ae5c743', 'context': [<snowplow_tracker.self_describing_json.SelfDescribingJson object at 0x000001ADEC486D50>]}
[0m16:00:07.070053 [info ] [MainThread]: Found 1 model, 1 source, 538 macros
[0m16:00:07.070053 [debug] [MainThread]: Sending event: {'category': 'dbt', 'action': 'runnable_timing', 'label': 'e175a02d-666f-4abc-bb1a-e7709ae5c743', 'context': [<snowplow_tracker.self_describing_json.SelfDescribingJson object at 0x000001ADEC483140>]}
[0m16:00:07.072135 [info ] [MainThread]: 
[0m16:00:07.072135 [info ] [MainThread]: Concurrency: 1 threads (target='dev')
[0m16:00:07.073653 [info ] [MainThread]: 
[0m16:00:07.075169 [debug] [MainThread]: Acquiring new snowflake connection 'master'
[0m16:00:07.076196 [debug] [ThreadPool]: Acquiring new snowflake connection 'list_email_db'
[0m16:00:07.194090 [debug] [ThreadPool]: Using snowflake connection "list_email_db"
[0m16:00:07.194610 [debug] [ThreadPool]: On list_email_db: show terse schemas in database email_db
    limit 10000
/* {"app": "dbt", "dbt_version": "1.11.11", "profile_name": "email_project", "target_name": "dev", "connection_name": "list_email_db"} */
[0m16:00:07.195624 [debug] [ThreadPool]: Opening a new connection, currently in state init
[0m16:00:08.516956 [debug] [ThreadPool]: SQL status: SUCCESS 4 in 1.321 seconds
[0m16:00:08.520497 [debug] [ThreadPool]: Acquiring new snowflake connection 'list_email_db_staging'
[0m16:00:08.533744 [debug] [ThreadPool]: Using snowflake connection "list_email_db_staging"
[0m16:00:08.534787 [debug] [ThreadPool]: On list_email_db_staging: show objects in email_db.staging
    limit 10000
    

/* {"app": "dbt", "dbt_version": "1.11.11", "profile_name": "email_project", "target_name": "dev", "connection_name": "list_email_db_staging"} */;
[0m16:00:08.534787 [debug] [ThreadPool]: Opening a new connection, currently in state init
[0m16:00:09.825063 [debug] [ThreadPool]: SQL status: SUCCESS 0 in 1.290 seconds
[0m16:00:09.827103 [debug] [MainThread]: Sending event: {'category': 'dbt', 'action': 'runnable_timing', 'label': 'e175a02d-666f-4abc-bb1a-e7709ae5c743', 'context': [<snowplow_tracker.self_describing_json.SelfDescribingJson object at 0x000001ADEDA67980>]}
[0m16:00:09.841278 [debug] [Thread-2 (]: Began running node model.email_project.stg_gmail_data
[0m16:00:09.842319 [info ] [Thread-2 (]: 1 of 1 START sql table model staging.stg_gmail_data ............................ [RUN]
[0m16:00:09.842319 [debug] [Thread-2 (]: Acquiring new snowflake connection 'model.email_project.stg_gmail_data'
[0m16:00:09.843847 [debug] [Thread-2 (]: Began compiling node model.email_project.stg_gmail_data
[0m16:00:09.851617 [debug] [Thread-2 (]: Writing injected SQL for node "model.email_project.stg_gmail_data"
[0m16:00:09.852640 [debug] [Thread-2 (]: Began executing node model.email_project.stg_gmail_data
[0m16:00:09.889588 [debug] [Thread-2 (]: Writing runtime sql for node "model.email_project.stg_gmail_data"
[0m16:00:09.892580 [debug] [Thread-2 (]: Using snowflake connection "model.email_project.stg_gmail_data"
[0m16:00:09.892580 [debug] [Thread-2 (]: On model.email_project.stg_gmail_data: create or replace transient table email_db.staging.stg_gmail_data
    
    
    
    as (
with msg_rank as(
    SELECT 
        MESSAGE_ID,
        LOWER(SENDER_EMAIL) AS sender_email,
        SENDER_DISPLAY_NAME AS SENDER_NAME,
        SENDER_DOMAIN,
        SENDER_DOMAIN_TYPE,
        CASE
            WHEN CC IS NULL THEN 'None'
            ELSE CC
        END AS CC,
        RECIPIENT_COUNT,    
        SUBJECT,    
        FOLDER,
        SPLIT(ALL_LABELS, ', INBOX')[0] AS ALL_LABELS,    
        SIZE_BYTES,
        ATTACHMENT_COUNT,
        HAS_ATTACHMENTS,  
        IS_READ,
        IS_STARRED,
        IS_REPLIED,   
        TO_TIMESTAMP(TIMESTAMP, 'YYYY/MM/DD HH24:MI') AS TIMESTAMPS,           
        THREAD_PARTICIPANT_COUNT,
        RANK () OVER (PARTITION BY MESSAGE_ID ORDER BY TIMESTAMPS desc) AS rnk
    from email_db.raw.gmail_data
)
SELECT         
        ROW_NUMBER() OVER (ORDER BY TIMESTAMPS DESC) AS SL,
        SENDER_NAME,
        sender_email,
        SENDER_DOMAIN,
        SENDER_DOMAIN_TYPE,
        CC,
        RECIPIENT_COUNT,    
        SUBJECT,    
        FOLDER,
        ALL_LABELS,    
        SIZE_BYTES,
        ATTACHMENT_COUNT,
        HAS_ATTACHMENTS,  
        IS_READ,
        IS_STARRED,
        IS_REPLIED, 
        SPLIT(TIMESTAMPS, ' ')[0] ::DATE AS RECEIVE_DATE,
        SPLIT(TIMESTAMPS, ' ')[1]::TIME AS RECEIVE_TIME,
        EXTRACT(dow from RECEIVE_DATE) AS DAY_OF_WEEK,           
        THREAD_PARTICIPANT_COUNT, 
    FROM msg_rank WHERE rnk = 1
    )

/* {"app": "dbt", "dbt_version": "1.11.11", "profile_name": "email_project", "target_name": "dev", "node_id": "model.email_project.stg_gmail_data"} */;
[0m16:00:09.892580 [debug] [Thread-2 (]: Opening a new connection, currently in state init
[0m16:00:13.684869 [debug] [Thread-2 (]: Snowflake adapter: Snowflake query id: 01c69980-0003-b122-0003-502e00022426
[0m16:00:13.685384 [debug] [Thread-2 (]: Snowflake adapter: Snowflake error: 100096 (22007): Can't parse '2026-08-19 15:52:18' as timestamp with format 'YYYY/MM/DD HH24:MI'
[0m16:00:13.689435 [debug] [Thread-2 (]: Database Error in model stg_gmail_data (models\staging\stg_gmail_data.sql)
  100096 (22007): Can't parse '2026-08-19 15:52:18' as timestamp with format 'YYYY/MM/DD HH24:MI'
  compiled code at target\run\email_project\models\staging\stg_gmail_data.sql
[0m16:00:13.692448 [debug] [Thread-2 (]: Sending event: {'category': 'dbt', 'action': 'run_model', 'label': 'e175a02d-666f-4abc-bb1a-e7709ae5c743', 'context': [<snowplow_tracker.self_describing_json.SelfDescribingJson object at 0x000001ADE899C0B0>]}
[0m16:00:13.693957 [error] [Thread-2 (]: 1 of 1 ERROR creating sql table model staging.stg_gmail_data ................... [[31mERROR[0m in 3.85s]
[0m16:00:13.694527 [debug] [Thread-2 (]: Finished running node model.email_project.stg_gmail_data
[0m16:00:13.695877 [debug] [Thread-5 (]: Marking all children of 'model.email_project.stg_gmail_data' to be skipped because of status 'error'.  Reason: Database Error in model stg_gmail_data (models\staging\stg_gmail_data.sql)
  100096 (22007): Can't parse '2026-08-19 15:52:18' as timestamp with format 'YYYY/MM/DD HH24:MI'
  compiled code at target\run\email_project\models\staging\stg_gmail_data.sql.
[0m16:00:13.698064 [debug] [MainThread]: Connection 'master' was properly closed.
[0m16:00:13.699090 [debug] [MainThread]: Connection 'list_email_db' was left open.
[0m16:00:13.699090 [debug] [MainThread]: On list_email_db: Close
[0m16:00:13.884586 [debug] [MainThread]: Connection 'list_email_db_staging' was left open.
[0m16:00:13.885607 [debug] [MainThread]: On list_email_db_staging: Close
[0m16:00:14.758642 [debug] [MainThread]: Connection 'model.email_project.stg_gmail_data' was left open.
[0m16:00:14.758642 [debug] [MainThread]: On model.email_project.stg_gmail_data: Close
[0m16:00:15.066067 [info ] [MainThread]: 
[0m16:00:15.066600 [info ] [MainThread]: Finished running 1 table model in 0 hours 0 minutes and 7.99 seconds (7.99s).
[0m16:00:15.068123 [debug] [MainThread]: Command end result
[0m16:00:15.102265 [debug] [MainThread]: Wrote artifact WritableManifest to F:\Projects\Data Engg Project\Data Engg Project on Emails - OC\new attempt\email_project\target\manifest.json
[0m16:00:15.104792 [debug] [MainThread]: Wrote artifact SemanticManifest to F:\Projects\Data Engg Project\Data Engg Project on Emails - OC\new attempt\email_project\target\semantic_manifest.json
[0m16:00:15.110244 [debug] [MainThread]: Wrote artifact RunExecutionResult to F:\Projects\Data Engg Project\Data Engg Project on Emails - OC\new attempt\email_project\target\run_results.json
[0m16:00:15.111244 [info ] [MainThread]: 
[0m16:00:15.112254 [info ] [MainThread]: [31mCompleted with 1 error, 0 partial successes, and 0 warnings:[0m
[0m16:00:15.112254 [info ] [MainThread]: 
[0m16:00:15.113762 [error] [MainThread]: [31mFailure in model stg_gmail_data (models\staging\stg_gmail_data.sql)[0m
[0m16:00:15.114769 [error] [MainThread]:   Database Error in model stg_gmail_data (models\staging\stg_gmail_data.sql)
  100096 (22007): Can't parse '2026-08-19 15:52:18' as timestamp with format 'YYYY/MM/DD HH24:MI'
  compiled code at target\run\email_project\models\staging\stg_gmail_data.sql
[0m16:00:15.115289 [info ] [MainThread]: 
[0m16:00:15.116524 [info ] [MainThread]:   compiled code at target\compiled\email_project\models\staging\stg_gmail_data.sql
[0m16:00:15.116524 [info ] [MainThread]: 
[0m16:00:15.118444 [info ] [MainThread]: Done. PASS=0 WARN=0 ERROR=1 SKIP=0 NO-OP=0 TOTAL=1
[0m16:00:15.120045 [debug] [MainThread]: Command `dbt run` failed at 16:00:15.119049 after 10.48 seconds
[0m16:00:15.120045 [debug] [MainThread]: Sending event: {'category': 'dbt', 'action': 'invocation', 'label': 'end', 'context': [<snowplow_tracker.self_describing_json.SelfDescribingJson object at 0x000001ADE9200560>, <snowplow_tracker.self_describing_json.SelfDescribingJson object at 0x000001ADE8A5C830>, <snowplow_tracker.self_describing_json.SelfDescribingJson object at 0x000001ADE8A5E900>]}
[0m16:00:15.120045 [debug] [MainThread]: Flushing usage events
[0m16:00:16.426097 [debug] [MainThread]: An error was encountered while trying to flush usage events
[0m16:01:02.710277 [debug] [MainThread]: Sending event: {'category': 'dbt', 'action': 'invocation', 'label': 'start', 'context': [<snowplow_tracker.self_describing_json.SelfDescribingJson object at 0x000001D248BDF080>, <snowplow_tracker.self_describing_json.SelfDescribingJson object at 0x000001D246009EE0>, <snowplow_tracker.self_describing_json.SelfDescribingJson object at 0x000001D2491EE5A0>]}


============================== 16:01:02.714827 | d0cc3581-273b-4b63-bd36-cbafc9a32f03 ==============================
[0m16:01:02.714827 [info ] [MainThread]: Running with dbt=1.11.11
[0m16:01:02.716064 [debug] [MainThread]: running dbt with arguments {'version_check': 'True', 'no_print': 'None', 'static_parser': 'True', 'warn_error_options': 'WarnErrorOptionsV2(error=[], warn=[], silence=[])', 'target_path': 'None', 'printer_width': '80', 'write_json': 'True', 'empty': 'False', 'log_cache_events': 'False', 'introspect': 'True', 'cache_selected_only': 'False', 'fail_fast': 'False', 'debug': 'False', 'log_format': 'default', 'profiles_dir': 'C:\\Users\\61452\\.dbt', 'send_anonymous_usage_stats': 'True', 'quiet': 'False', 'warn_error': 'None', 'partial_parse': 'True', 'invocation_command': 'dbt run', 'use_colors': 'True', 'indirect_selection': 'eager', 'use_experimental_parser': 'False', 'log_path': 'F:\\Projects\\Data Engg Project\\Data Engg Project on Emails - OC\\new attempt\\email_project\\logs'}
[0m16:01:03.341814 [debug] [MainThread]: Snowflake adapter: Setting snowflake.connector to ERROR (file logging only)
[0m16:01:03.341814 [debug] [MainThread]: Snowflake adapter: Setting botocore to ERROR (file logging only)
[0m16:01:03.341814 [debug] [MainThread]: Snowflake adapter: Setting boto3 to ERROR (file logging only)
[0m16:01:03.550986 [debug] [MainThread]: Sending event: {'category': 'dbt', 'action': 'project_id', 'label': 'd0cc3581-273b-4b63-bd36-cbafc9a32f03', 'context': [<snowplow_tracker.self_describing_json.SelfDescribingJson object at 0x000001D2469C4230>]}
[0m16:01:03.618199 [debug] [MainThread]: Sending event: {'category': 'dbt', 'action': 'adapter_info', 'label': 'd0cc3581-273b-4b63-bd36-cbafc9a32f03', 'context': [<snowplow_tracker.self_describing_json.SelfDescribingJson object at 0x000001D24C2F6F60>]}
[0m16:01:03.620206 [info ] [MainThread]: Registered adapter: snowflake=1.11.6
[0m16:01:03.953812 [debug] [MainThread]: checksum: 30a8cc8fdcbf66701b0944d4ccce3fa46dd04b61e5df68b9f16d57b2e0e3f0be, vars: {}, profile: , target: , version: 1.11.11
[0m16:01:04.086349 [debug] [MainThread]: Partial parsing enabled: 0 files deleted, 0 files added, 1 files changed.
[0m16:01:04.087359 [debug] [MainThread]: Partial parsing: updated file: email_project://models\staging\stg_gmail_data.sql
[0m16:01:04.357546 [debug] [MainThread]: Sending event: {'category': 'dbt', 'action': 'load_project', 'label': 'd0cc3581-273b-4b63-bd36-cbafc9a32f03', 'context': [<snowplow_tracker.self_describing_json.SelfDescribingJson object at 0x000001D24CA953A0>]}
[0m16:01:04.437528 [debug] [MainThread]: Wrote artifact WritableManifest to F:\Projects\Data Engg Project\Data Engg Project on Emails - OC\new attempt\email_project\target\manifest.json
[0m16:01:04.439798 [debug] [MainThread]: Wrote artifact SemanticManifest to F:\Projects\Data Engg Project\Data Engg Project on Emails - OC\new attempt\email_project\target\semantic_manifest.json
[0m16:01:04.455464 [debug] [MainThread]: Sending event: {'category': 'dbt', 'action': 'resource_counts', 'label': 'd0cc3581-273b-4b63-bd36-cbafc9a32f03', 'context': [<snowplow_tracker.self_describing_json.SelfDescribingJson object at 0x000001D24CA96DB0>]}
[0m16:01:04.455464 [info ] [MainThread]: Found 1 model, 1 source, 538 macros
[0m16:01:04.456475 [debug] [MainThread]: Sending event: {'category': 'dbt', 'action': 'runnable_timing', 'label': 'd0cc3581-273b-4b63-bd36-cbafc9a32f03', 'context': [<snowplow_tracker.self_describing_json.SelfDescribingJson object at 0x000001D24CA8FDA0>]}
[0m16:01:04.458988 [info ] [MainThread]: 
[0m16:01:04.458988 [info ] [MainThread]: Concurrency: 1 threads (target='dev')
[0m16:01:04.460031 [info ] [MainThread]: 
[0m16:01:04.460996 [debug] [MainThread]: Acquiring new snowflake connection 'master'
[0m16:01:04.462015 [debug] [ThreadPool]: Acquiring new snowflake connection 'list_email_db'
[0m16:01:04.538587 [debug] [ThreadPool]: Using snowflake connection "list_email_db"
[0m16:01:04.538587 [debug] [ThreadPool]: On list_email_db: show terse schemas in database email_db
    limit 10000
/* {"app": "dbt", "dbt_version": "1.11.11", "profile_name": "email_project", "target_name": "dev", "connection_name": "list_email_db"} */
[0m16:01:04.539776 [debug] [ThreadPool]: Opening a new connection, currently in state init
[0m16:01:05.937198 [debug] [ThreadPool]: SQL status: SUCCESS 4 in 1.397 seconds
[0m16:01:05.940251 [debug] [ThreadPool]: Acquiring new snowflake connection 'list_email_db_staging'
[0m16:01:05.969333 [debug] [ThreadPool]: Using snowflake connection "list_email_db_staging"
[0m16:01:05.969333 [debug] [ThreadPool]: On list_email_db_staging: show objects in email_db.staging
    limit 10000
    

/* {"app": "dbt", "dbt_version": "1.11.11", "profile_name": "email_project", "target_name": "dev", "connection_name": "list_email_db_staging"} */;
[0m16:01:05.970362 [debug] [ThreadPool]: Opening a new connection, currently in state init
[0m16:01:07.089593 [debug] [ThreadPool]: SQL status: SUCCESS 0 in 1.119 seconds
[0m16:01:07.091658 [debug] [MainThread]: Sending event: {'category': 'dbt', 'action': 'runnable_timing', 'label': 'd0cc3581-273b-4b63-bd36-cbafc9a32f03', 'context': [<snowplow_tracker.self_describing_json.SelfDescribingJson object at 0x000001D24C918BC0>]}
[0m16:01:07.096371 [debug] [Thread-2 (]: Began running node model.email_project.stg_gmail_data
[0m16:01:07.097394 [info ] [Thread-2 (]: 1 of 1 START sql table model staging.stg_gmail_data ............................ [RUN]
[0m16:01:07.097394 [debug] [Thread-2 (]: Acquiring new snowflake connection 'model.email_project.stg_gmail_data'
[0m16:01:07.098906 [debug] [Thread-2 (]: Began compiling node model.email_project.stg_gmail_data
[0m16:01:07.107615 [debug] [Thread-2 (]: Writing injected SQL for node "model.email_project.stg_gmail_data"
[0m16:01:07.109622 [debug] [Thread-2 (]: Began executing node model.email_project.stg_gmail_data
[0m16:01:07.142471 [debug] [Thread-2 (]: Writing runtime sql for node "model.email_project.stg_gmail_data"
[0m16:01:07.145598 [debug] [Thread-2 (]: Using snowflake connection "model.email_project.stg_gmail_data"
[0m16:01:07.145598 [debug] [Thread-2 (]: On model.email_project.stg_gmail_data: create or replace transient table email_db.staging.stg_gmail_data
    
    
    
    as (
with msg_rank as(
    SELECT 
        MESSAGE_ID,
        LOWER(SENDER_EMAIL) AS sender_email,
        SENDER_DISPLAY_NAME AS SENDER_NAME,
        SENDER_DOMAIN,
        SENDER_DOMAIN_TYPE,
        CASE
            WHEN CC IS NULL THEN 'None'
            ELSE CC
        END AS CC,
        RECIPIENT_COUNT,    
        SUBJECT,    
        FOLDER,
        SPLIT(ALL_LABELS, ', INBOX')[0] AS ALL_LABELS,    
        SIZE_BYTES,
        ATTACHMENT_COUNT,
        HAS_ATTACHMENTS,  
        IS_READ,
        IS_STARRED,
        IS_REPLIED,   
        TO_TIMESTAMP(TIMESTAMP, 'DD/MM/YYYY HH24:MI') AS TIMESTAMPS,           
        THREAD_PARTICIPANT_COUNT,
        RANK () OVER (PARTITION BY MESSAGE_ID ORDER BY TIMESTAMPS desc) AS rnk
    from email_db.raw.gmail_data
)
SELECT         
        ROW_NUMBER() OVER (ORDER BY TIMESTAMPS DESC) AS SL,
        SENDER_NAME,
        sender_email,
        SENDER_DOMAIN,
        SENDER_DOMAIN_TYPE,
        CC,
        RECIPIENT_COUNT,    
        SUBJECT,    
        FOLDER,
        ALL_LABELS,    
        SIZE_BYTES,
        ATTACHMENT_COUNT,
        HAS_ATTACHMENTS,  
        IS_READ,
        IS_STARRED,
        IS_REPLIED, 
        SPLIT(TIMESTAMPS, ' ')[0] ::DATE AS RECEIVE_DATE,
        SPLIT(TIMESTAMPS, ' ')[1]::TIME AS RECEIVE_TIME,
        EXTRACT(dow from RECEIVE_DATE) AS DAY_OF_WEEK,           
        THREAD_PARTICIPANT_COUNT, 
    FROM msg_rank WHERE rnk = 1
    )

/* {"app": "dbt", "dbt_version": "1.11.11", "profile_name": "email_project", "target_name": "dev", "node_id": "model.email_project.stg_gmail_data"} */;
[0m16:01:07.146599 [debug] [Thread-2 (]: Opening a new connection, currently in state init
[0m16:01:09.836457 [debug] [Thread-2 (]: Snowflake adapter: Snowflake query id: 01c69981-0003-b122-0003-502e00022436
[0m16:01:09.837478 [debug] [Thread-2 (]: Snowflake adapter: Snowflake error: 100096 (22007): Can't parse '2026-08-19 15:52:18' as timestamp with format 'DD/MM/YYYY HH24:MI'
[0m16:01:09.840146 [debug] [Thread-2 (]: Database Error in model stg_gmail_data (models\staging\stg_gmail_data.sql)
  100096 (22007): Can't parse '2026-08-19 15:52:18' as timestamp with format 'DD/MM/YYYY HH24:MI'
  compiled code at target\run\email_project\models\staging\stg_gmail_data.sql
[0m16:01:09.843713 [debug] [Thread-2 (]: Sending event: {'category': 'dbt', 'action': 'run_model', 'label': 'd0cc3581-273b-4b63-bd36-cbafc9a32f03', 'context': [<snowplow_tracker.self_describing_json.SelfDescribingJson object at 0x000001D249014650>]}
[0m16:01:09.843713 [error] [Thread-2 (]: 1 of 1 ERROR creating sql table model staging.stg_gmail_data ................... [[31mERROR[0m in 2.74s]
[0m16:01:09.844760 [debug] [Thread-2 (]: Finished running node model.email_project.stg_gmail_data
[0m16:01:09.845865 [debug] [Thread-5 (]: Marking all children of 'model.email_project.stg_gmail_data' to be skipped because of status 'error'.  Reason: Database Error in model stg_gmail_data (models\staging\stg_gmail_data.sql)
  100096 (22007): Can't parse '2026-08-19 15:52:18' as timestamp with format 'DD/MM/YYYY HH24:MI'
  compiled code at target\run\email_project\models\staging\stg_gmail_data.sql.
[0m16:01:09.847577 [debug] [MainThread]: Connection 'master' was properly closed.
[0m16:01:09.849088 [debug] [MainThread]: Connection 'list_email_db' was left open.
[0m16:01:09.849088 [debug] [MainThread]: On list_email_db: Close
[0m16:01:10.149234 [debug] [MainThread]: Connection 'list_email_db_staging' was left open.
[0m16:01:10.149234 [debug] [MainThread]: On list_email_db_staging: Close
[0m16:01:10.467537 [debug] [MainThread]: Connection 'model.email_project.stg_gmail_data' was left open.
[0m16:01:10.468059 [debug] [MainThread]: On model.email_project.stg_gmail_data: Close
[0m16:01:10.694052 [info ] [MainThread]: 
[0m16:01:10.694588 [info ] [MainThread]: Finished running 1 table model in 0 hours 0 minutes and 6.23 seconds (6.23s).
[0m16:01:10.696346 [debug] [MainThread]: Command end result
[0m16:01:10.727773 [debug] [MainThread]: Wrote artifact WritableManifest to F:\Projects\Data Engg Project\Data Engg Project on Emails - OC\new attempt\email_project\target\manifest.json
[0m16:01:10.730309 [debug] [MainThread]: Wrote artifact SemanticManifest to F:\Projects\Data Engg Project\Data Engg Project on Emails - OC\new attempt\email_project\target\semantic_manifest.json
[0m16:01:10.737473 [debug] [MainThread]: Wrote artifact RunExecutionResult to F:\Projects\Data Engg Project\Data Engg Project on Emails - OC\new attempt\email_project\target\run_results.json
[0m16:01:10.738481 [info ] [MainThread]: 
[0m16:01:10.739505 [info ] [MainThread]: [31mCompleted with 1 error, 0 partial successes, and 0 warnings:[0m
[0m16:01:10.740500 [info ] [MainThread]: 
[0m16:01:10.741478 [error] [MainThread]: [31mFailure in model stg_gmail_data (models\staging\stg_gmail_data.sql)[0m
[0m16:01:10.747802 [error] [MainThread]:   Database Error in model stg_gmail_data (models\staging\stg_gmail_data.sql)
  100096 (22007): Can't parse '2026-08-19 15:52:18' as timestamp with format 'DD/MM/YYYY HH24:MI'
  compiled code at target\run\email_project\models\staging\stg_gmail_data.sql
[0m16:01:10.750435 [info ] [MainThread]: 
[0m16:01:10.751453 [info ] [MainThread]:   compiled code at target\compiled\email_project\models\staging\stg_gmail_data.sql
[0m16:01:10.752447 [info ] [MainThread]: 
[0m16:01:10.752447 [info ] [MainThread]: Done. PASS=0 WARN=0 ERROR=1 SKIP=0 NO-OP=0 TOTAL=1
[0m16:01:10.753955 [debug] [MainThread]: Command `dbt run` failed at 16:01:10.753955 after 8.19 seconds
[0m16:01:10.754472 [debug] [MainThread]: Sending event: {'category': 'dbt', 'action': 'invocation', 'label': 'end', 'context': [<snowplow_tracker.self_describing_json.SelfDescribingJson object at 0x000001D248FDE930>, <snowplow_tracker.self_describing_json.SelfDescribingJson object at 0x000001D24AEE3EC0>, <snowplow_tracker.self_describing_json.SelfDescribingJson object at 0x000001D248AC9580>]}
[0m16:01:10.754472 [debug] [MainThread]: Flushing usage events
[0m16:01:12.053786 [debug] [MainThread]: An error was encountered while trying to flush usage events
[0m16:08:42.128525 [debug] [MainThread]: Sending event: {'category': 'dbt', 'action': 'invocation', 'label': 'start', 'context': [<snowplow_tracker.self_describing_json.SelfDescribingJson object at 0x0000021992E41820>, <snowplow_tracker.self_describing_json.SelfDescribingJson object at 0x000002199028AF60>, <snowplow_tracker.self_describing_json.SelfDescribingJson object at 0x0000021993569C40>]}


============================== 16:08:42.136216 | 090d569f-3fad-410a-b6ec-ae7fe60fb802 ==============================
[0m16:08:42.136216 [info ] [MainThread]: Running with dbt=1.11.11
[0m16:08:42.137231 [debug] [MainThread]: running dbt with arguments {'version_check': 'True', 'no_print': 'None', 'static_parser': 'True', 'warn_error_options': 'WarnErrorOptionsV2(error=[], warn=[], silence=[])', 'target_path': 'None', 'printer_width': '80', 'write_json': 'True', 'introspect': 'True', 'log_cache_events': 'False', 'empty': 'False', 'cache_selected_only': 'False', 'log_format': 'default', 'debug': 'False', 'fail_fast': 'False', 'profiles_dir': 'C:\\Users\\61452\\.dbt', 'send_anonymous_usage_stats': 'True', 'quiet': 'False', 'warn_error': 'None', 'partial_parse': 'True', 'invocation_command': 'dbt run', 'use_colors': 'True', 'indirect_selection': 'eager', 'use_experimental_parser': 'False', 'log_path': 'F:\\Projects\\Data Engg Project\\Data Engg Project on Emails - OC\\new attempt\\email_project\\logs'}
[0m16:08:42.834815 [debug] [MainThread]: Snowflake adapter: Setting snowflake.connector to ERROR (file logging only)
[0m16:08:42.834815 [debug] [MainThread]: Snowflake adapter: Setting botocore to ERROR (file logging only)
[0m16:08:42.835956 [debug] [MainThread]: Snowflake adapter: Setting boto3 to ERROR (file logging only)
[0m16:08:43.123371 [debug] [MainThread]: Sending event: {'category': 'dbt', 'action': 'project_id', 'label': '090d569f-3fad-410a-b6ec-ae7fe60fb802', 'context': [<snowplow_tracker.self_describing_json.SelfDescribingJson object at 0x0000021992BB9F70>]}
[0m16:08:43.193742 [debug] [MainThread]: Sending event: {'category': 'dbt', 'action': 'adapter_info', 'label': '090d569f-3fad-410a-b6ec-ae7fe60fb802', 'context': [<snowplow_tracker.self_describing_json.SelfDescribingJson object at 0x0000021996510F20>]}
[0m16:08:43.195588 [info ] [MainThread]: Registered adapter: snowflake=1.11.6
[0m16:08:43.575696 [debug] [MainThread]: checksum: 30a8cc8fdcbf66701b0944d4ccce3fa46dd04b61e5df68b9f16d57b2e0e3f0be, vars: {}, profile: , target: , version: 1.11.11
[0m16:08:43.717809 [debug] [MainThread]: Partial parsing enabled: 0 files deleted, 0 files added, 0 files changed.
[0m16:08:43.718824 [debug] [MainThread]: Nothing changed, skipping partial parsing.
[0m16:08:43.718824 [debug] [MainThread]: Partial parsing enabled, no changes found, skipping parsing
[0m16:08:43.752877 [debug] [MainThread]: Sending event: {'category': 'dbt', 'action': 'load_project', 'label': '090d569f-3fad-410a-b6ec-ae7fe60fb802', 'context': [<snowplow_tracker.self_describing_json.SelfDescribingJson object at 0x0000021996608DD0>]}
[0m16:08:43.854665 [debug] [MainThread]: Wrote artifact WritableManifest to F:\Projects\Data Engg Project\Data Engg Project on Emails - OC\new attempt\email_project\target\manifest.json
[0m16:08:43.857675 [debug] [MainThread]: Wrote artifact SemanticManifest to F:\Projects\Data Engg Project\Data Engg Project on Emails - OC\new attempt\email_project\target\semantic_manifest.json
[0m16:08:43.875527 [debug] [MainThread]: Sending event: {'category': 'dbt', 'action': 'resource_counts', 'label': '090d569f-3fad-410a-b6ec-ae7fe60fb802', 'context': [<snowplow_tracker.self_describing_json.SelfDescribingJson object at 0x00000219969AEDB0>]}
[0m16:08:43.876526 [info ] [MainThread]: Found 1 model, 1 source, 538 macros
[0m16:08:43.876526 [debug] [MainThread]: Sending event: {'category': 'dbt', 'action': 'runnable_timing', 'label': '090d569f-3fad-410a-b6ec-ae7fe60fb802', 'context': [<snowplow_tracker.self_describing_json.SelfDescribingJson object at 0x0000021994103140>]}
[0m16:08:43.878524 [info ] [MainThread]: 
[0m16:08:43.879520 [info ] [MainThread]: Concurrency: 1 threads (target='dev')
[0m16:08:43.880525 [info ] [MainThread]: 
[0m16:08:43.880525 [debug] [MainThread]: Acquiring new snowflake connection 'master'
[0m16:08:43.883052 [debug] [ThreadPool]: Acquiring new snowflake connection 'list_email_db'
[0m16:08:43.991050 [debug] [ThreadPool]: Using snowflake connection "list_email_db"
[0m16:08:43.992064 [debug] [ThreadPool]: On list_email_db: show terse schemas in database email_db
    limit 10000
/* {"app": "dbt", "dbt_version": "1.11.11", "profile_name": "email_project", "target_name": "dev", "connection_name": "list_email_db"} */
[0m16:08:43.992587 [debug] [ThreadPool]: Opening a new connection, currently in state init
[0m16:08:45.673908 [debug] [ThreadPool]: SQL status: SUCCESS 4 in 1.682 seconds
[0m16:08:45.678387 [debug] [ThreadPool]: Acquiring new snowflake connection 'list_email_db_staging'
[0m16:08:45.690549 [debug] [ThreadPool]: Using snowflake connection "list_email_db_staging"
[0m16:08:45.690549 [debug] [ThreadPool]: On list_email_db_staging: show objects in email_db.staging
    limit 10000
    

/* {"app": "dbt", "dbt_version": "1.11.11", "profile_name": "email_project", "target_name": "dev", "connection_name": "list_email_db_staging"} */;
[0m16:08:45.690549 [debug] [ThreadPool]: Opening a new connection, currently in state init
[0m16:08:46.497918 [debug] [ThreadPool]: SQL status: SUCCESS 0 in 0.805 seconds
[0m16:08:46.499923 [debug] [MainThread]: Sending event: {'category': 'dbt', 'action': 'runnable_timing', 'label': '090d569f-3fad-410a-b6ec-ae7fe60fb802', 'context': [<snowplow_tracker.self_describing_json.SelfDescribingJson object at 0x000002199673F200>]}
[0m16:08:46.507348 [debug] [Thread-2 (]: Began running node model.email_project.stg_gmail_data
[0m16:08:46.507348 [info ] [Thread-2 (]: 1 of 1 START sql table model staging.stg_gmail_data ............................ [RUN]
[0m16:08:46.509349 [debug] [Thread-2 (]: Acquiring new snowflake connection 'model.email_project.stg_gmail_data'
[0m16:08:46.509349 [debug] [Thread-2 (]: Began compiling node model.email_project.stg_gmail_data
[0m16:08:46.529628 [debug] [Thread-2 (]: Writing injected SQL for node "model.email_project.stg_gmail_data"
[0m16:08:46.531612 [debug] [Thread-2 (]: Began executing node model.email_project.stg_gmail_data
[0m16:08:46.588281 [debug] [Thread-2 (]: Writing runtime sql for node "model.email_project.stg_gmail_data"
[0m16:08:46.590276 [debug] [Thread-2 (]: Using snowflake connection "model.email_project.stg_gmail_data"
[0m16:08:46.591801 [debug] [Thread-2 (]: On model.email_project.stg_gmail_data: create or replace transient table email_db.staging.stg_gmail_data
    
    
    
    as (
with msg_rank as(
    SELECT 
        MESSAGE_ID,
        LOWER(SENDER_EMAIL) AS sender_email,
        SENDER_DISPLAY_NAME AS SENDER_NAME,
        SENDER_DOMAIN,
        SENDER_DOMAIN_TYPE,
        CASE
            WHEN CC IS NULL THEN 'None'
            ELSE CC
        END AS CC,
        RECIPIENT_COUNT,    
        SUBJECT,    
        FOLDER,
        SPLIT(ALL_LABELS, ', INBOX')[0] AS ALL_LABELS,    
        SIZE_BYTES,
        ATTACHMENT_COUNT,
        HAS_ATTACHMENTS,  
        IS_READ,
        IS_STARRED,
        IS_REPLIED,   
        TO_TIMESTAMP(TIMESTAMP, 'DD/MM/YYYY HH24:MI') AS TIMESTAMPS,           
        THREAD_PARTICIPANT_COUNT,
        RANK () OVER (PARTITION BY MESSAGE_ID ORDER BY TIMESTAMPS desc) AS rnk
    from email_db.raw.gmail_data
)
SELECT         
        ROW_NUMBER() OVER (ORDER BY TIMESTAMPS DESC) AS SL,
        SENDER_NAME,
        sender_email,
        SENDER_DOMAIN,
        SENDER_DOMAIN_TYPE,
        CC,
        RECIPIENT_COUNT,    
        SUBJECT,    
        FOLDER,
        ALL_LABELS,    
        SIZE_BYTES,
        ATTACHMENT_COUNT,
        HAS_ATTACHMENTS,  
        IS_READ,
        IS_STARRED,
        IS_REPLIED, 
        SPLIT(TIMESTAMPS, ' ')[0] ::DATE AS RECEIVE_DATE,
        SPLIT(TIMESTAMPS, ' ')[1]::TIME AS RECEIVE_TIME,
        EXTRACT(dow from RECEIVE_DATE) AS DAY_OF_WEEK,           
        THREAD_PARTICIPANT_COUNT, 
    FROM msg_rank WHERE rnk = 1
    )

/* {"app": "dbt", "dbt_version": "1.11.11", "profile_name": "email_project", "target_name": "dev", "node_id": "model.email_project.stg_gmail_data"} */;
[0m16:08:46.593308 [debug] [Thread-2 (]: Opening a new connection, currently in state init
[0m16:08:47.477588 [debug] [Thread-2 (]: Snowflake adapter: Snowflake query id: 01c69989-0003-b122-0003-502e000225ae
[0m16:08:47.478558 [debug] [Thread-2 (]: Snowflake adapter: Snowflake error: 000904 (42000): SQL compilation error: error line 27 at position 21
invalid identifier 'TIMESTAMP'
[0m16:08:47.482067 [debug] [Thread-2 (]: Database Error in model stg_gmail_data (models\staging\stg_gmail_data.sql)
  000904 (42000): SQL compilation error: error line 27 at position 21
  invalid identifier 'TIMESTAMP'
  compiled code at target\run\email_project\models\staging\stg_gmail_data.sql
[0m16:08:47.485614 [debug] [Thread-2 (]: Sending event: {'category': 'dbt', 'action': 'run_model', 'label': '090d569f-3fad-410a-b6ec-ae7fe60fb802', 'context': [<snowplow_tracker.self_describing_json.SelfDescribingJson object at 0x000002199320C380>]}
[0m16:08:47.486345 [error] [Thread-2 (]: 1 of 1 ERROR creating sql table model staging.stg_gmail_data ................... [[31mERROR[0m in 0.97s]
[0m16:08:47.487368 [debug] [Thread-2 (]: Finished running node model.email_project.stg_gmail_data
[0m16:08:47.488368 [debug] [Thread-5 (]: Marking all children of 'model.email_project.stg_gmail_data' to be skipped because of status 'error'.  Reason: Database Error in model stg_gmail_data (models\staging\stg_gmail_data.sql)
  000904 (42000): SQL compilation error: error line 27 at position 21
  invalid identifier 'TIMESTAMP'
  compiled code at target\run\email_project\models\staging\stg_gmail_data.sql.
[0m16:08:47.491908 [debug] [MainThread]: Connection 'master' was properly closed.
[0m16:08:47.491908 [debug] [MainThread]: Connection 'list_email_db' was left open.
[0m16:08:47.492948 [debug] [MainThread]: On list_email_db: Close
[0m16:08:47.677870 [debug] [MainThread]: Connection 'list_email_db_staging' was left open.
[0m16:08:47.678869 [debug] [MainThread]: On list_email_db_staging: Close
[0m16:08:47.858720 [debug] [MainThread]: Connection 'model.email_project.stg_gmail_data' was left open.
[0m16:08:47.858720 [debug] [MainThread]: On model.email_project.stg_gmail_data: Close
[0m16:08:48.017821 [info ] [MainThread]: 
[0m16:08:48.018811 [info ] [MainThread]: Finished running 1 table model in 0 hours 0 minutes and 4.14 seconds (4.14s).
[0m16:08:48.019827 [debug] [MainThread]: Command end result
[0m16:08:48.051680 [debug] [MainThread]: Wrote artifact WritableManifest to F:\Projects\Data Engg Project\Data Engg Project on Emails - OC\new attempt\email_project\target\manifest.json
[0m16:08:48.056041 [debug] [MainThread]: Wrote artifact SemanticManifest to F:\Projects\Data Engg Project\Data Engg Project on Emails - OC\new attempt\email_project\target\semantic_manifest.json
[0m16:08:48.062550 [debug] [MainThread]: Wrote artifact RunExecutionResult to F:\Projects\Data Engg Project\Data Engg Project on Emails - OC\new attempt\email_project\target\run_results.json
[0m16:08:48.062550 [info ] [MainThread]: 
[0m16:08:48.064064 [info ] [MainThread]: [31mCompleted with 1 error, 0 partial successes, and 0 warnings:[0m
[0m16:08:48.064609 [info ] [MainThread]: 
[0m16:08:48.065637 [error] [MainThread]: [31mFailure in model stg_gmail_data (models\staging\stg_gmail_data.sql)[0m
[0m16:08:48.066418 [error] [MainThread]:   Database Error in model stg_gmail_data (models\staging\stg_gmail_data.sql)
  000904 (42000): SQL compilation error: error line 27 at position 21
  invalid identifier 'TIMESTAMP'
  compiled code at target\run\email_project\models\staging\stg_gmail_data.sql
[0m16:08:48.067429 [info ] [MainThread]: 
[0m16:08:48.068440 [info ] [MainThread]:   compiled code at target\compiled\email_project\models\staging\stg_gmail_data.sql
[0m16:08:48.069426 [info ] [MainThread]: 
[0m16:08:48.070441 [info ] [MainThread]: Done. PASS=0 WARN=0 ERROR=1 SKIP=0 NO-OP=0 TOTAL=1
[0m16:08:48.071947 [debug] [MainThread]: Command `dbt run` failed at 16:08:48.071947 after 6.13 seconds
[0m16:08:48.071947 [debug] [MainThread]: Sending event: {'category': 'dbt', 'action': 'invocation', 'label': 'end', 'context': [<snowplow_tracker.self_describing_json.SelfDescribingJson object at 0x000002199331C500>, <snowplow_tracker.self_describing_json.SelfDescribingJson object at 0x00000219914DC380>, <snowplow_tracker.self_describing_json.SelfDescribingJson object at 0x000002199390FB30>]}
[0m16:08:48.072974 [debug] [MainThread]: Flushing usage events
[0m16:08:49.227830 [debug] [MainThread]: An error was encountered while trying to flush usage events
[0m16:11:07.877486 [debug] [MainThread]: Sending event: {'category': 'dbt', 'action': 'invocation', 'label': 'start', 'context': [<snowplow_tracker.self_describing_json.SelfDescribingJson object at 0x00000295B404B020>, <snowplow_tracker.self_describing_json.SelfDescribingJson object at 0x00000295B6A7B9B0>, <snowplow_tracker.self_describing_json.SelfDescribingJson object at 0x00000295B6A7BAD0>]}


============================== 16:11:07.883054 | 6eb97904-9a1a-4661-b818-5c1600e539f8 ==============================
[0m16:11:07.883054 [info ] [MainThread]: Running with dbt=1.11.11
[0m16:11:07.884053 [debug] [MainThread]: running dbt with arguments {'version_check': 'True', 'no_print': 'None', 'static_parser': 'True', 'warn_error_options': 'WarnErrorOptionsV2(error=[], warn=[], silence=[])', 'target_path': 'None', 'printer_width': '80', 'write_json': 'True', 'introspect': 'True', 'log_cache_events': 'False', 'empty': 'False', 'cache_selected_only': 'False', 'fail_fast': 'False', 'debug': 'False', 'log_format': 'default', 'profiles_dir': 'C:\\Users\\61452\\.dbt', 'send_anonymous_usage_stats': 'True', 'quiet': 'False', 'warn_error': 'None', 'partial_parse': 'True', 'use_colors': 'True', 'indirect_selection': 'eager', 'invocation_command': 'dbt run', 'use_experimental_parser': 'False', 'log_path': 'F:\\Projects\\Data Engg Project\\Data Engg Project on Emails - OC\\new attempt\\email_project\\logs'}
[0m16:11:08.503279 [debug] [MainThread]: Snowflake adapter: Setting snowflake.connector to ERROR (file logging only)
[0m16:11:08.503799 [debug] [MainThread]: Snowflake adapter: Setting botocore to ERROR (file logging only)
[0m16:11:08.503799 [debug] [MainThread]: Snowflake adapter: Setting boto3 to ERROR (file logging only)
[0m16:11:08.707277 [debug] [MainThread]: Sending event: {'category': 'dbt', 'action': 'project_id', 'label': '6eb97904-9a1a-4661-b818-5c1600e539f8', 'context': [<snowplow_tracker.self_describing_json.SelfDescribingJson object at 0x00000295B4974200>]}
[0m16:11:08.772556 [debug] [MainThread]: Sending event: {'category': 'dbt', 'action': 'adapter_info', 'label': '6eb97904-9a1a-4661-b818-5c1600e539f8', 'context': [<snowplow_tracker.self_describing_json.SelfDescribingJson object at 0x00000295B907C230>]}
[0m16:11:08.775633 [info ] [MainThread]: Registered adapter: snowflake=1.11.6
[0m16:11:09.090029 [debug] [MainThread]: checksum: 30a8cc8fdcbf66701b0944d4ccce3fa46dd04b61e5df68b9f16d57b2e0e3f0be, vars: {}, profile: , target: , version: 1.11.11
[0m16:11:09.211998 [debug] [MainThread]: Partial parsing enabled: 0 files deleted, 0 files added, 1 files changed.
[0m16:11:09.213021 [debug] [MainThread]: Partial parsing: updated file: email_project://models\staging\stg_gmail_data.sql
[0m16:11:09.480761 [debug] [MainThread]: Sending event: {'category': 'dbt', 'action': 'load_project', 'label': '6eb97904-9a1a-4661-b818-5c1600e539f8', 'context': [<snowplow_tracker.self_describing_json.SelfDescribingJson object at 0x00000295BAA45550>]}
[0m16:11:09.573907 [debug] [MainThread]: Wrote artifact WritableManifest to F:\Projects\Data Engg Project\Data Engg Project on Emails - OC\new attempt\email_project\target\manifest.json
[0m16:11:09.577835 [debug] [MainThread]: Wrote artifact SemanticManifest to F:\Projects\Data Engg Project\Data Engg Project on Emails - OC\new attempt\email_project\target\semantic_manifest.json
[0m16:11:09.593060 [debug] [MainThread]: Sending event: {'category': 'dbt', 'action': 'resource_counts', 'label': '6eb97904-9a1a-4661-b818-5c1600e539f8', 'context': [<snowplow_tracker.self_describing_json.SelfDescribingJson object at 0x00000295BAA46CC0>]}
[0m16:11:09.593568 [info ] [MainThread]: Found 1 model, 1 source, 538 macros
[0m16:11:09.594590 [debug] [MainThread]: Sending event: {'category': 'dbt', 'action': 'runnable_timing', 'label': '6eb97904-9a1a-4661-b818-5c1600e539f8', 'context': [<snowplow_tracker.self_describing_json.SelfDescribingJson object at 0x00000295BAA402C0>]}
[0m16:11:09.596169 [info ] [MainThread]: 
[0m16:11:09.597178 [info ] [MainThread]: Concurrency: 1 threads (target='dev')
[0m16:11:09.598177 [info ] [MainThread]: 
[0m16:11:09.599178 [debug] [MainThread]: Acquiring new snowflake connection 'master'
[0m16:11:09.600177 [debug] [ThreadPool]: Acquiring new snowflake connection 'list_email_db'
[0m16:11:09.702073 [debug] [ThreadPool]: Using snowflake connection "list_email_db"
[0m16:11:09.702073 [debug] [ThreadPool]: On list_email_db: show terse schemas in database email_db
    limit 10000
/* {"app": "dbt", "dbt_version": "1.11.11", "profile_name": "email_project", "target_name": "dev", "connection_name": "list_email_db"} */
[0m16:11:09.703582 [debug] [ThreadPool]: Opening a new connection, currently in state init
[0m16:11:12.532530 [debug] [ThreadPool]: SQL status: SUCCESS 4 in 2.829 seconds
[0m16:11:12.534601 [debug] [ThreadPool]: Acquiring new snowflake connection 'list_email_db_staging'
[0m16:11:12.547409 [debug] [ThreadPool]: Using snowflake connection "list_email_db_staging"
[0m16:11:12.548431 [debug] [ThreadPool]: On list_email_db_staging: show objects in email_db.staging
    limit 10000
    

/* {"app": "dbt", "dbt_version": "1.11.11", "profile_name": "email_project", "target_name": "dev", "connection_name": "list_email_db_staging"} */;
[0m16:11:12.548431 [debug] [ThreadPool]: Opening a new connection, currently in state init
[0m16:11:13.240064 [debug] [ThreadPool]: SQL status: SUCCESS 0 in 0.691 seconds
[0m16:11:13.242152 [debug] [MainThread]: Sending event: {'category': 'dbt', 'action': 'runnable_timing', 'label': '6eb97904-9a1a-4661-b818-5c1600e539f8', 'context': [<snowplow_tracker.self_describing_json.SelfDescribingJson object at 0x00000295BA4254C0>]}
[0m16:11:13.246653 [debug] [Thread-2 (]: Began running node model.email_project.stg_gmail_data
[0m16:11:13.247653 [info ] [Thread-2 (]: 1 of 1 START sql table model staging.stg_gmail_data ............................ [RUN]
[0m16:11:13.248641 [debug] [Thread-2 (]: Acquiring new snowflake connection 'model.email_project.stg_gmail_data'
[0m16:11:13.248641 [debug] [Thread-2 (]: Began compiling node model.email_project.stg_gmail_data
[0m16:11:13.257444 [debug] [Thread-2 (]: Writing injected SQL for node "model.email_project.stg_gmail_data"
[0m16:11:13.260965 [debug] [Thread-2 (]: Began executing node model.email_project.stg_gmail_data
[0m16:11:13.296013 [debug] [Thread-2 (]: Writing runtime sql for node "model.email_project.stg_gmail_data"
[0m16:11:13.297981 [debug] [Thread-2 (]: Using snowflake connection "model.email_project.stg_gmail_data"
[0m16:11:13.298985 [debug] [Thread-2 (]: On model.email_project.stg_gmail_data: create or replace transient table email_db.staging.stg_gmail_data
    
    
    
    as (
with msg_rank as(
    SELECT 
        MESSAGE_ID,
        LOWER(SENDER_EMAIL) AS sender_email,
        SENDER_DISPLAY_NAME AS SENDER_NAME,
        SENDER_DOMAIN,
        SENDER_DOMAIN_TYPE,
        CASE
            WHEN CC IS NULL THEN 'None'
            ELSE CC
        END AS CC,
        RECIPIENT_COUNT,    
        SUBJECT,    
        FOLDER,
        SPLIT(ALL_LABELS, ', INBOX')[0] AS ALL_LABELS,    
        SIZE_BYTES,
        ATTACHMENT_COUNT,
        HAS_ATTACHMENTS,  
        IS_READ,
        IS_STARRED,
        IS_REPLIED,   
        TO_TIMESTAMP(TIMESTAMPP, 'DD/MM/YYYY HH24:MI') AS TIMESTAMPP,           
        THREAD_PARTICIPANT_COUNT,
        RANK () OVER (PARTITION BY MESSAGE_ID ORDER BY TIMESTAMPP desc) AS rnk
    from email_db.raw.gmail_data
)
SELECT         
        ROW_NUMBER() OVER (ORDER BY TIMESTAMPP DESC) AS SL,
        SENDER_NAME,
        sender_email,
        SENDER_DOMAIN,
        SENDER_DOMAIN_TYPE,
        CC,
        RECIPIENT_COUNT,    
        SUBJECT,    
        FOLDER,
        ALL_LABELS,    
        SIZE_BYTES,
        ATTACHMENT_COUNT,
        HAS_ATTACHMENTS,  
        IS_READ,
        IS_STARRED,
        IS_REPLIED, 
        SPLIT(TIMESTAMPP, ' ')[0] ::DATE AS RECEIVE_DATE,
        SPLIT(TIMESTAMPP, ' ')[1]::TIME AS RECEIVE_TIME,
        EXTRACT(dow from RECEIVE_DATE) AS DAY_OF_WEEK,           
        THREAD_PARTICIPANT_COUNT, 
    FROM msg_rank WHERE rnk = 1
    )

/* {"app": "dbt", "dbt_version": "1.11.11", "profile_name": "email_project", "target_name": "dev", "node_id": "model.email_project.stg_gmail_data"} */;
[0m16:11:13.298985 [debug] [Thread-2 (]: Opening a new connection, currently in state init
[0m16:11:14.705904 [debug] [Thread-2 (]: SQL status: SUCCESS 6665 in 1.406 seconds
[0m16:11:14.732547 [debug] [Thread-2 (]: Sending event: {'category': 'dbt', 'action': 'run_model', 'label': '6eb97904-9a1a-4661-b818-5c1600e539f8', 'context': [<snowplow_tracker.self_describing_json.SelfDescribingJson object at 0x00000295B8F4E9C0>]}
[0m16:11:14.734055 [info ] [Thread-2 (]: 1 of 1 OK created sql table model staging.stg_gmail_data ....................... [[32mSUCCESS 6665[0m in 1.48s]
[0m16:11:14.735618 [debug] [Thread-2 (]: Finished running node model.email_project.stg_gmail_data
[0m16:11:14.737255 [debug] [MainThread]: Connection 'master' was properly closed.
[0m16:11:14.738254 [debug] [MainThread]: Connection 'list_email_db' was left open.
[0m16:11:14.738254 [debug] [MainThread]: On list_email_db: Close
[0m16:11:14.945712 [debug] [MainThread]: Connection 'list_email_db_staging' was left open.
[0m16:11:14.950946 [debug] [MainThread]: On list_email_db_staging: Close
[0m16:11:15.137134 [debug] [MainThread]: Connection 'model.email_project.stg_gmail_data' was left open.
[0m16:11:15.137134 [debug] [MainThread]: On model.email_project.stg_gmail_data: Close
[0m16:11:15.427476 [info ] [MainThread]: 
[0m16:11:15.428491 [info ] [MainThread]: Finished running 1 table model in 0 hours 0 minutes and 5.83 seconds (5.83s).
[0m16:11:15.429999 [debug] [MainThread]: Command end result
[0m16:11:15.463076 [debug] [MainThread]: Wrote artifact WritableManifest to F:\Projects\Data Engg Project\Data Engg Project on Emails - OC\new attempt\email_project\target\manifest.json
[0m16:11:15.465628 [debug] [MainThread]: Wrote artifact SemanticManifest to F:\Projects\Data Engg Project\Data Engg Project on Emails - OC\new attempt\email_project\target\semantic_manifest.json
[0m16:11:15.472647 [debug] [MainThread]: Wrote artifact RunExecutionResult to F:\Projects\Data Engg Project\Data Engg Project on Emails - OC\new attempt\email_project\target\run_results.json
[0m16:11:15.472647 [info ] [MainThread]: 
[0m16:11:15.474674 [info ] [MainThread]: [32mCompleted successfully[0m
[0m16:11:15.475685 [info ] [MainThread]: 
[0m16:11:15.476273 [info ] [MainThread]: Done. PASS=1 WARN=0 ERROR=0 SKIP=0 NO-OP=0 TOTAL=1
[0m16:11:15.477285 [debug] [MainThread]: Command `dbt run` succeeded at 16:11:15.477285 after 7.81 seconds
[0m16:11:15.477285 [debug] [MainThread]: Sending event: {'category': 'dbt', 'action': 'invocation', 'label': 'end', 'context': [<snowplow_tracker.self_describing_json.SelfDescribingJson object at 0x00000295B8EFD3A0>, <snowplow_tracker.self_describing_json.SelfDescribingJson object at 0x00000295B75CAD20>, <snowplow_tracker.self_describing_json.SelfDescribingJson object at 0x00000295B76DB8F0>]}
[0m16:11:15.478282 [debug] [MainThread]: Flushing usage events
[0m16:11:16.630215 [debug] [MainThread]: An error was encountered while trying to flush usage events
[0m21:42:48.004578 [debug] [MainThread]: Sending event: {'category': 'dbt', 'action': 'invocation', 'label': 'start', 'context': [<snowplow_tracker.self_describing_json.SelfDescribingJson object at 0x0000022730187260>, <snowplow_tracker.self_describing_json.SelfDescribingJson object at 0x0000022733330980>, <snowplow_tracker.self_describing_json.SelfDescribingJson object at 0x0000022733331820>]}


============================== 21:42:48.012526 | eba45f0d-da04-486c-8a16-735c98949f0b ==============================
[0m21:42:48.012526 [info ] [MainThread]: Running with dbt=1.11.11
[0m21:42:48.013510 [debug] [MainThread]: running dbt with arguments {'static_parser': 'True', 'no_print': 'None', 'version_check': 'True', 'warn_error_options': 'WarnErrorOptionsV2(error=[], warn=[], silence=[])', 'target_path': 'None', 'printer_width': '80', 'write_json': 'True', 'introspect': 'True', 'log_cache_events': 'False', 'empty': 'False', 'cache_selected_only': 'False', 'log_format': 'default', 'debug': 'False', 'fail_fast': 'False', 'profiles_dir': 'C:\\Users\\61452\\.dbt', 'send_anonymous_usage_stats': 'True', 'quiet': 'False', 'warn_error': 'None', 'partial_parse': 'True', 'invocation_command': 'dbt run', 'indirect_selection': 'eager', 'use_colors': 'True', 'use_experimental_parser': 'False', 'log_path': 'F:\\Projects\\Data Engg Project\\Data Engg Project on Emails - OC\\new attempt\\email_project\\logs'}
[0m21:42:49.041617 [debug] [MainThread]: Snowflake adapter: Setting snowflake.connector to ERROR (file logging only)
[0m21:42:49.041617 [debug] [MainThread]: Snowflake adapter: Setting botocore to ERROR (file logging only)
[0m21:42:49.042618 [debug] [MainThread]: Snowflake adapter: Setting boto3 to ERROR (file logging only)
[0m21:42:49.332052 [debug] [MainThread]: Sending event: {'category': 'dbt', 'action': 'project_id', 'label': 'eba45f0d-da04-486c-8a16-735c98949f0b', 'context': [<snowplow_tracker.self_describing_json.SelfDescribingJson object at 0x000002273642F170>]}
[0m21:42:49.396190 [debug] [MainThread]: Sending event: {'category': 'dbt', 'action': 'adapter_info', 'label': 'eba45f0d-da04-486c-8a16-735c98949f0b', 'context': [<snowplow_tracker.self_describing_json.SelfDescribingJson object at 0x000002273377FB30>]}
[0m21:42:49.398238 [info ] [MainThread]: Registered adapter: snowflake=1.11.6
[0m21:42:49.943768 [debug] [MainThread]: checksum: 30a8cc8fdcbf66701b0944d4ccce3fa46dd04b61e5df68b9f16d57b2e0e3f0be, vars: {}, profile: , target: , version: 1.11.11
[0m21:42:51.609364 [debug] [MainThread]: Partial parsing enabled: 0 files deleted, 0 files added, 1 files changed.
[0m21:42:51.610365 [debug] [MainThread]: Partial parsing: updated file: email_project://models\staging\stg_gmail_data.sql
[0m21:42:51.882247 [debug] [MainThread]: Sending event: {'category': 'dbt', 'action': 'load_project', 'label': 'eba45f0d-da04-486c-8a16-735c98949f0b', 'context': [<snowplow_tracker.self_describing_json.SelfDescribingJson object at 0x0000022736C091C0>]}
[0m21:42:51.959073 [debug] [MainThread]: Wrote artifact WritableManifest to F:\Projects\Data Engg Project\Data Engg Project on Emails - OC\new attempt\email_project\target\manifest.json
[0m21:42:51.976324 [debug] [MainThread]: Wrote artifact SemanticManifest to F:\Projects\Data Engg Project\Data Engg Project on Emails - OC\new attempt\email_project\target\semantic_manifest.json
[0m21:42:51.996890 [debug] [MainThread]: Sending event: {'category': 'dbt', 'action': 'resource_counts', 'label': 'eba45f0d-da04-486c-8a16-735c98949f0b', 'context': [<snowplow_tracker.self_describing_json.SelfDescribingJson object at 0x0000022736C0ADB0>]}
[0m21:42:51.996890 [info ] [MainThread]: Found 1 model, 1 source, 538 macros
[0m21:42:51.997907 [debug] [MainThread]: Sending event: {'category': 'dbt', 'action': 'runnable_timing', 'label': 'eba45f0d-da04-486c-8a16-735c98949f0b', 'context': [<snowplow_tracker.self_describing_json.SelfDescribingJson object at 0x0000022736C02450>]}
[0m21:42:51.999888 [info ] [MainThread]: 
[0m21:42:52.000891 [info ] [MainThread]: Concurrency: 1 threads (target='dev')
[0m21:42:52.000891 [info ] [MainThread]: 
[0m21:42:52.001891 [debug] [MainThread]: Acquiring new snowflake connection 'master'
[0m21:42:52.002908 [debug] [ThreadPool]: Acquiring new snowflake connection 'list_email_db'
[0m21:42:55.715752 [debug] [ThreadPool]: Using snowflake connection "list_email_db"
[0m21:42:55.715752 [debug] [ThreadPool]: On list_email_db: show terse schemas in database email_db
    limit 10000
/* {"app": "dbt", "dbt_version": "1.11.11", "profile_name": "email_project", "target_name": "dev", "connection_name": "list_email_db"} */
[0m21:42:55.716802 [debug] [ThreadPool]: Opening a new connection, currently in state init
[0m21:42:57.323239 [debug] [ThreadPool]: SQL status: SUCCESS 4 in 1.606 seconds
[0m21:42:57.326814 [debug] [ThreadPool]: Acquiring new snowflake connection 'list_email_db_staging'
[0m21:42:57.339314 [debug] [ThreadPool]: Using snowflake connection "list_email_db_staging"
[0m21:42:57.340287 [debug] [ThreadPool]: On list_email_db_staging: show objects in email_db.staging
    limit 10000
    

/* {"app": "dbt", "dbt_version": "1.11.11", "profile_name": "email_project", "target_name": "dev", "connection_name": "list_email_db_staging"} */;
[0m21:42:57.340287 [debug] [ThreadPool]: Opening a new connection, currently in state init
[0m21:42:58.453586 [debug] [ThreadPool]: SQL status: SUCCESS 1 in 1.114 seconds
[0m21:42:58.457139 [debug] [MainThread]: Sending event: {'category': 'dbt', 'action': 'runnable_timing', 'label': 'eba45f0d-da04-486c-8a16-735c98949f0b', 'context': [<snowplow_tracker.self_describing_json.SelfDescribingJson object at 0x00000227381E7F50>]}
[0m21:42:58.471304 [debug] [Thread-2 (]: Began running node model.email_project.stg_gmail_data
[0m21:42:58.471304 [info ] [Thread-2 (]: 1 of 1 START sql table model staging.stg_gmail_data ............................ [RUN]
[0m21:42:58.473321 [debug] [Thread-2 (]: Acquiring new snowflake connection 'model.email_project.stg_gmail_data'
[0m21:42:58.473321 [debug] [Thread-2 (]: Began compiling node model.email_project.stg_gmail_data
[0m21:42:58.480931 [debug] [Thread-2 (]: Writing injected SQL for node "model.email_project.stg_gmail_data"
[0m21:42:58.482929 [debug] [Thread-2 (]: Began executing node model.email_project.stg_gmail_data
[0m21:42:58.516584 [debug] [Thread-2 (]: Writing runtime sql for node "model.email_project.stg_gmail_data"
[0m21:42:58.519576 [debug] [Thread-2 (]: Using snowflake connection "model.email_project.stg_gmail_data"
[0m21:42:58.520574 [debug] [Thread-2 (]: On model.email_project.stg_gmail_data: create or replace transient table email_db.staging.stg_gmail_data
    
    
    
    as (
with msg_rank as(
    SELECT 
        MESSAGE_ID,
        LOWER(SENDER_EMAIL) AS sender_email,
        SENDER_DISPLAY_NAME AS SENDER_NAME,
        SENDER_DOMAIN,
        SENDER_DOMAIN_TYPE,
        CASE
            WHEN CC IS NULL THEN 'None'
            ELSE CC
        END AS CC,
        RECIPIENT_COUNT,    
        SUBJECT,    
        FOLDER,
        SPLIT(ALL_LABELS, ', INBOX')[0] AS ALL_LABELS,    
        SIZE_BYTES,
        ATTACHMENT_COUNT,
        HAS_ATTACHMENTS,  
        IS_READ,
        IS_STARRED,
        IS_REPLIED,   
        TO_TIMESTAMP(TIMESTAMP, 'DD/MM/YYYY HH24:MI') AS TIMESTAMP,           
        THREAD_PARTICIPANT_COUNT,
        RANK () OVER (PARTITION BY MESSAGE_ID ORDER BY TIMESTAMP desc) AS rnk
    from email_db.raw.gmail_data
)
SELECT         
        ROW_NUMBER() OVER (ORDER BY TIMESTAMP DESC) AS SL,
        SENDER_NAME,
        sender_email,
        SENDER_DOMAIN,
        SENDER_DOMAIN_TYPE,
        CC,
        RECIPIENT_COUNT,    
        SUBJECT,    
        FOLDER,
        ALL_LABELS,    
        SIZE_BYTES,
        ATTACHMENT_COUNT,
        HAS_ATTACHMENTS,  
        IS_READ,
        IS_STARRED,
        IS_REPLIED, 
        SPLIT(TIMESTAMP, ' ')[0] ::DATE AS RECEIVE_DATE,
        SPLIT(TIMESTAMP, ' ')[1]::TIME AS RECEIVE_TIME,
        EXTRACT(dow from RECEIVE_DATE) AS DAY_OF_WEEK,           
        THREAD_PARTICIPANT_COUNT, 
    FROM msg_rank WHERE rnk = 1
    )

/* {"app": "dbt", "dbt_version": "1.11.11", "profile_name": "email_project", "target_name": "dev", "node_id": "model.email_project.stg_gmail_data"} */;
[0m21:42:58.520574 [debug] [Thread-2 (]: Opening a new connection, currently in state init
[0m21:43:00.850620 [debug] [Thread-2 (]: Snowflake adapter: Snowflake query id: 01c69ad7-0003-ae9f-0003-502e00021d86
[0m21:43:00.851424 [debug] [Thread-2 (]: Snowflake adapter: Snowflake error: 100096 (22007): Can't parse '2026-06-20 21:00:31' as timestamp with format 'DD/MM/YYYY HH24:MI'
[0m21:43:00.867537 [debug] [Thread-2 (]: Database Error in model stg_gmail_data (models\staging\stg_gmail_data.sql)
  100096 (22007): Can't parse '2026-06-20 21:00:31' as timestamp with format 'DD/MM/YYYY HH24:MI'
  compiled code at target\run\email_project\models\staging\stg_gmail_data.sql
[0m21:43:00.869544 [debug] [Thread-2 (]: Sending event: {'category': 'dbt', 'action': 'run_model', 'label': 'eba45f0d-da04-486c-8a16-735c98949f0b', 'context': [<snowplow_tracker.self_describing_json.SelfDescribingJson object at 0x0000022736E29CD0>]}
[0m21:43:00.870544 [error] [Thread-2 (]: 1 of 1 ERROR creating sql table model staging.stg_gmail_data ................... [[31mERROR[0m in 2.40s]
[0m21:43:00.871544 [debug] [Thread-2 (]: Finished running node model.email_project.stg_gmail_data
[0m21:43:00.872544 [debug] [Thread-5 (]: Marking all children of 'model.email_project.stg_gmail_data' to be skipped because of status 'error'.  Reason: Database Error in model stg_gmail_data (models\staging\stg_gmail_data.sql)
  100096 (22007): Can't parse '2026-06-20 21:00:31' as timestamp with format 'DD/MM/YYYY HH24:MI'
  compiled code at target\run\email_project\models\staging\stg_gmail_data.sql.
[0m21:43:00.874544 [debug] [MainThread]: Connection 'master' was properly closed.
[0m21:43:00.874544 [debug] [MainThread]: Connection 'list_email_db' was left open.
[0m21:43:00.875558 [debug] [MainThread]: On list_email_db: Close
[0m21:43:01.064497 [debug] [MainThread]: Connection 'list_email_db_staging' was left open.
[0m21:43:01.064497 [debug] [MainThread]: On list_email_db_staging: Close
[0m21:43:01.319073 [debug] [MainThread]: Connection 'model.email_project.stg_gmail_data' was left open.
[0m21:43:01.320072 [debug] [MainThread]: On model.email_project.stg_gmail_data: Close
[0m21:43:01.589006 [info ] [MainThread]: 
[0m21:43:01.590025 [info ] [MainThread]: Finished running 1 table model in 0 hours 0 minutes and 9.59 seconds (9.59s).
[0m21:43:01.591023 [debug] [MainThread]: Command end result
[0m21:43:01.639724 [debug] [MainThread]: Wrote artifact WritableManifest to F:\Projects\Data Engg Project\Data Engg Project on Emails - OC\new attempt\email_project\target\manifest.json
[0m21:43:01.642730 [debug] [MainThread]: Wrote artifact SemanticManifest to F:\Projects\Data Engg Project\Data Engg Project on Emails - OC\new attempt\email_project\target\semantic_manifest.json
[0m21:43:01.649160 [debug] [MainThread]: Wrote artifact RunExecutionResult to F:\Projects\Data Engg Project\Data Engg Project on Emails - OC\new attempt\email_project\target\run_results.json
[0m21:43:01.649160 [info ] [MainThread]: 
[0m21:43:01.650163 [info ] [MainThread]: [31mCompleted with 1 error, 0 partial successes, and 0 warnings:[0m
[0m21:43:01.651168 [info ] [MainThread]: 
[0m21:43:01.653015 [error] [MainThread]: [31mFailure in model stg_gmail_data (models\staging\stg_gmail_data.sql)[0m
[0m21:43:01.654023 [error] [MainThread]:   Database Error in model stg_gmail_data (models\staging\stg_gmail_data.sql)
  100096 (22007): Can't parse '2026-06-20 21:00:31' as timestamp with format 'DD/MM/YYYY HH24:MI'
  compiled code at target\run\email_project\models\staging\stg_gmail_data.sql
[0m21:43:01.655611 [info ] [MainThread]: 
[0m21:43:01.655611 [info ] [MainThread]:   compiled code at target\compiled\email_project\models\staging\stg_gmail_data.sql
[0m21:43:01.656623 [info ] [MainThread]: 
[0m21:43:01.657704 [info ] [MainThread]: Done. PASS=0 WARN=0 ERROR=1 SKIP=0 NO-OP=0 TOTAL=1
[0m21:43:01.658719 [debug] [MainThread]: Command `dbt run` failed at 21:43:01.658719 after 13.86 seconds
[0m21:43:01.658719 [debug] [MainThread]: Sending event: {'category': 'dbt', 'action': 'invocation', 'label': 'end', 'context': [<snowplow_tracker.self_describing_json.SelfDescribingJson object at 0x0000022734087740>, <snowplow_tracker.self_describing_json.SelfDescribingJson object at 0x00000227365B25A0>, <snowplow_tracker.self_describing_json.SelfDescribingJson object at 0x0000022732BBB4D0>]}
[0m21:43:01.658719 [debug] [MainThread]: Flushing usage events
[0m21:43:04.215524 [debug] [MainThread]: An error was encountered while trying to flush usage events
[0m21:44:13.297046 [debug] [MainThread]: Sending event: {'category': 'dbt', 'action': 'invocation', 'label': 'start', 'context': [<snowplow_tracker.self_describing_json.SelfDescribingJson object at 0x0000020902D454F0>, <snowplow_tracker.self_describing_json.SelfDescribingJson object at 0x0000020900177380>, <snowplow_tracker.self_describing_json.SelfDescribingJson object at 0x000002097FF74FB0>]}


============================== 21:44:13.302050 | a601fa78-e490-43cf-a611-e3c16c355ecb ==============================
[0m21:44:13.302050 [info ] [MainThread]: Running with dbt=1.11.11
[0m21:44:13.303048 [debug] [MainThread]: running dbt with arguments {'static_parser': 'True', 'no_print': 'None', 'version_check': 'True', 'warn_error_options': 'WarnErrorOptionsV2(error=[], warn=[], silence=[])', 'target_path': 'None', 'printer_width': '80', 'write_json': 'True', 'empty': 'False', 'log_cache_events': 'False', 'introspect': 'True', 'cache_selected_only': 'False', 'fail_fast': 'False', 'debug': 'False', 'log_format': 'default', 'profiles_dir': 'C:\\Users\\61452\\.dbt', 'send_anonymous_usage_stats': 'True', 'quiet': 'False', 'warn_error': 'None', 'partial_parse': 'True', 'use_colors': 'True', 'indirect_selection': 'eager', 'invocation_command': 'dbt run', 'use_experimental_parser': 'False', 'log_path': 'F:\\Projects\\Data Engg Project\\Data Engg Project on Emails - OC\\new attempt\\email_project\\logs'}
[0m21:44:13.916328 [debug] [MainThread]: Snowflake adapter: Setting snowflake.connector to ERROR (file logging only)
[0m21:44:13.916328 [debug] [MainThread]: Snowflake adapter: Setting botocore to ERROR (file logging only)
[0m21:44:13.917322 [debug] [MainThread]: Snowflake adapter: Setting boto3 to ERROR (file logging only)
[0m21:44:14.112824 [debug] [MainThread]: Sending event: {'category': 'dbt', 'action': 'project_id', 'label': 'a601fa78-e490-43cf-a611-e3c16c355ecb', 'context': [<snowplow_tracker.self_describing_json.SelfDescribingJson object at 0x0000020900B18080>]}
[0m21:44:14.175270 [debug] [MainThread]: Sending event: {'category': 'dbt', 'action': 'adapter_info', 'label': 'a601fa78-e490-43cf-a611-e3c16c355ecb', 'context': [<snowplow_tracker.self_describing_json.SelfDescribingJson object at 0x0000020905FFB230>]}
[0m21:44:14.176289 [info ] [MainThread]: Registered adapter: snowflake=1.11.6
[0m21:44:14.502970 [debug] [MainThread]: checksum: 30a8cc8fdcbf66701b0944d4ccce3fa46dd04b61e5df68b9f16d57b2e0e3f0be, vars: {}, profile: , target: , version: 1.11.11
[0m21:44:14.635810 [debug] [MainThread]: Partial parsing enabled: 0 files deleted, 0 files added, 1 files changed.
[0m21:44:14.636815 [debug] [MainThread]: Partial parsing: updated file: email_project://models\staging\stg_gmail_data.sql
[0m21:44:14.892807 [debug] [MainThread]: Sending event: {'category': 'dbt', 'action': 'load_project', 'label': 'a601fa78-e490-43cf-a611-e3c16c355ecb', 'context': [<snowplow_tracker.self_describing_json.SelfDescribingJson object at 0x0000020906B95460>]}
[0m21:44:14.971317 [debug] [MainThread]: Wrote artifact WritableManifest to F:\Projects\Data Engg Project\Data Engg Project on Emails - OC\new attempt\email_project\target\manifest.json
[0m21:44:14.974833 [debug] [MainThread]: Wrote artifact SemanticManifest to F:\Projects\Data Engg Project\Data Engg Project on Emails - OC\new attempt\email_project\target\semantic_manifest.json
[0m21:44:14.988400 [debug] [MainThread]: Sending event: {'category': 'dbt', 'action': 'resource_counts', 'label': 'a601fa78-e490-43cf-a611-e3c16c355ecb', 'context': [<snowplow_tracker.self_describing_json.SelfDescribingJson object at 0x0000020906B96E10>]}
[0m21:44:14.989385 [info ] [MainThread]: Found 1 model, 1 source, 538 macros
[0m21:44:14.990385 [debug] [MainThread]: Sending event: {'category': 'dbt', 'action': 'runnable_timing', 'label': 'a601fa78-e490-43cf-a611-e3c16c355ecb', 'context': [<snowplow_tracker.self_describing_json.SelfDescribingJson object at 0x0000020906B92450>]}
[0m21:44:14.992386 [info ] [MainThread]: 
[0m21:44:14.993409 [info ] [MainThread]: Concurrency: 1 threads (target='dev')
[0m21:44:14.994378 [info ] [MainThread]: 
[0m21:44:14.995629 [debug] [MainThread]: Acquiring new snowflake connection 'master'
[0m21:44:14.997647 [debug] [ThreadPool]: Acquiring new snowflake connection 'list_email_db'
[0m21:44:15.070582 [debug] [ThreadPool]: Using snowflake connection "list_email_db"
[0m21:44:15.071603 [debug] [ThreadPool]: On list_email_db: show terse schemas in database email_db
    limit 10000
/* {"app": "dbt", "dbt_version": "1.11.11", "profile_name": "email_project", "target_name": "dev", "connection_name": "list_email_db"} */
[0m21:44:15.071603 [debug] [ThreadPool]: Opening a new connection, currently in state init
[0m21:44:16.804478 [debug] [ThreadPool]: SQL status: SUCCESS 4 in 1.733 seconds
[0m21:44:16.808501 [debug] [ThreadPool]: Acquiring new snowflake connection 'list_email_db_staging'
[0m21:44:16.821076 [debug] [ThreadPool]: Using snowflake connection "list_email_db_staging"
[0m21:44:16.822077 [debug] [ThreadPool]: On list_email_db_staging: show objects in email_db.staging
    limit 10000
    

/* {"app": "dbt", "dbt_version": "1.11.11", "profile_name": "email_project", "target_name": "dev", "connection_name": "list_email_db_staging"} */;
[0m21:44:16.822077 [debug] [ThreadPool]: Opening a new connection, currently in state init
[0m21:44:17.581521 [debug] [ThreadPool]: SQL status: SUCCESS 1 in 0.760 seconds
[0m21:44:17.584512 [debug] [MainThread]: Sending event: {'category': 'dbt', 'action': 'runnable_timing', 'label': 'a601fa78-e490-43cf-a611-e3c16c355ecb', 'context': [<snowplow_tracker.self_describing_json.SelfDescribingJson object at 0x00000209067A9700>]}
[0m21:44:17.593604 [debug] [Thread-2 (]: Began running node model.email_project.stg_gmail_data
[0m21:44:17.595129 [info ] [Thread-2 (]: 1 of 1 START sql table model staging.stg_gmail_data ............................ [RUN]
[0m21:44:17.596157 [debug] [Thread-2 (]: Acquiring new snowflake connection 'model.email_project.stg_gmail_data'
[0m21:44:17.597175 [debug] [Thread-2 (]: Began compiling node model.email_project.stg_gmail_data
[0m21:44:17.604694 [debug] [Thread-2 (]: Writing injected SQL for node "model.email_project.stg_gmail_data"
[0m21:44:17.605738 [debug] [Thread-2 (]: Began executing node model.email_project.stg_gmail_data
[0m21:44:17.640193 [debug] [Thread-2 (]: Writing runtime sql for node "model.email_project.stg_gmail_data"
[0m21:44:17.643163 [debug] [Thread-2 (]: Using snowflake connection "model.email_project.stg_gmail_data"
[0m21:44:17.643163 [debug] [Thread-2 (]: On model.email_project.stg_gmail_data: create or replace transient table email_db.staging.stg_gmail_data
    
    
    
    as (
with msg_rank as(
    SELECT 
        MESSAGE_ID,
        LOWER(SENDER_EMAIL) AS sender_email,
        SENDER_DISPLAY_NAME AS SENDER_NAME,
        SENDER_DOMAIN,
        SENDER_DOMAIN_TYPE,
        CASE
            WHEN CC IS NULL THEN 'None'
            ELSE CC
        END AS CC,
        RECIPIENT_COUNT,    
        SUBJECT,    
        FOLDER,
        SPLIT(ALL_LABELS, ', INBOX')[0] AS ALL_LABELS,    
        SIZE_BYTES,
        ATTACHMENT_COUNT,
        HAS_ATTACHMENTS,  
        IS_READ,
        IS_STARRED,
        IS_REPLIED,   
        TO_TIMESTAMP(THREAD_FIRST_MESSAGE_AT, 'DD/MM/YYYY HH24:MI') AS THREAD_FIRST_MESSAGE_AT,           
        THREAD_PARTICIPANT_COUNT,
        RANK () OVER (PARTITION BY MESSAGE_ID ORDER BY THREAD_FIRST_MESSAGE_AT desc) AS rnk
    from email_db.raw.gmail_data
)
SELECT         
        ROW_NUMBER() OVER (ORDER BY THREAD_FIRST_MESSAGE_AT DESC) AS SL,
        SENDER_NAME,
        sender_email,
        SENDER_DOMAIN,
        SENDER_DOMAIN_TYPE,
        CC,
        RECIPIENT_COUNT,    
        SUBJECT,    
        FOLDER,
        ALL_LABELS,    
        SIZE_BYTES,
        ATTACHMENT_COUNT,
        HAS_ATTACHMENTS,  
        IS_READ,
        IS_STARRED,
        IS_REPLIED, 
        SPLIT(THREAD_FIRST_MESSAGE_AT, ' ')[0] ::DATE AS RECEIVE_DATE,
        SPLIT(THREAD_FIRST_MESSAGE_AT, ' ')[1]::TIME AS RECEIVE_TIME,
        EXTRACT(dow from RECEIVE_DATE) AS DAY_OF_WEEK,           
        THREAD_PARTICIPANT_COUNT, 
    FROM msg_rank WHERE rnk = 1
    )

/* {"app": "dbt", "dbt_version": "1.11.11", "profile_name": "email_project", "target_name": "dev", "node_id": "model.email_project.stg_gmail_data"} */;
[0m21:44:17.644691 [debug] [Thread-2 (]: Opening a new connection, currently in state init
[0m21:44:19.060653 [debug] [Thread-2 (]: Snowflake adapter: Snowflake query id: 01c69ad8-0003-ae9f-0003-502e00021da2
[0m21:44:19.061558 [debug] [Thread-2 (]: Snowflake adapter: Snowflake error: 100096 (22007): Can't parse '2025-06-10 03:30' as timestamp with format 'DD/MM/YYYY HH24:MI'
[0m21:44:19.064558 [debug] [Thread-2 (]: Database Error in model stg_gmail_data (models\staging\stg_gmail_data.sql)
  100096 (22007): Can't parse '2025-06-10 03:30' as timestamp with format 'DD/MM/YYYY HH24:MI'
  compiled code at target\run\email_project\models\staging\stg_gmail_data.sql
[0m21:44:19.067103 [debug] [Thread-2 (]: Sending event: {'category': 'dbt', 'action': 'run_model', 'label': 'a601fa78-e490-43cf-a611-e3c16c355ecb', 'context': [<snowplow_tracker.self_describing_json.SelfDescribingJson object at 0x0000020903108B60>]}
[0m21:44:19.067103 [error] [Thread-2 (]: 1 of 1 ERROR creating sql table model staging.stg_gmail_data ................... [[31mERROR[0m in 1.47s]
[0m21:44:19.069100 [debug] [Thread-2 (]: Finished running node model.email_project.stg_gmail_data
[0m21:44:19.070104 [debug] [Thread-5 (]: Marking all children of 'model.email_project.stg_gmail_data' to be skipped because of status 'error'.  Reason: Database Error in model stg_gmail_data (models\staging\stg_gmail_data.sql)
  100096 (22007): Can't parse '2025-06-10 03:30' as timestamp with format 'DD/MM/YYYY HH24:MI'
  compiled code at target\run\email_project\models\staging\stg_gmail_data.sql.
[0m21:44:19.072105 [debug] [MainThread]: Connection 'master' was properly closed.
[0m21:44:19.072105 [debug] [MainThread]: Connection 'list_email_db' was left open.
[0m21:44:19.072105 [debug] [MainThread]: On list_email_db: Close
[0m21:44:19.298283 [debug] [MainThread]: Connection 'list_email_db_staging' was left open.
[0m21:44:19.299323 [debug] [MainThread]: On list_email_db_staging: Close
[0m21:44:19.511169 [debug] [MainThread]: Connection 'model.email_project.stg_gmail_data' was left open.
[0m21:44:19.512103 [debug] [MainThread]: On model.email_project.stg_gmail_data: Close
[0m21:44:19.668959 [info ] [MainThread]: 
[0m21:44:19.668959 [info ] [MainThread]: Finished running 1 table model in 0 hours 0 minutes and 4.67 seconds (4.67s).
[0m21:44:19.670950 [debug] [MainThread]: Command end result
[0m21:44:19.702290 [debug] [MainThread]: Wrote artifact WritableManifest to F:\Projects\Data Engg Project\Data Engg Project on Emails - OC\new attempt\email_project\target\manifest.json
[0m21:44:19.704779 [debug] [MainThread]: Wrote artifact SemanticManifest to F:\Projects\Data Engg Project\Data Engg Project on Emails - OC\new attempt\email_project\target\semantic_manifest.json
[0m21:44:19.710819 [debug] [MainThread]: Wrote artifact RunExecutionResult to F:\Projects\Data Engg Project\Data Engg Project on Emails - OC\new attempt\email_project\target\run_results.json
[0m21:44:19.711803 [info ] [MainThread]: 
[0m21:44:19.712790 [info ] [MainThread]: [31mCompleted with 1 error, 0 partial successes, and 0 warnings:[0m
[0m21:44:19.713802 [info ] [MainThread]: 
[0m21:44:19.714792 [error] [MainThread]: [31mFailure in model stg_gmail_data (models\staging\stg_gmail_data.sql)[0m
[0m21:44:19.715856 [error] [MainThread]:   Database Error in model stg_gmail_data (models\staging\stg_gmail_data.sql)
  100096 (22007): Can't parse '2025-06-10 03:30' as timestamp with format 'DD/MM/YYYY HH24:MI'
  compiled code at target\run\email_project\models\staging\stg_gmail_data.sql
[0m21:44:19.716854 [info ] [MainThread]: 
[0m21:44:19.717855 [info ] [MainThread]:   compiled code at target\compiled\email_project\models\staging\stg_gmail_data.sql
[0m21:44:19.718840 [info ] [MainThread]: 
[0m21:44:19.719854 [info ] [MainThread]: Done. PASS=0 WARN=0 ERROR=1 SKIP=0 NO-OP=0 TOTAL=1
[0m21:44:19.721854 [debug] [MainThread]: Command `dbt run` failed at 21:44:19.721854 after 6.63 seconds
[0m21:44:19.721854 [debug] [MainThread]: Sending event: {'category': 'dbt', 'action': 'invocation', 'label': 'end', 'context': [<snowplow_tracker.self_describing_json.SelfDescribingJson object at 0x000002090319A9F0>, <snowplow_tracker.self_describing_json.SelfDescribingJson object at 0x000002090377F7D0>, <snowplow_tracker.self_describing_json.SelfDescribingJson object at 0x000002090377E7B0>]}
[0m21:44:19.722857 [debug] [MainThread]: Flushing usage events
[0m21:44:20.932017 [debug] [MainThread]: An error was encountered while trying to flush usage events
[0m21:45:19.740134 [debug] [MainThread]: Sending event: {'category': 'dbt', 'action': 'invocation', 'label': 'start', 'context': [<snowplow_tracker.self_describing_json.SelfDescribingJson object at 0x0000017219AFB350>, <snowplow_tracker.self_describing_json.SelfDescribingJson object at 0x000001721C530E60>, <snowplow_tracker.self_describing_json.SelfDescribingJson object at 0x000001721CABA840>]}


============================== 21:45:19.745691 | ea46fd6c-ca01-4e98-97cb-45a0d3cd4c25 ==============================
[0m21:45:19.745691 [info ] [MainThread]: Running with dbt=1.11.11
[0m21:45:19.746644 [debug] [MainThread]: running dbt with arguments {'version_check': 'True', 'no_print': 'None', 'static_parser': 'True', 'warn_error_options': 'WarnErrorOptionsV2(error=[], warn=[], silence=[])', 'target_path': 'None', 'printer_width': '80', 'write_json': 'True', 'introspect': 'True', 'log_cache_events': 'False', 'empty': 'False', 'cache_selected_only': 'False', 'fail_fast': 'False', 'debug': 'False', 'log_format': 'default', 'partial_parse': 'True', 'send_anonymous_usage_stats': 'True', 'quiet': 'False', 'warn_error': 'None', 'profiles_dir': 'C:\\Users\\61452\\.dbt', 'use_colors': 'True', 'indirect_selection': 'eager', 'invocation_command': 'dbt run', 'use_experimental_parser': 'False', 'log_path': 'F:\\Projects\\Data Engg Project\\Data Engg Project on Emails - OC\\new attempt\\email_project\\logs'}
[0m21:45:20.366117 [debug] [MainThread]: Snowflake adapter: Setting snowflake.connector to ERROR (file logging only)
[0m21:45:20.367115 [debug] [MainThread]: Snowflake adapter: Setting botocore to ERROR (file logging only)
[0m21:45:20.367115 [debug] [MainThread]: Snowflake adapter: Setting boto3 to ERROR (file logging only)
[0m21:45:20.594798 [debug] [MainThread]: Sending event: {'category': 'dbt', 'action': 'project_id', 'label': 'ea46fd6c-ca01-4e98-97cb-45a0d3cd4c25', 'context': [<snowplow_tracker.self_describing_json.SelfDescribingJson object at 0x000001721FD14BF0>]}
[0m21:45:20.664087 [debug] [MainThread]: Sending event: {'category': 'dbt', 'action': 'adapter_info', 'label': 'ea46fd6c-ca01-4e98-97cb-45a0d3cd4c25', 'context': [<snowplow_tracker.self_describing_json.SelfDescribingJson object at 0x000001721F37C800>]}
[0m21:45:20.666094 [info ] [MainThread]: Registered adapter: snowflake=1.11.6
[0m21:45:20.995747 [debug] [MainThread]: checksum: 30a8cc8fdcbf66701b0944d4ccce3fa46dd04b61e5df68b9f16d57b2e0e3f0be, vars: {}, profile: , target: , version: 1.11.11
[0m21:45:21.136697 [debug] [MainThread]: Partial parsing enabled: 0 files deleted, 0 files added, 1 files changed.
[0m21:45:21.137695 [debug] [MainThread]: Partial parsing: updated file: email_project://models\staging\stg_gmail_data.sql
[0m21:45:21.430174 [debug] [MainThread]: Sending event: {'category': 'dbt', 'action': 'load_project', 'label': 'ea46fd6c-ca01-4e98-97cb-45a0d3cd4c25', 'context': [<snowplow_tracker.self_describing_json.SelfDescribingJson object at 0x00000172202F07A0>]}
[0m21:45:21.511968 [debug] [MainThread]: Wrote artifact WritableManifest to F:\Projects\Data Engg Project\Data Engg Project on Emails - OC\new attempt\email_project\target\manifest.json
[0m21:45:21.515550 [debug] [MainThread]: Wrote artifact SemanticManifest to F:\Projects\Data Engg Project\Data Engg Project on Emails - OC\new attempt\email_project\target\semantic_manifest.json
[0m21:45:21.530891 [debug] [MainThread]: Sending event: {'category': 'dbt', 'action': 'resource_counts', 'label': 'ea46fd6c-ca01-4e98-97cb-45a0d3cd4c25', 'context': [<snowplow_tracker.self_describing_json.SelfDescribingJson object at 0x0000017220496D80>]}
[0m21:45:21.530891 [info ] [MainThread]: Found 1 model, 1 source, 538 macros
[0m21:45:21.531889 [debug] [MainThread]: Sending event: {'category': 'dbt', 'action': 'runnable_timing', 'label': 'ea46fd6c-ca01-4e98-97cb-45a0d3cd4c25', 'context': [<snowplow_tracker.self_describing_json.SelfDescribingJson object at 0x0000017220490B90>]}
[0m21:45:21.534390 [info ] [MainThread]: 
[0m21:45:21.535399 [info ] [MainThread]: Concurrency: 1 threads (target='dev')
[0m21:45:21.536398 [info ] [MainThread]: 
[0m21:45:21.537401 [debug] [MainThread]: Acquiring new snowflake connection 'master'
[0m21:45:21.538404 [debug] [ThreadPool]: Acquiring new snowflake connection 'list_email_db'
[0m21:45:21.612009 [debug] [ThreadPool]: Using snowflake connection "list_email_db"
[0m21:45:21.613564 [debug] [ThreadPool]: On list_email_db: show terse schemas in database email_db
    limit 10000
/* {"app": "dbt", "dbt_version": "1.11.11", "profile_name": "email_project", "target_name": "dev", "connection_name": "list_email_db"} */
[0m21:45:21.613564 [debug] [ThreadPool]: Opening a new connection, currently in state init
[0m21:45:23.086987 [debug] [ThreadPool]: SQL status: SUCCESS 4 in 1.474 seconds
[0m21:45:23.091021 [debug] [ThreadPool]: Acquiring new snowflake connection 'list_email_db_staging'
[0m21:45:23.106611 [debug] [ThreadPool]: Using snowflake connection "list_email_db_staging"
[0m21:45:23.106611 [debug] [ThreadPool]: On list_email_db_staging: show objects in email_db.staging
    limit 10000
    

/* {"app": "dbt", "dbt_version": "1.11.11", "profile_name": "email_project", "target_name": "dev", "connection_name": "list_email_db_staging"} */;
[0m21:45:23.107618 [debug] [ThreadPool]: Opening a new connection, currently in state init
[0m21:45:24.312659 [debug] [ThreadPool]: SQL status: SUCCESS 1 in 1.205 seconds
[0m21:45:24.315212 [debug] [MainThread]: Sending event: {'category': 'dbt', 'action': 'runnable_timing', 'label': 'ea46fd6c-ca01-4e98-97cb-45a0d3cd4c25', 'context': [<snowplow_tracker.self_describing_json.SelfDescribingJson object at 0x00000172204D3FB0>]}
[0m21:45:24.321207 [debug] [Thread-2 (]: Began running node model.email_project.stg_gmail_data
[0m21:45:24.321207 [info ] [Thread-2 (]: 1 of 1 START sql table model staging.stg_gmail_data ............................ [RUN]
[0m21:45:24.322189 [debug] [Thread-2 (]: Acquiring new snowflake connection 'model.email_project.stg_gmail_data'
[0m21:45:24.323741 [debug] [Thread-2 (]: Began compiling node model.email_project.stg_gmail_data
[0m21:45:24.330798 [debug] [Thread-2 (]: Writing injected SQL for node "model.email_project.stg_gmail_data"
[0m21:45:24.331841 [debug] [Thread-2 (]: Began executing node model.email_project.stg_gmail_data
[0m21:45:24.365965 [debug] [Thread-2 (]: Writing runtime sql for node "model.email_project.stg_gmail_data"
[0m21:45:24.367946 [debug] [Thread-2 (]: Using snowflake connection "model.email_project.stg_gmail_data"
[0m21:45:24.368946 [debug] [Thread-2 (]: On model.email_project.stg_gmail_data: create or replace transient table email_db.staging.stg_gmail_data
    
    
    
    as (
with msg_rank as(
    SELECT 
        MESSAGE_ID,
        LOWER(SENDER_EMAIL) AS sender_email,
        SENDER_DISPLAY_NAME AS SENDER_NAME,
        SENDER_DOMAIN,
        SENDER_DOMAIN_TYPE,
        CASE
            WHEN CC IS NULL THEN 'None'
            ELSE CC
        END AS CC,
        RECIPIENT_COUNT,    
        SUBJECT,    
        FOLDER,
        SPLIT(ALL_LABELS, ', INBOX')[0] AS ALL_LABELS,    
        SIZE_BYTES,
        ATTACHMENT_COUNT,
        HAS_ATTACHMENTS,  
        IS_READ,
        IS_STARRED,
        IS_REPLIED,   
        --TO_TIMESTAMP(
            THREAD_FIRST_MESSAGE_AT, --'DD/MM/YYYY HH24:MI') AS THREAD_FIRST_MESSAGE_AT,           
        THREAD_PARTICIPANT_COUNT,
        RANK () OVER (PARTITION BY MESSAGE_ID ORDER BY THREAD_FIRST_MESSAGE_AT desc) AS rnk
    from email_db.raw.gmail_data
)
SELECT         
        ROW_NUMBER() OVER (ORDER BY THREAD_FIRST_MESSAGE_AT DESC) AS SL,
        SENDER_NAME,
        sender_email,
        SENDER_DOMAIN,
        SENDER_DOMAIN_TYPE,
        CC,
        RECIPIENT_COUNT,    
        SUBJECT,    
        FOLDER,
        ALL_LABELS,    
        SIZE_BYTES,
        ATTACHMENT_COUNT,
        HAS_ATTACHMENTS,  
        IS_READ,
        IS_STARRED,
        IS_REPLIED, 
        SPLIT(THREAD_FIRST_MESSAGE_AT, ' ')[0] ::DATE AS RECEIVE_DATE,
        SPLIT(THREAD_FIRST_MESSAGE_AT, ' ')[1]::TIME AS RECEIVE_TIME,
        EXTRACT(dow from RECEIVE_DATE) AS DAY_OF_WEEK,           
        THREAD_PARTICIPANT_COUNT, 
    FROM msg_rank WHERE rnk = 1
    )

/* {"app": "dbt", "dbt_version": "1.11.11", "profile_name": "email_project", "target_name": "dev", "node_id": "model.email_project.stg_gmail_data"} */;
[0m21:45:24.369946 [debug] [Thread-2 (]: Opening a new connection, currently in state init
[0m21:45:26.472338 [debug] [Thread-2 (]: SQL status: SUCCESS 6716 in 2.102 seconds
[0m21:45:26.501156 [debug] [Thread-2 (]: Sending event: {'category': 'dbt', 'action': 'run_model', 'label': 'ea46fd6c-ca01-4e98-97cb-45a0d3cd4c25', 'context': [<snowplow_tracker.self_describing_json.SelfDescribingJson object at 0x000001721E99E090>]}
[0m21:45:26.502171 [info ] [Thread-2 (]: 1 of 1 OK created sql table model staging.stg_gmail_data ....................... [[32mSUCCESS 6716[0m in 2.18s]
[0m21:45:26.502171 [debug] [Thread-2 (]: Finished running node model.email_project.stg_gmail_data
[0m21:45:26.505313 [debug] [MainThread]: Connection 'master' was properly closed.
[0m21:45:26.505832 [debug] [MainThread]: Connection 'list_email_db' was left open.
[0m21:45:26.505832 [debug] [MainThread]: On list_email_db: Close
[0m21:45:26.692753 [debug] [MainThread]: Connection 'list_email_db_staging' was left open.
[0m21:45:26.692753 [debug] [MainThread]: On list_email_db_staging: Close
[0m21:45:26.918688 [debug] [MainThread]: Connection 'model.email_project.stg_gmail_data' was left open.
[0m21:45:26.918688 [debug] [MainThread]: On model.email_project.stg_gmail_data: Close
[0m21:45:27.087772 [info ] [MainThread]: 
[0m21:45:27.088771 [info ] [MainThread]: Finished running 1 table model in 0 hours 0 minutes and 5.55 seconds (5.55s).
[0m21:45:27.089803 [debug] [MainThread]: Command end result
[0m21:45:27.120427 [debug] [MainThread]: Wrote artifact WritableManifest to F:\Projects\Data Engg Project\Data Engg Project on Emails - OC\new attempt\email_project\target\manifest.json
[0m21:45:27.122425 [debug] [MainThread]: Wrote artifact SemanticManifest to F:\Projects\Data Engg Project\Data Engg Project on Emails - OC\new attempt\email_project\target\semantic_manifest.json
[0m21:45:27.131947 [debug] [MainThread]: Wrote artifact RunExecutionResult to F:\Projects\Data Engg Project\Data Engg Project on Emails - OC\new attempt\email_project\target\run_results.json
[0m21:45:27.131947 [info ] [MainThread]: 
[0m21:45:27.141473 [info ] [MainThread]: [32mCompleted successfully[0m
[0m21:45:27.150005 [info ] [MainThread]: 
[0m21:45:27.161529 [info ] [MainThread]: Done. PASS=1 WARN=0 ERROR=0 SKIP=0 NO-OP=0 TOTAL=1
[0m21:45:27.165041 [debug] [MainThread]: Command `dbt run` succeeded at 21:45:27.165041 after 7.61 seconds
[0m21:45:27.166051 [debug] [MainThread]: Sending event: {'category': 'dbt', 'action': 'invocation', 'label': 'end', 'context': [<snowplow_tracker.self_describing_json.SelfDescribingJson object at 0x000001721D259370>, <snowplow_tracker.self_describing_json.SelfDescribingJson object at 0x000001721A72A810>, <snowplow_tracker.self_describing_json.SelfDescribingJson object at 0x000001721A728980>]}
[0m21:45:27.167052 [debug] [MainThread]: Flushing usage events
[0m21:45:28.348583 [debug] [MainThread]: An error was encountered while trying to flush usage events
